commodity,flow,reporter,partner,reporter_name,partner_name,is_world,partner_is_group,partner_is_hub,reporter_is_hub,value_usd,net_kg
2504,M,36,40,Australia,Austria,False,False,False,False,1894.862,35.6
2504,M,36,124,Australia,Canada,False,False,False,False,2376.225,4200.0
2504,M,36,156,Australia,China,False,False,False,False,265731.759,219057.84
2504,M,36,203,Australia,Czechia,False,False,False,False,98211.405,10290.9
2504,M,36,276,Australia,Germany,False,False,False,False,240544.658,49700.0
2504,M,36,380,Australia,Italy,False,False,False,False,8570.467,3000.0
2504,M,36,508,Australia,Mozambique,False,False,False,False,1782.737,1000.0
2504,M,36,842,Australia,USA,False,False,False,False,193104.592,53749.36
2504,M,40,124,Austria,Canada,False,False,False,False,379038.715,408000.0
2504,M,40,156,Austria,China,False,False,False,False,869937.912,660050.0
2504,M,40,203,Austria,Czechia,False,False,False,False,1527.833,377.0
2504,M,40,276,Austria,Germany,False,False,False,False,3139066.613,1510112.0
2504,M,40,380,Austria,Italy,False,False,False,False,14.056,7.0
2504,M,40,410,Austria,Rep. of Korea,False,False,False,False,8.65,9.72
2504,M,40,450,Austria,Madagascar,False,False,False,False,818461.957,988133.0
2504,M,40,508,Austria,Mozambique,False,False,False,False,3366880.179,5528650.0
2504,M,40,579,Austria,Norway,False,False,False,False,118746.001,131464.0
2504,M,40,616,Austria,Poland,False,False,False,False,1124.519,625.0
2504,M,40,699,Austria,India,False,False,False,False,123396.537,504000.0
2504,M,40,710,Austria,South Africa,False,False,False,False,1534.32,1000.0
2504,M,40,752,Austria,Sweden,False,False,False,False,13394.756,212.0
2504,M,40,757,Austria,Switzerland,False,False,False,False,9926.046,250.0
2504,M,40,804,Austria,Ukraine,False,False,False,False,645336.794,892720.0
2504,M,40,826,Austria,United Kingdom,False,False,False,False,59927.151,15012.192
2504,M,40,842,Austria,USA,False,False,False,False,21069.6,10136.0
2504,M,56,40,Belgium,Austria,False,False,False,True,4339.448,4102.85
2504,M,56,76,Belgium,Brazil,False,False,False,True,485771.564,194909.53
2504,M,56,124,Belgium,Canada,False,False,False,True,36754.288,8341.33
2504,M,56,156,Belgium,China,False,False,False,True,102017.246,36884.14
2504,M,56,203,Belgium,Czechia,False,False,False,True,1231.478,88727.39
2504,M,56,251,Belgium,France,False,False,False,True,48688.083,20427.872
2504,M,56,276,Belgium,Germany,False,False,False,True,725023.592,258054.59
2504,M,56,300,Belgium,Greece,False,False,False,True,14854.232,381.39
2504,M,56,380,Belgium,Italy,False,False,False,True,11975.117,1922.071
2504,M,56,392,Belgium,Japan,False,False,False,True,891.183,81.17
2504,M,56,450,Belgium,Madagascar,False,False,False,True,73593.533,94621.6
2504,M,56,508,Belgium,Mozambique,False,False,False,True,47129.164,62208.13
2504,M,56,528,Belgium,Netherlands,False,False,True,True,208568.833,54979.23
2504,M,56,566,Belgium,Nigeria,False,False,False,True,13.465,1.19
2504,M,56,616,Belgium,Poland,False,False,False,True,0.185,0.089
2504,M,56,699,Belgium,India,False,False,False,True,21.272,0.7
2504,M,56,703,Belgium,Slovakia,False,False,False,True,1069.459,3.19
2504,M,56,724,Belgium,Spain,False,False,False,True,6901.414,961.205
2504,M,56,757,Belgium,Switzerland,False,False,False,True,56.62,1.89
2504,M,56,826,Belgium,United Kingdom,False,False,False,True,7165.17,707.86
2504,M,56,842,Belgium,USA,False,False,False,True,82982.697,15288.84
2504,M,76,40,Brazil,Austria,False,False,False,False,1323.0,45.0
2504,M,76,56,Brazil,Belgium,False,False,True,False,10189.0,4000.0
2504,M,76,144,Brazil,Sri Lanka,False,False,False,False,1125.0,200.0
2504,M,76,156,Brazil,China,False,False,False,False,296492.0,126497.0
2504,M,76,203,Brazil,Czechia,False,False,False,False,302.0,33.7
2504,M,76,251,Brazil,France,False,False,False,False,234255.0,24754.0
2504,M,76,276,Brazil,Germany,False,False,False,False,263257.0,77076.0
2504,M,76,392,Brazil,Japan,False,False,False,False,3191.0,300.736
2504,M,76,450,Brazil,Madagascar,False,False,False,False,22105.0,19600.0
2504,M,76,484,Brazil,Mexico,False,False,False,False,18106.0,9072.0
2504,M,76,508,Brazil,Mozambique,False,False,False,False,2036.0,1005.0
2504,M,76,579,Brazil,Norway,False,False,False,False,12956.0,10000.0
2504,M,76,616,Brazil,Poland,False,False,False,False,1836.0,20.0
2504,M,76,643,Brazil,Russian Federation,False,False,False,False,23782.0,15.0
2504,M,76,752,Brazil,Sweden,False,False,False,False,1806.0,480.0
2504,M,76,757,Brazil,Switzerland,False,False,False,False,25873.0,3600.0
2504,M,76,784,Brazil,United Arab Emirates,False,False,True,False,490.0,48.0
2504,M,76,826,Brazil,United Kingdom,False,False,False,False,6237.0,28.009
2504,M,76,842,Brazil,USA,False,False,False,False,40423.0,3243.826
2504,M,124,36,Canada,Australia,False,False,False,False,42595.475,544000.0
2504,M,124,40,Canada,Austria,False,False,False,False,8890.231,154096.658
2504,M,124,76,Canada,Brazil,False,False,False,False,3158.732,1014.587
2504,M,124,124,Canada,Canada,False,False,False,False,1364.537,25831.119
2504,M,124,144,Canada,Sri Lanka,False,False,False,False,495.589,105.691
2504,M,124,156,Canada,China,False,False,False,False,3011746.027,2070062.834
2504,M,124,251,Canada,France,False,False,False,False,1703.078,24000.0
2504,M,124,276,Canada,Germany,False,False,False,False,6910.097,62207.3
2504,M,124,344,Canada,"China, Hong Kong SAR",False,False,True,False,988.215,7000.0
2504,M,124,380,Canada,Italy,False,False,False,False,6915.283,1423.026
2504,M,124,392,Canada,Japan,False,False,False,False,1906.055,22003.379
2504,M,124,450,Canada,Madagascar,False,False,False,False,14171.329,20466.788
2504,M,124,484,Canada,Mexico,False,False,False,False,143489.71,209000.0
2504,M,124,490,Canada,"Other Asia, nes",False,False,False,False,7193.079,14017.966
2504,M,124,508,Canada,Mozambique,False,False,False,False,1220.823,1000.0
2504,M,124,528,Canada,Netherlands,False,False,True,False,191.124,3763.475
2504,M,124,554,Canada,New Zealand,False,False,False,False,66.671,14.218
2504,M,124,566,Canada,Nigeria,False,False,False,False,25.187,495.962
2504,M,124,699,Canada,India,False,False,False,False,837.094,1000.0
2504,M,124,704,Canada,Viet Nam,False,False,False,False,7810.899,4000.0
2504,M,124,752,Canada,Sweden,False,False,False,False,522.258,3069.197
2504,M,124,757,Canada,Switzerland,False,False,False,False,8240.558,1000.0
2504,M,124,784,Canada,United Arab Emirates,False,False,True,False,327865.89,53820000.0
2504,M,124,826,Canada,United Kingdom,False,False,False,False,2010.506,31040.128
2504,M,124,842,Canada,USA,False,False,False,False,2746443.629,27915671.745
2504,M,124,858,Canada,Uruguay,False,False,False,False,3200.957,400000.0
2504,M,152,76,Chile,Brazil,False,False,False,False,73478.18,50186.5
2504,M,152,156,Chile,China,False,False,False,False,36456.22,9686.93
2504,M,152,246,Chile,Finland,False,False,False,False,38193.77,1800.0
2504,M,152,484,Chile,Mexico,False,False,False,False,1457.22,500.0
2504,M,152,604,Chile,Peru,False,False,False,False,4370.247,2000.0
2504,M,152,699,Chile,India,False,False,False,False,49213.62,1969.461
2504,M,152,724,Chile,Spain,False,False,False,False,1322.33,1.0
2504,M,152,826,Chile,United Kingdom,False,False,False,False,164.84,3.3
2504,M,152,842,Chile,USA,False,False,False,False,18561.09,3438.306
2504,M,156,36,China,Australia,False,False,False,False,14879.0,2147.0
2504,M,156,40,China,Austria,False,False,False,False,4.0,1.0
2504,M,156,56,China,Belgium,False,False,True,False,1068.0,104.0
2504,M,156,76,China,Brazil,False,False,False,False,4307.0,800.0
2504,M,156,124,China,Canada,False,False,False,False,35910.0,13682.0
2504,M,156,144,China,Sri Lanka,False,False,False,False,127718.0,52460.0
2504,M,156,156,China,China,False,False,False,False,739223.0,470939.0
2504,M,156,170,China,Colombia,False,False,False,False,149.0,1.0
2504,M,156,233,China,Estonia,False,False,False,False,1482.0,2259.332
2504,M,156,276,China,Germany,False,False,False,False,949718.0,256901.559
2504,M,156,324,China,Guinea,False,False,False,False,22162.0,800.0
2504,M,156,360,China,Indonesia,False,False,False,False,69.0,3.0
2504,M,156,364,China,Iran,False,False,False,False,30.0,2.0
2504,M,156,380,China,Italy,False,False,False,False,48521.0,89678.046
2504,M,156,392,China,Japan,False,False,False,False,1114385.0,255563.0
2504,M,156,410,China,Rep. of Korea,False,False,False,False,341490.0,102174.395
2504,M,156,450,China,Madagascar,False,False,False,False,16558336.0,24895201.0
2504,M,156,484,China,Mexico,False,False,False,False,11529.0,6349.0
2504,M,156,490,China,"Other Asia, nes",False,False,False,False,81463.0,7123.988
2504,M,156,508,China,Mozambique,False,False,False,False,31814760.0,55154710.0
2504,M,156,528,China,Netherlands,False,False,True,False,14904.0,6370.855
2504,M,156,579,China,Norway,False,False,False,False,392070.0,173000.0
2504,M,156,586,China,Pakistan,False,False,False,False,320.0,29.0
2504,M,156,620,China,Portugal,False,False,False,False,3153.0,55.0
2504,M,156,643,China,Russian Federation,False,False,False,False,5980.0,23000.0
2504,M,156,699,China,India,False,False,False,False,261.0,116.721
2504,M,156,704,China,Viet Nam,False,False,False,False,120942.0,250016.0
2504,M,156,716,China,Zimbabwe,False,False,False,False,10882.0,1086.0
2504,M,156,752,China,Sweden,False,False,False,False,624.0,50.0
2504,M,156,757,China,Switzerland,False,False,False,False,101049.0,17990.0
2504,M,156,792,China,Türkiye,False,False,False,False,45.0,2.0
2504,M,156,800,China,Uganda,False,False,False,False,16000.0,100000.0
2504,M,156,804,China,Ukraine,False,False,False,False,4474.0,550.0
2504,M,156,826,China,United Kingdom,False,False,False,False,708205.0,190140.0
2504,M,156,834,China,United Rep. of Tanzania,False,False,False,False,4752716.0,10934557.0
2504,M,156,842,China,USA,False,False,False,False,685611.0,136364.678
2504,M,203,40,Czechia,Austria,False,False,False,False,4223.0,1710.918
2504,M,203,56,Czechia,Belgium,False,False,True,False,46.0,4.0
2504,M,203,124,Czechia,Canada,False,False,False,False,88050.0,40910.0
2504,M,203,156,Czechia,China,False,False,False,False,2992562.0,2673898.0
2504,M,203,251,Czechia,France,False,False,False,False,42.0,3.0
2504,M,203,276,Czechia,Germany,False,False,False,False,1061202.0,393546.0
2504,M,203,300,Czechia,Greece,False,False,False,False,46.0,4.0
2504,M,203,380,Czechia,Italy,False,False,False,False,74909.0,23165.476
2504,M,203,392,Czechia,Japan,False,False,False,False,4614.0,270.0
2504,M,203,528,Czechia,Netherlands,False,False,True,False,221860.0,60157.0
2504,M,203,568,Czechia,"Other Europe, nes",False,False,False,False,1114.0,84.0
2504,M,203,579,Czechia,Norway,False,False,False,False,404128.0,568016.0
2504,M,203,616,Czechia,Poland,False,False,False,False,80877.0,96000.0
2504,M,203,724,Czechia,Spain,False,False,False,False,121179.0,41175.0
2504,M,203,752,Czechia,Sweden,False,False,False,False,134.0,10.0
2504,M,203,792,Czechia,Türkiye,False,False,False,False,78920.0,113000.0
2504,M,203,804,Czechia,Ukraine,False,False,False,False,221137.0,312316.0
2504,M,203,826,Czechia,United Kingdom,False,False,False,False,148497.0,115730.432
2504,M,203,842,Czechia,USA,False,False,False,False,4625.0,2461.472
2504,M,203,899,Czechia,"Areas, nes",False,False,False,False,13932.0,23670.0
2504,M,208,156,Denmark,China,False,False,False,False,531.808,3.0
2504,M,208,203,Denmark,Czechia,False,False,False,False,54.139,20.0
2504,M,208,251,Denmark,France,False,False,False,False,15.966,1.0
2504,M,208,276,Denmark,Germany,False,False,False,False,655814.783,176942.0
2504,M,208,380,Denmark,Italy,False,False,False,False,2836.552,56.0
2504,M,208,528,Denmark,Netherlands,False,False,True,False,79131.569,180.0
2504,M,208,579,Denmark,Norway,False,False,False,False,317426.025,255723.01
2504,M,208,616,Denmark,Poland,False,False,False,False,69.524,4.0
2504,M,208,724,Denmark,Spain,False,False,False,False,19.014,1.0
2504,M,208,752,Denmark,Sweden,False,False,False,False,4202.358,2030.0
2504,M,208,792,Denmark,Türkiye,False,False,False,False,458.075,1.0
2504,M,208,826,Denmark,United Kingdom,False,False,False,False,305.819,17.0
2504,M,208,842,Denmark,USA,False,False,False,False,522.664,2.0
2504,M,208,899,Denmark,"Areas, nes",False,False,False,False,114.809,1.0
2504,M,246,40,Finland,Austria,False,False,False,False,245.448,9.0
2504,M,246,124,Finland,Canada,False,False,False,False,6212.969,1375.0
2504,M,246,156,Finland,China,False,False,False,False,7221.793,1853.0
2504,M,246,276,Finland,Germany,False,False,False,False,461580.599,48657.0
2504,M,246,344,Finland,"China, Hong Kong SAR",False,False,True,False,208.685,4.0
2504,M,246,528,Finland,Netherlands,False,False,True,False,539637.38,158000.0
2504,M,246,752,Finland,Sweden,False,False,False,False,188215.347,6366.0
2504,M,246,792,Finland,Türkiye,False,False,False,False,1127.763,20.543
2504,M,246,826,Finland,United Kingdom,False,False,False,False,24779.433,4596.476
2504,M,246,842,Finland,USA,False,False,False,False,3135.679,103.795
2504,M,276,36,Germany,Australia,False,False,False,False,4010.143,681.823
2504,M,276,40,Germany,Austria,False,False,False,False,2477804.837,1396230.0
2504,M,276,56,Germany,Belgium,False,False,True,False,201053.38,143640.0
2504,M,276,76,Germany,Brazil,False,False,False,False,9978503.178,4280560.0
2504,M,276,124,Germany,Canada,False,False,False,False,90258.74,49105.0
2504,M,276,144,Germany,Sri Lanka,False,False,False,False,447098.207,285169.401
2504,M,276,156,Germany,China,False,False,False,False,15590460.265,10615645.734
2504,M,276,203,Germany,Czechia,False,False,False,False,1105074.535,949383.0
2504,M,276,246,Germany,Finland,False,False,False,False,60918.626,36129.0
2504,M,276,251,Germany,France,False,False,False,False,490895.769,325475.0
2504,M,276,380,Germany,Italy,False,False,False,False,550536.557,282838.0
2504,M,276,392,Germany,Japan,False,False,False,False,1616424.431,81874.782
2504,M,276,398,Germany,Kazakhstan,False,False,False,False,3555.485,2090.0
2504,M,276,410,Germany,Rep. of Korea,False,False,False,False,3772.456,584.0
2504,M,276,450,Germany,Madagascar,False,False,False,False,6558339.872,8940191.0
2504,M,276,484,Germany,Mexico,False,False,False,False,70209.117,21717.0
2504,M,276,490,Germany,"Other Asia, nes",False,False,False,False,1486.086,939.783
2504,M,276,508,Germany,Mozambique,False,False,False,False,10369761.401,12207508.0
2504,M,276,528,Germany,Netherlands,False,False,True,False,905948.815,586592.0
2504,M,276,579,Germany,Norway,False,False,False,False,3640977.379,3147740.0
2504,M,276,616,Germany,Poland,False,False,False,False,8626.495,1913.0
2504,M,276,699,Germany,India,False,False,False,False,7208.008,3372.897
2504,M,276,705,Germany,Slovenia,False,False,False,False,117779.135,98318.0
2504,M,276,710,Germany,South Africa,False,False,False,False,4463.71,1987.0
2504,M,276,724,Germany,Spain,False,False,False,False,10087.504,3347.0
2504,M,276,757,Germany,Switzerland,False,False,False,False,1427.21,1171.0
2504,M,276,792,Germany,Türkiye,False,False,False,False,126620.421,241616.77
2504,M,276,804,Germany,Ukraine,False,False,False,False,16751.45,20430.0
2504,M,276,826,Germany,United Kingdom,False,False,False,False,126090.532,85935.647
2504,M,276,842,Germany,USA,False,False,False,False,2276237.923,321525.765
2504,M,360,36,Indonesia,Australia,False,False,False,False,21.0,2.0
2504,M,360,40,Indonesia,Austria,False,False,False,False,21548.0,7050.0
2504,M,360,56,Indonesia,Belgium,False,False,True,False,27847.0,119006.0
2504,M,360,144,Indonesia,Sri Lanka,False,False,False,False,2800.0,1000.0
2504,M,360,156,Indonesia,China,False,False,False,False,2089678.0,3383202.0
2504,M,360,276,Indonesia,Germany,False,False,False,False,36461.0,4755.0
2504,M,360,392,Indonesia,Japan,False,False,False,False,899509.0,285632.0
2504,M,360,410,Indonesia,Rep. of Korea,False,False,False,False,11887.0,6653.0
2504,M,360,490,Indonesia,"Other Asia, nes",False,False,False,False,3461.0,1260.0
2504,M,360,528,Indonesia,Netherlands,False,False,True,False,4229.0,1200.0
2504,M,360,699,Indonesia,India,False,False,False,False,49991.0,28845.0
2504,M,360,826,Indonesia,United Kingdom,False,False,False,False,215270.0,9600.0
2504,M,360,842,Indonesia,USA,False,False,False,False,50262.0,5850.0
2504,M,372,40,Ireland,Austria,False,False,False,False,761.213,365.0
2504,M,372,144,Ireland,Sri Lanka,False,False,False,False,9.731,2.0
2504,M,372,156,Ireland,China,False,False,False,False,190.303,91.0
2504,M,372,203,Ireland,Czechia,False,False,False,False,296.268,142.0
2504,M,372,251,Ireland,France,False,False,False,False,69.201,33.0
2504,M,372,276,Ireland,Germany,False,False,False,False,377.363,143.0
2504,M,372,566,Ireland,Nigeria,False,False,False,False,272.48,130.0
2504,M,372,704,Ireland,Viet Nam,False,False,False,False,67.039,32.0
2504,M,372,724,Ireland,Spain,False,False,False,False,137.321,67.0
2504,M,372,752,Ireland,Sweden,False,False,False,False,124841.112,0.0
2504,M,372,764,Ireland,Thailand,False,False,False,False,1.081,0.726
2504,M,372,826,Ireland,United Kingdom,False,False,False,False,96677.309,24305.0
2504,M,372,842,Ireland,USA,False,False,False,False,74962.191,11309.0
2504,M,372,899,Ireland,"Areas, nes",False,False,False,False,843.39,403.0
2504,M,380,40,Italy,Austria,False,False,False,False,1445756.703,711128.0
2504,M,380,76,Italy,Brazil,False,False,False,False,31840.117,16000.0
2504,M,380,124,Italy,Canada,False,False,False,False,204025.657,93018.0
2504,M,380,156,Italy,China,False,False,False,False,814610.478,1027858.0
2504,M,380,203,Italy,Czechia,False,False,False,False,436842.254,467775.0
2504,M,380,251,Italy,France,False,False,False,False,9935.777,3097.777
2504,M,380,276,Italy,Germany,False,False,False,False,2368675.696,987916.0
2504,M,380,450,Italy,Madagascar,False,False,False,False,361632.452,426000.0
2504,M,380,490,Italy,"Other Asia, nes",False,False,False,False,1275.897,2.0
2504,M,380,516,Italy,Namibia,False,False,False,False,9085.9,17996.0
2504,M,380,528,Italy,Netherlands,False,False,True,False,277489.21,220667.0
2504,M,380,616,Italy,Poland,False,False,False,False,42143.526,23587.0
2504,M,380,705,Italy,Slovenia,False,False,False,False,27831.854,21604.0
2504,M,380,724,Italy,Spain,False,False,False,False,189776.699,57646.0
2504,M,380,752,Italy,Sweden,False,False,False,False,213.01,30.0
2504,M,380,792,Italy,Türkiye,False,False,False,False,150339.589,220000.0
2504,M,380,804,Italy,Ukraine,False,False,False,False,21019.862,21600.0
2504,M,380,826,Italy,United Kingdom,False,False,False,False,58477.17,16112.0
2504,M,380,842,Italy,USA,False,False,False,False,168014.006,46282.0
2504,M,392,76,Japan,Brazil,False,False,False,False,1024348.347,396000.0
2504,M,392,124,Japan,Canada,False,False,False,False,675821.352,224784.856
2504,M,392,144,Japan,Sri Lanka,False,False,False,False,1889199.238,1020000.0
2504,M,392,156,Japan,China,False,False,False,False,73925611.246,46964000.0
2504,M,392,276,Japan,Germany,False,False,False,False,281583.333,76845.78
2504,M,392,450,Japan,Madagascar,False,False,False,False,2127655.336,2073000.0
2504,M,392,484,Japan,Mexico,False,False,False,False,1608.641,797.69
2504,M,392,490,Japan,"Other Asia, nes",False,False,False,False,3850.773,1909.515
2504,M,392,508,Japan,Mozambique,False,False,False,False,276472.695,282000.0
2504,M,392,579,Japan,Norway,False,False,False,False,23332.411,20000.0
2504,M,392,699,Japan,India,False,False,False,False,12662.709,6279.162
2504,M,392,752,Japan,Sweden,False,False,False,False,7516.481,14000.0
2504,M,392,792,Japan,Türkiye,False,False,False,False,133481.604,160000.0
2504,M,392,804,Japan,Ukraine,False,False,False,False,38536.202,40000.0
2504,M,392,842,Japan,USA,False,False,False,False,1618314.079,291548.515
2504,M,410,36,Rep. of Korea,Australia,False,False,False,False,10.0,0.5
2504,M,410,40,Rep. of Korea,Austria,False,False,False,False,10563.0,1094.43
2504,M,410,56,Rep. of Korea,Belgium,False,False,True,False,237.0,14.9
2504,M,410,76,Rep. of Korea,Brazil,False,False,False,False,117869.0,34000.99
2504,M,410,124,Rep. of Korea,Canada,False,False,False,False,157349.0,34036.07
2504,M,410,144,Rep. of Korea,Sri Lanka,False,False,False,False,602563.0,153510.0
2504,M,410,156,Rep. of Korea,China,False,False,False,False,106828338.0,51321534.575
2504,M,410,203,Rep. of Korea,Czechia,False,False,False,False,309.0,8.5
2504,M,410,251,Rep. of Korea,France,False,False,False,False,1393.0,0.0
2504,M,410,276,Rep. of Korea,Germany,False,False,False,False,850512.0,166391.28
2504,M,410,344,Rep. of Korea,"China, Hong Kong SAR",False,False,True,False,781.0,6.8
2504,M,410,360,Rep. of Korea,Indonesia,False,False,False,False,44.0,21.845
2504,M,410,380,Rep. of Korea,Italy,False,False,False,False,2151.0,100.0
2504,M,410,392,Rep. of Korea,Japan,False,False,False,False,715185.0,192066.88
2504,M,410,442,Rep. of Korea,Luxembourg,False,False,False,False,15.0,1.0
2504,M,410,450,Rep. of Korea,Madagascar,False,False,False,False,13662.0,18003.595
2504,M,410,490,Rep. of Korea,"Other Asia, nes",False,False,False,False,12003.0,585.6
2504,M,410,508,Rep. of Korea,Mozambique,False,False,False,False,7171.0,10375.3
2504,M,410,528,Rep. of Korea,Netherlands,False,False,True,False,483.0,0.0
2504,M,410,566,Rep. of Korea,Nigeria,False,False,False,False,7.0,0.72
2504,M,410,699,Rep. of Korea,India,False,False,False,False,254.0,40.5
2504,M,410,704,Rep. of Korea,Viet Nam,False,False,False,False,1592.0,2260.349
2504,M,410,752,Rep. of Korea,Sweden,False,False,False,False,14.0,2.0
2504,M,410,826,Rep. of Korea,United Kingdom,False,False,False,False,133977.0,33531.34
2504,M,410,834,Rep. of Korea,United Rep. of Tanzania,False,False,False,False,153.0,2.0
2504,M,410,842,Rep. of Korea,USA,False,False,False,False,947895.0,54580.837
2504,M,458,156,Malaysia,China,False,False,False,False,539284.146,516768.0
2504,M,458,208,Malaysia,Denmark,False,False,False,False,2663.232,400.0
2504,M,458,276,Malaysia,Germany,False,False,False,False,13442.241,12841.9
2504,M,458,348,Malaysia,Hungary,False,False,False,False,7.674,0.27
2504,M,458,392,Malaysia,Japan,False,False,False,False,101662.852,25684.7
2504,M,458,410,Malaysia,Rep. of Korea,False,False,False,False,321.667,140.0
2504,M,458,490,Malaysia,"Other Asia, nes",False,False,False,False,12819.3,6140.4
2504,M,458,528,Malaysia,Netherlands,False,False,True,False,32307.205,8160.0
2504,M,458,699,Malaysia,India,False,False,False,False,98257.835,114804.31
2504,M,458,702,Malaysia,Singapore,False,False,True,False,4359.492,201.5
2504,M,458,764,Malaysia,Thailand,False,False,False,False,316.404,5.0
2504,M,458,792,Malaysia,Türkiye,False,False,False,False,35149.579,47001.0
2504,M,458,826,Malaysia,United Kingdom,False,False,False,False,4291.957,5004.5
2504,M,458,842,Malaysia,USA,False,False,False,False,160181.384,79077.27
2504,M,484,76,Mexico,Brazil,False,False,False,False,257979.0,215513.0
2504,M,484,124,Mexico,Canada,False,False,False,False,36108.0,8201.0
2504,M,484,156,Mexico,China,False,False,False,False,473987.0,0.0
2504,M,484,276,Mexico,Germany,False,False,False,False,12247.0,0.0
2504,M,484,392,Mexico,Japan,False,False,False,False,30087.0,960.0
2504,M,484,842,Mexico,USA,False,False,False,False,5149400.0,0.0
2504,M,528,36,Netherlands,Australia,False,False,False,True,17.3,1.0
2504,M,528,40,Netherlands,Austria,False,False,False,True,112917.963,103078.0
2504,M,528,56,Netherlands,Belgium,False,False,True,True,26412.149,17881.0
2504,M,528,76,Netherlands,Brazil,False,False,False,True,1907.358,1503.0
2504,M,528,100,Netherlands,Bulgaria,False,False,False,True,1.081,1.0
2504,M,528,124,Netherlands,Canada,False,False,False,True,195177.636,113102.0
2504,M,528,156,Netherlands,China,False,False,False,True,2314987.465,1348031.0
2504,M,528,203,Netherlands,Czechia,False,False,False,True,117799.891,84300.0
2504,M,528,208,Netherlands,Denmark,False,False,False,True,53943.41,37539.0
2504,M,528,233,Netherlands,Estonia,False,False,False,True,1.081,1.0
2504,M,528,246,Netherlands,Finland,False,False,False,True,2.163,2.0
2504,M,528,251,Netherlands,France,False,False,False,True,11.894,7.752
2504,M,528,276,Netherlands,Germany,False,False,False,True,2557740.921,1806886.014
2504,M,528,348,Netherlands,Hungary,False,False,False,True,16.219,12.0
2504,M,528,360,Netherlands,Indonesia,False,False,False,True,431.426,4.0
2504,M,528,372,Netherlands,Ireland,False,False,False,True,522.253,363.0
2504,M,528,380,Netherlands,Italy,False,False,False,True,71.364,29.0
2504,M,528,392,Netherlands,Japan,False,False,False,True,1431.6,522.0
2504,M,528,440,Netherlands,Lithuania,False,False,False,True,1.081,1.0
2504,M,528,442,Netherlands,Luxembourg,False,False,False,True,10.813,8.0
2504,M,528,450,Netherlands,Madagascar,False,False,False,True,270187.403,340000.0
2504,M,528,484,Netherlands,Mexico,False,False,False,True,6885.519,10.0
2504,M,528,566,Netherlands,Nigeria,False,False,False,True,48.657,27.0
2504,M,528,579,Netherlands,Norway,False,False,False,True,5091948.03,6059880.0
2504,M,528,616,Netherlands,Poland,False,False,False,True,674245.592,241359.0
2504,M,528,620,Netherlands,Portugal,False,False,False,True,240.042,169.0
2504,M,528,634,Netherlands,Qatar,False,False,False,True,5.406,3.0
2504,M,528,642,Netherlands,Romania,False,False,False,True,5.406,4.0
2504,M,528,682,Netherlands,Saudi Arabia,False,False,False,True,7.569,1.0
2504,M,528,699,Netherlands,India,False,False,False,True,20.544,2.0
2504,M,528,702,Netherlands,Singapore,False,False,True,True,85.42,1.0
2504,M,528,703,Netherlands,Slovakia,False,False,False,True,649.842,453.0
2504,M,528,705,Netherlands,Slovenia,False,False,False,True,8.65,7.0
2504,M,528,724,Netherlands,Spain,False,False,False,True,174.084,122.0
2504,M,528,752,Netherlands,Sweden,False,False,False,True,80625.876,74175.0
2504,M,528,792,Netherlands,Türkiye,False,False,False,True,200.035,1.0
2504,M,528,826,Netherlands,United Kingdom,False,False,False,True,11807.453,3539.0
2504,M,528,842,Netherlands,USA,False,False,False,True,1209631.424,724616.0
2504,M,616,40,Poland,Austria,False,False,False,False,42660.0,10061.087
2504,M,616,56,Poland,Belgium,False,False,True,False,177.0,10.0
2504,M,616,76,Poland,Brazil,False,False,False,False,1712909.0,1011148.0
2504,M,616,124,Poland,Canada,False,False,False,False,3008.0,1021.0
2504,M,616,156,Poland,China,False,False,False,False,22697278.0,5154304.0
2504,M,616,203,Poland,Czechia,False,False,False,False,544937.0,286224.0
2504,M,616,246,Poland,Finland,False,False,False,False,11573.0,4000.0
2504,M,616,276,Poland,Germany,False,False,False,False,2713636.0,1068180.982
2504,M,616,410,Poland,Rep. of Korea,False,False,False,False,25252738.0,4669261.0
2504,M,616,450,Poland,Madagascar,False,False,False,False,1547263.0,1265989.0
2504,M,616,484,Poland,Mexico,False,False,False,False,8.0,1.0
2504,M,616,508,Poland,Mozambique,False,False,False,False,132260.0,120236.0
2504,M,616,528,Poland,Netherlands,False,False,True,False,786518.0,478240.0
2504,M,616,568,Poland,"Other Europe, nes",False,False,False,False,662.0,4.0
2504,M,616,579,Poland,Norway,False,False,False,False,1633.0,2000.0
2504,M,616,688,Poland,Serbia,False,False,False,False,15.0,3.832
2504,M,616,724,Poland,Spain,False,False,False,False,400715.0,145340.0
2504,M,616,752,Poland,Sweden,False,False,False,False,3398.0,200.0
2504,M,616,757,Poland,Switzerland,False,False,False,False,29.0,10.0
2504,M,616,792,Poland,Türkiye,False,False,False,False,127419.0,143700.0
2504,M,616,804,Poland,Ukraine,False,False,False,False,34094.0,164920.0
2504,M,616,826,Poland,United Kingdom,False,False,False,False,1712.0,131.0
2504,M,616,842,Poland,USA,False,False,False,False,5791.0,714.443
2504,M,699,36,India,Australia,False,False,False,False,1545.32,25.0
2504,M,699,40,India,Austria,False,False,False,False,676095.369,326600.0
2504,M,699,56,India,Belgium,False,False,True,False,30519.931,20000.0
2504,M,699,124,India,Canada,False,False,False,False,50238.807,12702.0
2504,M,699,144,India,Sri Lanka,False,False,False,False,166887.446,72800.0
2504,M,699,156,India,China,False,False,False,False,15183430.687,24689968.0
2504,M,699,203,India,Czechia,False,False,False,False,359.378,236.0
2504,M,699,208,India,Denmark,False,False,False,False,1966.986,120.0
2504,M,699,231,India,Ethiopia,False,False,False,False,4.697,2.0
2504,M,699,276,India,Germany,False,False,False,False,333706.139,123684.665
2504,M,699,380,India,Italy,False,False,False,False,571.7,228.0
2504,M,699,392,India,Japan,False,False,False,False,538360.086,63475.0
2504,M,699,410,India,Rep. of Korea,False,False,False,False,7124.901,500.0
2504,M,699,450,India,Madagascar,False,False,False,False,11824688.772,14396650.0
2504,M,699,458,India,Malaysia,False,False,False,False,14623.526,20000.0
2504,M,699,484,India,Mexico,False,False,False,False,99199.82,59647.0
2504,M,699,490,India,"Other Asia, nes",False,False,False,False,129.623,115.72
2504,M,699,508,India,Mozambique,False,False,False,False,4215387.711,5275504.0
2504,M,699,516,India,Namibia,False,False,False,False,809.191,1009.0
2504,M,699,528,India,Netherlands,False,False,True,False,115342.347,60500.0
2504,M,699,616,India,Poland,False,False,False,False,666.227,5.0
2504,M,699,699,India,India,False,False,False,False,18762.592,25325.0
2504,M,699,704,India,Viet Nam,False,False,False,False,419159.892,844000.0
2504,M,699,752,India,Sweden,False,False,False,False,341989.767,78040.0
2504,M,699,784,India,United Arab Emirates,False,False,True,False,69450.195,75500.0
2504,M,699,792,India,Türkiye,False,False,False,False,13126.293,20000.0
2504,M,699,804,India,Ukraine,False,False,False,False,2109.333,150.0
2504,M,699,826,India,United Kingdom,False,False,False,False,189235.733,123154.0
2504,M,699,834,India,United Rep. of Tanzania,False,False,False,False,46323.54,150000.0
2504,M,699,842,India,USA,False,False,False,False,541220.402,218507.0
2504,M,702,36,Singapore,Australia,False,False,False,True,5609.737,130.0
2504,M,702,124,Singapore,Canada,False,False,False,True,519.723,30.0
2504,M,702,144,Singapore,Sri Lanka,False,False,False,True,44335.838,7000.0
2504,M,702,156,Singapore,China,False,False,False,True,392761.287,134370.0
2504,M,702,203,Singapore,Czechia,False,False,False,True,32.017,7.414
2504,M,702,208,Singapore,Denmark,False,False,False,True,217.42,82.213
2504,M,702,276,Singapore,Germany,False,False,False,True,35177.387,22954.135
2504,M,702,380,Singapore,Italy,False,False,False,True,33.507,12.67
2504,M,702,392,Singapore,Japan,False,False,False,True,578674.863,96950.0
2504,M,702,410,Singapore,Rep. of Korea,False,False,False,True,30073.97,40.0
2504,M,702,422,Singapore,Lebanon,False,False,False,True,574.079,217.076
2504,M,702,490,Singapore,"Other Asia, nes",False,False,False,True,1638.842,20.0
2504,M,702,528,Singapore,Netherlands,False,False,True,True,1983.586,400.0
2504,M,702,620,Singapore,Portugal,False,False,False,True,171.256,39.655
2504,M,702,699,Singapore,India,False,False,False,True,13658.75,13150.0
2504,M,702,842,Singapore,USA,False,False,False,True,96823.442,12400.0
2504,M,704,156,Viet Nam,China,False,False,False,False,1695591.22,1010602.121
2504,M,704,276,Viet Nam,Germany,False,False,False,False,5714.676,3403.985
2504,M,704,392,Viet Nam,Japan,False,False,False,False,159610.625,95073.146
2504,M,704,410,Viet Nam,Rep. of Korea,False,False,False,False,31254.7,21678.302
2504,M,704,490,Viet Nam,"Other Asia, nes",False,False,False,False,22732.0,13540.469
2504,M,704,528,Viet Nam,Netherlands,False,False,True,False,10618.259,6324.838
2504,M,704,699,Viet Nam,India,False,False,False,False,28171.8,16780.723
2504,M,704,724,Viet Nam,Spain,False,False,False,False,3704.627,2206.686
2504,M,704,757,Viet Nam,Switzerland,False,False,False,False,44112.29,26275.783
2504,M,704,764,Viet Nam,Thailand,False,False,False,False,19950.0,11883.352
2504,M,704,784,Viet Nam,United Arab Emirates,False,False,True,False,16328.0,9725.883
2504,M,704,842,Viet Nam,USA,False,False,False,False,116326.992,69290.958
2504,M,710,36,South Africa,Australia,False,False,False,False,13.116,153.82
2504,M,710,40,South Africa,Austria,False,False,False,False,268.398,7.91
2504,M,710,76,South Africa,Brazil,False,False,False,False,47549.452,36000.0
2504,M,710,100,South Africa,Bulgaria,False,False,False,False,38.265,0.5
2504,M,710,120,South Africa,Cameroon,False,False,False,False,18.103,170.2
2504,M,710,124,South Africa,Canada,False,False,False,False,137.993,1.87
2504,M,710,156,South Africa,China,False,False,False,False,436785.601,503609.66
2504,M,710,203,South Africa,Czechia,False,False,False,False,133.928,4.0
2504,M,710,246,South Africa,Finland,False,False,False,False,56769.764,2710.84
2504,M,710,276,South Africa,Germany,False,False,False,False,207252.0,60023.71
2504,M,710,288,South Africa,Ghana,False,False,False,False,49.864,0.3
2504,M,710,324,South Africa,Guinea,False,False,False,False,39.566,322.0
2504,M,710,384,South Africa,Côte d'Ivoire,False,False,False,False,33.658,831.9
2504,M,710,454,South Africa,Malawi,False,False,False,False,102.98,376.0
2504,M,710,466,South Africa,Mali,False,False,False,False,13.929,38.5
2504,M,710,484,South Africa,Mexico,False,False,False,False,3425.429,8.0
2504,M,710,508,South Africa,Mozambique,False,False,False,False,86101.787,142976.5
2504,M,710,516,South Africa,Namibia,False,False,False,False,2067.615,6707.13
2504,M,710,528,South Africa,Netherlands,False,False,True,False,3058.876,75.0
2504,M,710,566,South Africa,Nigeria,False,False,False,False,9.214,0.56
2504,M,710,579,South Africa,Norway,False,False,False,False,0.325,55.64
2504,M,710,646,South Africa,Rwanda,False,False,False,False,4.661,15.0
2504,M,710,682,South Africa,Saudi Arabia,False,False,False,False,2.114,110.0
2504,M,710,694,South Africa,Sierra Leone,False,False,False,False,9.648,1.0
2504,M,710,699,South Africa,India,False,False,False,False,13296.789,13912.46
2504,M,710,800,South Africa,Uganda,False,False,False,False,114.958,111.0
2504,M,710,826,South Africa,United Kingdom,False,False,False,False,4595.17,2077.61
2504,M,710,834,South Africa,United Rep. of Tanzania,False,False,False,False,296.31,93.64
2504,M,710,839,South Africa,Special Categories,False,False,False,False,963.239,2432.57
2504,M,710,842,South Africa,USA,False,False,False,False,7812.146,414.39
2504,M,710,894,South Africa,Zambia,False,False,False,False,970.881,2458.34
2504,M,724,36,Spain,Australia,False,False,False,False,65.19,35.0
2504,M,724,40,Spain,Austria,False,False,False,False,101724.26,28396.482
2504,M,724,124,Spain,Canada,False,False,False,False,265974.78,233600.0
2504,M,724,156,Spain,China,False,False,False,False,1313458.016,1296207.0
2504,M,724,203,Spain,Czechia,False,False,False,False,2781.023,181.0
2504,M,724,251,Spain,France,False,False,False,False,96378.132,80366.0
2504,M,724,276,Spain,Germany,False,False,False,False,1288866.302,551889.916
2504,M,724,380,Spain,Italy,False,False,False,False,1451.387,5.0
2504,M,724,392,Spain,Japan,False,False,False,False,40513.859,1213.0
2504,M,724,450,Spain,Madagascar,False,False,False,False,2150869.054,2172000.0
2504,M,724,484,Spain,Mexico,False,False,False,False,931.21,1.4
2504,M,724,508,Spain,Mozambique,False,False,False,False,138544.386,140834.0
2504,M,724,528,Spain,Netherlands,False,False,True,False,44037.292,13867.56
2504,M,724,568,Spain,"Other Europe, nes",False,False,False,False,16493.996,9002.1
2504,M,724,579,Spain,Norway,False,False,False,False,118788.495,136000.0
2504,M,724,616,Spain,Poland,False,False,False,False,2034.829,37.536
2504,M,724,682,Spain,Saudi Arabia,False,False,False,False,78.533,0.9
2504,M,724,792,Spain,Türkiye,False,False,False,False,23040.537,43601.1
2504,M,724,826,Spain,United Kingdom,False,False,False,False,370579.388,218063.9
2504,M,724,842,Spain,USA,False,False,False,False,51338.31,36125.407
2504,M,752,40,Sweden,Austria,False,False,False,False,2827.478,1126.201
2504,M,752,56,Sweden,Belgium,False,False,True,False,60131.034,19000.0
2504,M,752,76,Sweden,Brazil,False,False,False,False,3581.472,1871.823
2504,M,752,124,Sweden,Canada,False,False,False,False,94.249,37.54
2504,M,752,156,Sweden,China,False,False,False,False,91704.54,59037.54
2504,M,752,203,Sweden,Czechia,False,False,False,False,39490.444,18000.0
2504,M,752,251,Sweden,France,False,False,False,False,5089.461,3530.057
2504,M,752,276,Sweden,Germany,False,False,False,False,3092318.549,1001007.085
2504,M,752,392,Sweden,Japan,False,False,False,False,26861.042,12424.453
2504,M,752,528,Sweden,Netherlands,False,False,True,False,33835.488,13476.868
2504,M,752,554,Sweden,New Zealand,False,False,False,False,188.499,75.08
2504,M,752,579,Sweden,Norway,False,False,False,False,253247.788,313000.0
2504,M,752,616,Sweden,Poland,False,False,False,False,188.499,75.08
2504,M,752,724,Sweden,Spain,False,False,False,False,37605.459,14978.469
2504,M,752,826,Sweden,United Kingdom,False,False,False,False,659.745,374.106
2504,M,752,842,Sweden,USA,False,False,False,False,126011.274,87123.275
2504,M,764,36,Thailand,Australia,False,False,False,False,42122.313,9000.0
2504,M,764,76,Thailand,Brazil,False,False,False,False,615244.122,226221.0
2504,M,764,144,Thailand,Sri Lanka,False,False,False,False,70532.278,25000.0
2504,M,764,156,Thailand,China,False,False,False,False,1138473.199,912829.0
2504,M,764,203,Thailand,Czechia,False,False,False,False,10.134,4.674
2504,M,764,208,Thailand,Denmark,False,False,False,False,151.407,6.0
2504,M,764,251,Thailand,France,False,False,False,False,4547.101,1936.142
2504,M,764,276,Thailand,Germany,False,False,False,False,152137.994,34995.0
2504,M,764,380,Thailand,Italy,False,False,False,False,57.402,12.625
2504,M,764,392,Thailand,Japan,False,False,False,False,598022.769,231191.0
2504,M,764,410,Thailand,Rep. of Korea,False,False,False,False,294233.816,1524280.0
2504,M,764,458,Thailand,Malaysia,False,False,False,False,286716.75,212350.0
2504,M,764,490,Thailand,"Other Asia, nes",False,False,False,False,2329.991,105.0
2504,M,764,699,Thailand,India,False,False,False,False,1812.394,911.0
2504,M,764,757,Thailand,Switzerland,False,False,False,False,865.634,195.0
2504,M,764,784,Thailand,United Arab Emirates,False,False,True,False,14.91,15.419
2504,M,764,792,Thailand,Türkiye,False,False,False,False,192.536,199.112
2504,M,764,826,Thailand,United Kingdom,False,False,False,False,4023.87,769.0
2504,M,764,842,Thailand,USA,False,False,False,False,313590.178,56052.63
2504,M,792,40,Türkiye,Austria,False,False,False,False,112433.0,62970.0
2504,M,792,56,Türkiye,Belgium,False,False,True,False,1087.0,160.0
2504,M,792,76,Türkiye,Brazil,False,False,False,False,805428.0,694000.0
2504,M,792,100,Türkiye,Bulgaria,False,False,False,False,2.0,1.0
2504,M,792,124,Türkiye,Canada,False,False,False,False,30328.0,20981.0
2504,M,792,144,Türkiye,Sri Lanka,False,False,False,False,143062.0,22000.0
2504,M,792,156,Türkiye,China,False,False,False,False,1267055.0,1081161.0
2504,M,792,203,Türkiye,Czechia,False,False,False,False,127996.0,118026.0
2504,M,792,251,Türkiye,France,False,False,False,False,39.0,2.0
2504,M,792,276,Türkiye,Germany,False,False,False,False,1975811.0,1276353.0
2504,M,792,344,Türkiye,"China, Hong Kong SAR",False,False,True,False,1470.0,886.0
2504,M,792,360,Türkiye,Indonesia,False,False,False,False,93.0,22.0
2504,M,792,380,Türkiye,Italy,False,False,False,False,573.0,496.0
2504,M,792,392,Türkiye,Japan,False,False,False,False,1071.0,22.0
2504,M,792,410,Türkiye,Rep. of Korea,False,False,False,False,483.0,160.0
2504,M,792,450,Türkiye,Madagascar,False,False,False,False,2168408.0,1849503.0
2504,M,792,508,Türkiye,Mozambique,False,False,False,False,1919696.0,1830680.0
2504,M,792,528,Türkiye,Netherlands,False,False,True,False,23780.0,742.0
2504,M,792,579,Türkiye,Norway,False,False,False,False,239768.0,263002.0
2504,M,792,699,Türkiye,India,False,False,False,False,19214.0,17664.0
2504,M,792,704,Türkiye,Viet Nam,False,False,False,False,3830.0,50.0
2504,M,792,724,Türkiye,Spain,False,False,False,False,70.0,5.0
2504,M,792,752,Türkiye,Sweden,False,False,False,False,21816.0,23245.0
2504,M,792,757,Türkiye,Switzerland,False,False,False,False,930.0,491.0
2504,M,792,804,Türkiye,Ukraine,False,False,False,False,789.0,1000.0
2504,M,792,826,Türkiye,United Kingdom,False,False,False,False,15747.0,10138.0
2504,M,792,842,Türkiye,USA,False,False,False,False,390772.0,23131.898
2504,M,826,40,United Kingdom,Austria,False,False,False,False,915211.171,283368.0
2504,M,826,76,United Kingdom,Brazil,False,False,False,False,166039.203,112245.0
2504,M,826,144,United Kingdom,Sri Lanka,False,False,False,False,379173.705,162000.0
2504,M,826,156,United Kingdom,China,False,False,False,False,1966239.265,1908119.282
2504,M,826,203,United Kingdom,Czechia,False,False,False,False,90742.659,6722.0
2504,M,826,208,United Kingdom,Denmark,False,False,False,False,10347.542,268.0
2504,M,826,251,United Kingdom,France,False,False,False,False,1160.913,18.0
2504,M,826,276,United Kingdom,Germany,False,False,False,False,1238643.631,838665.64
2504,M,826,380,United Kingdom,Italy,False,False,False,False,13666.213,4263.0
2504,M,826,392,United Kingdom,Japan,False,False,False,False,39268.455,439.0
2504,M,826,440,United Kingdom,Lithuania,False,False,False,False,20401.748,0.0
2504,M,826,450,United Kingdom,Madagascar,False,False,False,False,274957.49,168660.0
2504,M,826,490,United Kingdom,"Other Asia, nes",False,False,False,False,54470.951,3939.0
2504,M,826,508,United Kingdom,Mozambique,False,False,False,False,508790.804,1140633.0
2504,M,826,528,United Kingdom,Netherlands,False,False,True,False,191578.055,67300.0
2504,M,826,579,United Kingdom,Norway,False,False,False,False,225692.005,244500.0
2504,M,826,616,United Kingdom,Poland,False,False,False,False,25408.342,23229.0
2504,M,826,620,United Kingdom,Portugal,False,False,False,False,2313.126,70.0
2504,M,826,699,United Kingdom,India,False,False,False,False,67326.762,20000.0
2504,M,826,724,United Kingdom,Spain,False,False,False,False,40484.058,23433.0
2504,M,826,784,United Kingdom,United Arab Emirates,False,False,True,False,1497.752,500.0
2504,M,826,792,United Kingdom,Türkiye,False,False,False,False,98826.792,192000.0
2504,M,826,804,United Kingdom,Ukraine,False,False,False,False,2842.622,1000.0
2504,M,826,826,United Kingdom,United Kingdom,False,False,False,False,13938.418,1365.0
2504,M,826,842,United Kingdom,USA,False,False,False,False,464278.351,0.0
2504,M,842,36,USA,Australia,False,False,False,False,2754.0,67.0
2504,M,842,40,USA,Austria,False,False,False,False,45537.0,17600.0
2504,M,842,56,USA,Belgium,False,False,True,False,17396.0,6600.0
2504,M,842,76,USA,Brazil,False,False,False,False,5177901.0,2604766.0
2504,M,842,124,USA,Canada,False,False,False,False,11180467.0,7252159.764
2504,M,842,144,USA,Sri Lanka,False,False,False,False,709252.0,288300.0
2504,M,842,156,USA,China,False,False,False,False,113270155.0,29148009.0
2504,M,842,170,USA,Colombia,False,False,False,False,16270.0,19.0
2504,M,842,208,USA,Denmark,False,False,False,False,4702.0,600.0
2504,M,842,276,USA,Germany,False,False,False,False,316166.0,90457.0
2504,M,842,344,USA,"China, Hong Kong SAR",False,False,True,False,218300.0,116000.0
2504,M,842,392,USA,Japan,False,False,False,False,982171.0,86580.0
2504,M,842,410,USA,Rep. of Korea,False,False,False,False,1205586.0,268150.0
2504,M,842,450,USA,Madagascar,False,False,False,False,6429716.0,5944272.0
2504,M,842,484,USA,Mexico,False,False,False,False,4947809.0,7067808.0
2504,M,842,490,USA,"Other Asia, nes",False,False,False,False,20029.0,600.0
2504,M,842,508,USA,Mozambique,False,False,False,False,16735766.0,18907147.0
2504,M,842,528,USA,Netherlands,False,False,True,False,14074.0,3900.0
2504,M,842,579,USA,Norway,False,False,False,False,301255.0,132000.0
2504,M,842,616,USA,Poland,False,False,False,False,57120.0,38000.0
2504,M,842,699,USA,India,False,False,False,False,124391.0,40341.0
2504,M,842,710,USA,South Africa,False,False,False,False,956601.0,1233745.0
2504,M,842,784,USA,United Arab Emirates,False,False,True,False,63967.0,40115.0
2504,M,842,792,USA,Türkiye,False,False,False,False,18918.0,22655.73
2504,M,842,826,USA,United Kingdom,False,False,False,False,85475.0,28052.702
2805,M,36,156,Australia,China,False,False,False,False,58466.628,2652.41
2805,M,36,251,Australia,France,False,False,False,False,1486.914,0.0
2805,M,36,757,Australia,Switzerland,False,False,False,False,354293.28,12075.5
2805,M,36,826,Australia,United Kingdom,False,False,False,False,32398.485,500.12
2805,M,36,842,Australia,USA,False,False,False,False,59474.303,2728.43
2805,M,40,56,Austria,Belgium,False,False,True,False,1244.54,10.0
2805,M,40,156,Austria,China,False,False,False,False,598551.382,140947.0
2805,M,40,196,Austria,Cyprus,False,False,False,False,93636.781,7211.0
2805,M,40,203,Austria,Czechia,False,False,False,False,32.438,2.514
2805,M,40,251,Austria,France,False,False,False,False,35765.122,4654.0
2805,M,40,276,Austria,Germany,False,False,False,False,271307.597,419596.0
2805,M,40,372,Austria,Ireland,False,False,False,False,7591.587,2323.0
2805,M,40,380,Austria,Italy,False,False,False,False,13230.403,72061.748
2805,M,40,392,Austria,Japan,False,False,False,False,4524.028,54.0
2805,M,40,528,Austria,Netherlands,False,False,True,False,195806.934,16192.478
2805,M,40,643,Austria,Russian Federation,False,False,False,False,580.641,2.0
2805,M,40,699,Austria,India,False,False,False,False,204.36,1.0
2805,M,40,705,Austria,Slovenia,False,False,False,False,196546.522,50790.0
2805,M,40,724,Austria,Spain,False,False,False,False,6759.01,1295.0
2805,M,40,757,Austria,Switzerland,False,False,False,False,21.625,12.446
2805,M,40,826,Austria,United Kingdom,False,False,False,False,13538.564,1077.152
2805,M,40,842,Austria,USA,False,False,False,False,2086.848,51.0
2805,M,56,40,Belgium,Austria,False,False,False,True,23865.626,494.17
2805,M,56,156,Belgium,China,False,False,False,True,198405.552,48127.48
2805,M,56,203,Belgium,Czechia,False,False,False,True,22473.023,328.22
2805,M,56,251,Belgium,France,False,False,False,True,2773815.312,476405.45
2805,M,56,276,Belgium,Germany,False,False,False,True,3064161.957,2788177.92
2805,M,56,360,Belgium,Indonesia,False,False,False,True,14575.233,17.0
2805,M,56,376,Belgium,Israel,False,False,False,True,210450.721,0.9
2805,M,56,392,Belgium,Japan,False,False,False,True,620.983,4.85
2805,M,56,442,Belgium,Luxembourg,False,False,False,True,363429.479,50822.11
2805,M,56,528,Belgium,Netherlands,False,False,True,True,1379256.063,799573.59
2805,M,56,643,Belgium,Russian Federation,False,False,False,True,63161.787,6480.0
2805,M,56,699,Belgium,India,False,False,False,True,304767.142,7511.33
2805,M,56,724,Belgium,Spain,False,False,False,True,241.841,6.38
2805,M,56,792,Belgium,Türkiye,False,False,False,True,1.09,0.18
2805,M,56,826,Belgium,United Kingdom,False,False,False,True,81826.287,9557.06
2805,M,56,842,Belgium,USA,False,False,False,True,177308.789,7234.48
2805,M,76,40,Brazil,Austria,False,False,False,False,32202.0,1250.0
2805,M,76,156,Brazil,China,False,False,False,False,3462976.0,807186.91
2805,M,76,251,Brazil,France,False,False,False,False,690485.0,51640.983
2805,M,76,276,Brazil,Germany,False,False,False,False,44176.0,1409.384
2805,M,76,380,Brazil,Italy,False,False,False,False,2475.0,1.0
2805,M,76,392,Brazil,Japan,False,False,False,False,501789.0,13914.142
2805,M,76,442,Brazil,Luxembourg,False,False,False,False,9359.0,1200.0
2805,M,76,484,Brazil,Mexico,False,False,False,False,63327.0,14730.0
2805,M,76,579,Brazil,Norway,False,False,False,False,155.0,1.0
2805,M,76,616,Brazil,Poland,False,False,False,False,260.0,28.0
2805,M,76,699,Brazil,India,False,False,False,False,1529.0,100.0
2805,M,76,702,Brazil,Singapore,False,False,True,False,45702.0,8800.0
2805,M,76,826,Brazil,United Kingdom,False,False,False,False,21107.0,2288.583
2805,M,76,842,Brazil,USA,False,False,False,False,12258.0,1349.349
2805,M,124,36,Canada,Australia,False,False,False,False,66.671,14.0
2805,M,124,40,Canada,Austria,False,False,False,False,131438.524,6532.0
2805,M,124,56,Canada,Belgium,False,False,True,False,511.886,162.0
2805,M,124,76,Canada,Brazil,False,False,False,False,57027.563,3815.0
2805,M,124,124,Canada,Canada,False,False,False,False,73342.741,7010.278
2805,M,124,152,Canada,Chile,False,False,False,False,1.482,0.079
2805,M,124,156,Canada,China,False,False,False,False,11332162.402,954012.946
2805,M,124,246,Canada,Finland,False,False,False,False,227.423,55.0
2805,M,124,251,Canada,France,False,False,False,False,1382742.459,281998.0
2805,M,124,276,Canada,Germany,False,False,False,False,1434.912,81.827
2805,M,124,344,Canada,"China, Hong Kong SAR",False,False,True,False,0.741,0.242
2805,M,124,348,Canada,Hungary,False,False,False,False,1054.886,423.0
2805,M,124,380,Canada,Italy,False,False,False,False,15921.077,980.0
2805,M,124,392,Canada,Japan,False,False,False,False,15623.279,2267.242
2805,M,124,410,Canada,Rep. of Korea,False,False,False,False,72.598,6.0
2805,M,124,484,Canada,Mexico,False,False,False,False,2765291.572,354331.0
2805,M,124,490,Canada,"Other Asia, nes",False,False,False,False,769.682,233.0
2805,M,124,528,Canada,Netherlands,False,False,True,False,38.521,12.0
2805,M,124,579,Canada,Norway,False,False,False,False,2587.583,1038.0
2805,M,124,616,Canada,Poland,False,False,False,False,147.417,33.0
2805,M,124,643,Canada,Russian Federation,False,False,False,False,2125.329,336.0
2805,M,124,699,Canada,India,False,False,False,False,85628.017,24667.134
2805,M,124,757,Canada,Switzerland,False,False,False,False,1087.481,284.0
2805,M,124,826,Canada,United Kingdom,False,False,False,False,12654.93,349.111
2805,M,124,842,Canada,USA,False,False,False,False,2918702.694,1985046.0
2805,M,152,32,Chile,Argentina,False,False,False,False,67.22,1.0
2805,M,152,76,Chile,Brazil,False,False,False,False,56.96,3.908
2805,M,152,156,Chile,China,False,False,False,False,49508.587,4165.05
2805,M,152,276,Chile,Germany,False,False,False,False,241.49,2.5
2805,M,152,484,Chile,Mexico,False,False,False,False,483660.791,39373.998
2805,M,152,842,Chile,USA,False,False,False,False,353.26,14.438
2805,M,152,899,Chile,"Areas, nes",False,False,False,False,901.33,2.225
2805,M,156,40,China,Austria,False,False,False,False,2171.0,27.294
2805,M,156,124,China,Canada,False,False,False,False,311.0,1.662
2805,M,156,156,China,China,False,False,False,False,58652.0,3826.017
2805,M,156,251,China,France,False,False,False,False,173303.0,112386.581
2805,M,156,276,China,Germany,False,False,False,False,125438.0,645.518
2805,M,156,348,China,Hungary,False,False,False,False,212.0,3.0
2805,M,156,376,China,Israel,False,False,False,False,60675.0,1659.0
2805,M,156,380,China,Italy,False,False,False,False,17100.0,150.0
2805,M,156,392,China,Japan,False,False,False,False,2574961.0,32782.487
2805,M,156,410,China,Rep. of Korea,False,False,False,False,1149724.0,5320.0
2805,M,156,643,China,Russian Federation,False,False,False,False,167228.0,25962.969
2805,M,156,704,China,Viet Nam,False,False,False,False,17372360.0,222000.0
2805,M,156,757,China,Switzerland,False,False,False,False,2876.0,31.726
2805,M,156,792,China,Türkiye,False,False,False,False,2616.0,824.024
2805,M,156,826,China,United Kingdom,False,False,False,False,9739.0,158.092
2805,M,156,842,China,USA,False,False,False,False,1972060.0,29239.09
2805,M,203,40,Czechia,Austria,False,False,False,False,23969.0,300.0
2805,M,203,56,Czechia,Belgium,False,False,True,False,3448.0,2008.711
2805,M,203,156,Czechia,China,False,False,False,False,810267.0,202274.457
2805,M,203,251,Czechia,France,False,False,False,False,732859.0,163851.549
2805,M,203,276,Czechia,Germany,False,False,False,False,890883.0,3422.998
2805,M,203,348,Czechia,Hungary,False,False,False,False,100.0,0.877
2805,M,203,528,Czechia,Netherlands,False,False,True,False,345253.0,62947.0
2805,M,203,616,Czechia,Poland,False,False,False,False,52841.0,163000.0
2805,M,203,699,Czechia,India,False,False,False,False,77.0,21.268
2805,M,203,703,Czechia,Slovakia,False,False,False,False,84450.0,18450.0
2805,M,203,724,Czechia,Spain,False,False,False,False,15458.0,3200.0
2805,M,203,826,Czechia,United Kingdom,False,False,False,False,24362.0,162.933
2805,M,203,842,Czechia,USA,False,False,False,False,10295.0,321.741
2805,M,208,56,Denmark,Belgium,False,False,True,False,3569.675,570.0
2805,M,208,156,Denmark,China,False,False,False,False,7320.635,16.0
2805,M,208,246,Denmark,Finland,False,False,False,False,3649.795,500.0
2805,M,208,276,Denmark,Germany,False,False,False,False,202112.344,47250.0
2805,M,208,380,Denmark,Italy,False,False,False,False,9173.981,2999.0
2805,M,208,528,Denmark,Netherlands,False,False,True,False,4409.769,46.0
2805,M,208,752,Denmark,Sweden,False,False,False,False,307.996,2.0
2805,M,208,757,Denmark,Switzerland,False,False,False,False,22.352,1.0
2805,M,208,826,Denmark,United Kingdom,False,False,False,False,1706.46,610.0
2805,M,208,842,Denmark,USA,False,False,False,False,4024.847,29.0
2805,M,208,899,Denmark,"Areas, nes",False,False,False,False,38.753,4.0
2805,M,246,56,Finland,Belgium,False,False,True,False,54.063,1.0
2805,M,246,156,Finland,China,False,False,False,False,308118.306,62202.433
2805,M,246,233,Finland,Estonia,False,False,False,False,12796.814,2654.0
2805,M,246,251,Finland,France,False,False,False,False,1688745.875,202281.246
2805,M,246,276,Finland,Germany,False,False,False,False,78530.377,7537.723
2805,M,246,380,Finland,Italy,False,False,False,False,139.484,2.0
2805,M,246,643,Finland,Russian Federation,False,False,False,False,424.939,52.878
2805,M,246,752,Finland,Sweden,False,False,False,False,5511.226,300.0
2805,M,246,757,Finland,Switzerland,False,False,False,False,203931.587,6641.0
2805,M,246,792,Finland,Türkiye,False,False,False,False,2113.88,894.0
2805,M,246,826,Finland,United Kingdom,False,False,False,False,9.731,1.211
2805,M,246,842,Finland,USA,False,False,False,False,43060.442,371.509
2805,M,276,40,Germany,Austria,False,False,False,False,45045.962,11279.0
2805,M,276,56,Germany,Belgium,False,False,True,False,604115.248,172225.276
2805,M,276,124,Germany,Canada,False,False,False,False,2148.992,2.0
2805,M,276,156,Germany,China,False,False,False,False,32975438.692,1040538.566
2805,M,276,203,Germany,Czechia,False,False,False,False,6759.893,545.489
2805,M,276,208,Germany,Denmark,False,False,False,False,109159.182,28275.652
2805,M,276,251,Germany,France,False,False,False,False,325681709.72,2903329.127
2805,M,276,300,Germany,Greece,False,False,False,False,8.722,2.0
2805,M,276,344,Germany,"China, Hong Kong SAR",False,False,True,False,77431.299,47984.0
2805,M,276,348,Germany,Hungary,False,False,False,False,34656.443,1357.0
2805,M,276,372,Germany,Ireland,False,False,False,False,138.469,1.072
2805,M,276,380,Germany,Italy,False,False,False,False,176098.473,6804.191
2805,M,276,392,Germany,Japan,False,False,False,False,27977.233,39.679
2805,M,276,410,Germany,Rep. of Korea,False,False,False,False,6405.543,91.005
2805,M,276,442,Germany,Luxembourg,False,False,False,False,164003.717,27600.0
2805,M,276,458,Germany,Malaysia,False,False,False,False,88.315,5.0
2805,M,276,484,Germany,Mexico,False,False,False,False,3864.042,34.0
2805,M,276,490,Germany,"Other Asia, nes",False,False,False,False,109.031,3.0
2805,M,276,528,Germany,Netherlands,False,False,True,False,1303112.131,186708.066
2805,M,276,616,Germany,Poland,False,False,False,False,95958.856,17415.618
2805,M,276,643,Germany,Russian Federation,False,False,False,False,108569.327,6103.359
2805,M,276,699,Germany,India,False,False,False,False,11258.492,115.168
2805,M,276,705,Germany,Slovenia,False,False,False,False,185127.291,22426.0
2805,M,276,710,Germany,South Africa,False,False,False,False,29165.666,1000.0
2805,M,276,724,Germany,Spain,False,False,False,False,83673.297,38728.0
2805,M,276,757,Germany,Switzerland,False,False,False,False,26944.714,205.0
2805,M,276,764,Germany,Thailand,False,False,False,False,2977.624,10.0
2805,M,276,784,Germany,United Arab Emirates,False,False,True,False,46364.141,7078.0
2805,M,276,792,Germany,Türkiye,False,False,False,False,105958.046,13201.589
2805,M,276,826,Germany,United Kingdom,False,False,False,False,137383.914,537.747
2805,M,276,842,Germany,USA,False,False,False,False,607754.687,3286.097
2805,M,360,36,Indonesia,Australia,False,False,False,False,6127.0,4416.0
2805,M,360,156,Indonesia,China,False,False,False,False,21165755.0,161425.0
2805,M,360,208,Indonesia,Denmark,False,False,False,False,43.0,1.0
2805,M,360,251,Indonesia,France,False,False,False,False,104.0,6.0
2805,M,360,276,Indonesia,Germany,False,False,False,False,12494.0,7068.0
2805,M,360,344,Indonesia,"China, Hong Kong SAR",False,False,True,False,1036.0,221.0
2805,M,360,392,Indonesia,Japan,False,False,False,False,138296.0,35808.0
2805,M,360,410,Indonesia,Rep. of Korea,False,False,False,False,3113.0,375.0
2805,M,360,458,Indonesia,Malaysia,False,False,False,False,450.0,65.0
2805,M,360,490,Indonesia,"Other Asia, nes",False,False,False,False,975.0,77.0
2805,M,360,699,Indonesia,India,False,False,False,False,1586.0,1019.0
2805,M,360,702,Indonesia,Singapore,False,False,True,False,13270.0,346.0
2805,M,360,826,Indonesia,United Kingdom,False,False,False,False,28.0,1.0
2805,M,360,842,Indonesia,USA,False,False,False,False,1597.0,11.0
2805,M,372,36,Ireland,Australia,False,False,False,False,125.427,1.0
2805,M,372,56,Ireland,Belgium,False,False,True,False,600.104,95.0
2805,M,372,76,Ireland,Brazil,False,False,False,False,81.095,1.0
2805,M,372,156,Ireland,China,False,False,False,False,1821.938,130.0
2805,M,372,251,Ireland,France,False,False,False,False,1066.131,25.0
2805,M,372,276,Ireland,Germany,False,False,False,False,3534.667,167.0
2805,M,372,380,Ireland,Italy,False,False,False,False,78240.597,18000.0
2805,M,372,392,Ireland,Japan,False,False,False,False,150.296,2.0
2805,M,372,490,Ireland,"Other Asia, nes",False,False,False,False,7.569,3.0
2805,M,372,643,Ireland,Russian Federation,False,False,False,False,244.367,5.0
2805,M,372,699,Ireland,India,False,False,False,False,19.463,1.0
2805,M,372,752,Ireland,Sweden,False,False,False,False,27092.267,48000.0
2805,M,372,764,Ireland,Thailand,False,False,False,False,104.883,1.0
2805,M,372,826,Ireland,United Kingdom,False,False,False,False,92736.084,20655.121
2805,M,372,842,Ireland,USA,False,False,False,False,12937.379,158.0
2805,M,380,40,Italy,Austria,False,False,False,False,66226.622,7810.0
2805,M,380,56,Italy,Belgium,False,False,True,False,11740.415,105.0
2805,M,380,156,Italy,China,False,False,False,False,2792242.134,498576.0
2805,M,380,251,Italy,France,False,False,False,False,2142689.473,349007.0
2805,M,380,276,Italy,Germany,False,False,False,False,1220417.079,1351650.0
2805,M,380,348,Italy,Hungary,False,False,False,False,28350.863,2225.0
2805,M,380,442,Italy,Luxembourg,False,False,False,False,21427.5,1826.0
2805,M,380,490,Italy,"Other Asia, nes",False,False,False,False,58103.051,355.0
2805,M,380,528,Italy,Netherlands,False,False,True,False,2100734.088,511787.0
2805,M,380,616,Italy,Poland,False,False,False,False,12.975,1.0
2805,M,380,682,Italy,Saudi Arabia,False,False,False,False,58037.093,1080.0
2805,M,380,705,Italy,Slovenia,False,False,False,False,21521.571,6116.0
2805,M,380,724,Italy,Spain,False,False,False,False,90710.868,111745.0
2805,M,380,752,Italy,Sweden,False,False,False,False,26353.76,1.0
2805,M,380,757,Italy,Switzerland,False,False,False,False,14273.827,2120.0
2805,M,380,792,Italy,Türkiye,False,False,False,False,1768.955,11.392
2805,M,380,826,Italy,United Kingdom,False,False,False,False,23199.7,3110.774
2805,M,380,842,Italy,USA,False,False,False,False,357618.783,8583.0
2805,M,392,40,Japan,Austria,False,False,False,False,28322.045,633.0
2805,M,392,156,Japan,China,False,False,False,False,217124259.946,6589384.0
2805,M,392,251,Japan,France,False,False,False,False,4979960.681,1211794.0
2805,M,392,276,Japan,Germany,False,False,False,False,813901.106,2272.0
2805,M,392,410,Japan,Rep. of Korea,False,False,False,False,164963.987,56474.611
2805,M,392,608,Japan,Philippines,False,False,False,False,605041.154,2615.0
2805,M,392,643,Japan,Russian Federation,False,False,False,False,1603494.653,33464.171
2805,M,392,704,Japan,Viet Nam,False,False,False,False,100273753.756,1605413.0
2805,M,392,764,Japan,Thailand,False,False,False,False,39177395.186,474800.0
2805,M,392,826,Japan,United Kingdom,False,False,False,False,14869.251,143.197
2805,M,392,842,Japan,USA,False,False,False,False,3632766.651,7308.518
2805,M,410,56,Rep. of Korea,Belgium,False,False,True,False,1807.0,5.742
2805,M,410,124,Rep. of Korea,Canada,False,False,False,False,232.0,0.024
2805,M,410,156,Rep. of Korea,China,False,False,False,False,32821406.0,1287891.967
2805,M,410,251,Rep. of Korea,France,False,False,False,False,35552.0,124.461
2805,M,410,276,Rep. of Korea,Germany,False,False,False,False,76343.0,4536.899
2805,M,410,324,Rep. of Korea,Guinea,False,False,False,False,205.0,5.0
2805,M,410,344,Rep. of Korea,"China, Hong Kong SAR",False,False,True,False,25115.0,12.2
2805,M,410,348,Rep. of Korea,Hungary,False,False,False,False,2483.0,17.095
2805,M,410,372,Rep. of Korea,Ireland,False,False,False,False,43.0,0.5
2805,M,410,380,Rep. of Korea,Italy,False,False,False,False,39037.0,1080.0
2805,M,410,392,Rep. of Korea,Japan,False,False,False,False,1228177.0,2636.892
2805,M,410,458,Rep. of Korea,Malaysia,False,False,False,False,11.0,0.3
2805,M,410,484,Rep. of Korea,Mexico,False,False,False,False,11.0,0.9
2805,M,410,528,Rep. of Korea,Netherlands,False,False,True,False,455.0,0.42
2805,M,410,643,Rep. of Korea,Russian Federation,False,False,False,False,35682.0,622.588
2805,M,410,699,Rep. of Korea,India,False,False,False,False,31.0,1.42
2805,M,410,702,Rep. of Korea,Singapore,False,False,True,False,47.0,5.555
2805,M,410,704,Rep. of Korea,Viet Nam,False,False,False,False,447996.0,5033.59
2805,M,410,710,Rep. of Korea,South Africa,False,False,False,False,165926.0,6800.935
2805,M,410,757,Rep. of Korea,Switzerland,False,False,False,False,696.0,0.7
2805,M,410,792,Rep. of Korea,Türkiye,False,False,False,False,177.0,0.0
2805,M,410,826,Rep. of Korea,United Kingdom,False,False,False,False,9747.0,10.125
2805,M,410,842,Rep. of Korea,USA,False,False,False,False,459755.0,1440.053
2805,M,458,36,Malaysia,Australia,False,False,False,False,149847143.027,28615500.0
2805,M,458,76,Malaysia,Brazil,False,False,False,False,12351.381,3024.0
2805,M,458,124,Malaysia,Canada,False,False,False,False,420.337,5.4
2805,M,458,152,Malaysia,Chile,False,False,False,False,195.807,6.0
2805,M,458,156,Malaysia,China,False,False,False,False,405340.402,627964.02
2805,M,458,276,Malaysia,Germany,False,False,False,False,2882.72,406.35
2805,M,458,392,Malaysia,Japan,False,False,False,False,43022.406,3007.0
2805,M,458,528,Malaysia,Netherlands,False,False,True,False,31155.389,9210.0
2805,M,458,616,Malaysia,Poland,False,False,False,False,919.83,212.0
2805,M,458,699,Malaysia,India,False,False,False,False,391413.578,8503.0
2805,M,458,702,Malaysia,Singapore,False,False,True,False,146411.776,39462.9
2805,M,458,724,Malaysia,Spain,False,False,False,False,71.92,0.7
2805,M,458,757,Malaysia,Switzerland,False,False,False,False,14744.036,930.0
2805,M,458,826,Malaysia,United Kingdom,False,False,False,False,755.598,1.1
2805,M,458,842,Malaysia,USA,False,False,False,False,22735.926,2444.72
2805,M,484,156,Mexico,China,False,False,False,False,3184436.0,0.0
2805,M,484,842,Mexico,USA,False,False,False,False,114203.0,0.0
2805,M,528,40,Netherlands,Austria,False,False,False,True,4397.519,1898.346
2805,M,528,56,Netherlands,Belgium,False,False,True,True,1118124.742,479964.0
2805,M,528,76,Netherlands,Brazil,False,False,False,True,109.208,1.0
2805,M,528,100,Netherlands,Bulgaria,False,False,False,True,51.901,0.937
2805,M,528,124,Netherlands,Canada,False,False,False,True,33662.055,1.0
2805,M,528,156,Netherlands,China,False,False,False,True,10322797.989,756002.0
2805,M,528,191,Netherlands,Croatia,False,False,False,True,9.731,0.486
2805,M,528,203,Netherlands,Czechia,False,False,False,True,409.801,113.661
2805,M,528,208,Netherlands,Denmark,False,False,False,True,121.102,3.024
2805,M,528,233,Netherlands,Estonia,False,False,False,True,24.869,9.0
2805,M,528,246,Netherlands,Finland,False,False,False,True,6.488,0.139
2805,M,528,251,Netherlands,France,False,False,False,True,1575617.064,477614.0
2805,M,528,276,Netherlands,Germany,False,False,False,True,309384.472,241670.0
2805,M,528,344,Netherlands,"China, Hong Kong SAR",False,False,True,True,3934384.015,8114.0
2805,M,528,348,Netherlands,Hungary,False,False,False,True,78.933,8.015
2805,M,528,360,Netherlands,Indonesia,False,False,False,True,437.914,68.0
2805,M,528,372,Netherlands,Ireland,False,False,False,True,614.161,6.0
2805,M,528,376,Netherlands,Israel,False,False,False,True,117.858,1.0
2805,M,528,380,Netherlands,Italy,False,False,False,True,100315.777,590.082
2805,M,528,392,Netherlands,Japan,False,False,False,True,303.836,1.0
2805,M,528,400,Netherlands,Jordan,False,False,False,True,91.908,1.0
2805,M,528,428,Netherlands,Latvia,False,False,False,True,972.06,375.0
2805,M,528,440,Netherlands,Lithuania,False,False,False,True,7.569,1.803
2805,M,528,442,Netherlands,Luxembourg,False,False,False,True,43308.052,6203.0
2805,M,528,446,Netherlands,"China, Macao SAR",False,False,False,True,4.325,1.0
2805,M,528,470,Netherlands,Malta,False,False,False,True,18.382,6.0
2805,M,528,608,Netherlands,Philippines,False,False,False,True,276.805,13.0
2805,M,528,616,Netherlands,Poland,False,False,False,True,351.412,68.259
2805,M,528,620,Netherlands,Portugal,False,False,False,True,6.488,2.039
2805,M,528,642,Netherlands,Romania,False,False,False,True,16.219,0.293
2805,M,528,643,Netherlands,Russian Federation,False,False,False,True,1607.846,404.0
2805,M,528,682,Netherlands,Saudi Arabia,False,False,False,True,551.447,2.0
2805,M,528,699,Netherlands,India,False,False,False,True,162.19,10.0
2805,M,528,703,Netherlands,Slovakia,False,False,False,True,3.244,0.059
2805,M,528,705,Netherlands,Slovenia,False,False,False,True,37.844,13.059
2805,M,528,724,Netherlands,Spain,False,False,False,True,436.833,105.01
2805,M,528,752,Netherlands,Sweden,False,False,False,True,60.551,1.771
2805,M,528,757,Netherlands,Switzerland,False,False,False,True,75540.67,13137.0
2805,M,528,764,Netherlands,Thailand,False,False,False,True,3891.486,3.0
2805,M,528,784,Netherlands,United Arab Emirates,False,False,True,True,46457.788,7288.0
2805,M,528,792,Netherlands,Türkiye,False,False,False,True,789531.534,1.0
2805,M,528,826,Netherlands,United Kingdom,False,False,False,True,40009.101,2053.68
2805,M,528,842,Netherlands,USA,False,False,False,True,158585.343,5710.0
2805,M,616,36,Poland,Australia,False,False,False,False,417.0,50.0
2805,M,616,40,Poland,Austria,False,False,False,False,1117.0,150.0
2805,M,616,56,Poland,Belgium,False,False,True,False,186.0,31.647
2805,M,616,156,Poland,China,False,False,False,False,1069213.0,210936.0
2805,M,616,203,Poland,Czechia,False,False,False,False,496.0,3.733
2805,M,616,251,Poland,France,False,False,False,False,10511960.0,2021571.85
2805,M,616,276,Poland,Germany,False,False,False,False,10054.0,182.226
2805,M,616,442,Poland,Luxembourg,False,False,False,False,6852.0,600.0
2805,M,616,528,Poland,Netherlands,False,False,True,False,10002.0,270.0
2805,M,616,643,Poland,Russian Federation,False,False,False,False,1617.0,65.869
2805,M,616,699,Poland,India,False,False,False,False,4594.0,3.017
2805,M,616,703,Poland,Slovakia,False,False,False,False,47108.0,10701.0
2805,M,616,757,Poland,Switzerland,False,False,False,False,2836.0,1.0
2805,M,616,792,Poland,Türkiye,False,False,False,False,1182.0,211.959
2805,M,616,826,Poland,United Kingdom,False,False,False,False,351.0,56.0
2805,M,616,842,Poland,USA,False,False,False,False,68624.0,2051.443
2805,M,699,40,India,Austria,False,False,False,False,169320.794,7100.0
2805,M,699,56,India,Belgium,False,False,True,False,690.052,2.0
2805,M,699,124,India,Canada,False,False,False,False,2952.119,2.0
2805,M,699,156,India,China,False,False,False,False,73828596.851,14844913.936
2805,M,699,251,India,France,False,False,False,False,6113764.274,1976180.0
2805,M,699,276,India,Germany,False,False,False,False,3473890.197,17989.418
2805,M,699,344,India,"China, Hong Kong SAR",False,False,True,False,2870.788,2.0
2805,M,699,392,India,Japan,False,False,False,False,676187.474,24065.176
2805,M,699,410,India,Rep. of Korea,False,False,False,False,13837.422,15703.0
2805,M,699,528,India,Netherlands,False,False,True,False,33961.148,30.0
2805,M,699,604,India,Peru,False,False,False,False,1559579.53,35743.0
2805,M,699,643,India,Russian Federation,False,False,False,False,2260671.47,116299.0
2805,M,699,699,India,India,False,False,False,False,48124.607,300.0
2805,M,699,724,India,Spain,False,False,False,False,3293.217,1250.0
2805,M,699,764,India,Thailand,False,False,False,False,1447918.893,32741.0
2805,M,699,826,India,United Kingdom,False,False,False,False,37892.069,617.407
2805,M,699,842,India,USA,False,False,False,False,51400.524,1299.87
2805,M,702,36,Singapore,Australia,False,False,False,True,355.914,18.2
2805,M,702,76,Singapore,Brazil,False,False,False,True,13424.949,5544.0
2805,M,702,156,Singapore,China,False,False,False,True,51344347.603,159017.0
2805,M,702,191,Singapore,Croatia,False,False,False,True,21377.909,1100.0
2805,M,702,251,Singapore,France,False,False,False,True,2528.626,3.31
2805,M,702,276,Singapore,Germany,False,False,False,True,763.204,0.66
2805,M,702,344,Singapore,"China, Hong Kong SAR",False,False,True,True,2011.881,1.0
2805,M,702,360,Singapore,Indonesia,False,False,False,True,1.489,0.1
2805,M,702,392,Singapore,Japan,False,False,False,True,44479.544,326.5
2805,M,702,458,Singapore,Malaysia,False,False,False,True,104.243,0.9
2805,M,702,616,Singapore,Poland,False,False,False,True,32.017,3.6
2805,M,702,643,Singapore,Russian Federation,False,False,False,True,380.485,1.219
2805,M,702,699,Singapore,India,False,False,False,True,4524.126,1.21
2805,M,702,792,Singapore,Türkiye,False,False,False,True,39610.673,210.0
2805,M,702,826,Singapore,United Kingdom,False,False,False,True,396.866,0.5
2805,M,702,842,Singapore,USA,False,False,False,True,67525.333,685.06
2805,M,704,156,Viet Nam,China,False,False,False,False,3762275.56,0.0
2805,M,704,392,Viet Nam,Japan,False,False,False,False,31093.08,8614.224
2805,M,704,490,Viet Nam,"Other Asia, nes",False,False,False,False,6491.51,1945.033
2805,M,710,40,South Africa,Austria,False,False,False,False,112.952,0.18
2805,M,710,56,South Africa,Belgium,False,False,True,False,27680.176,5401.0
2805,M,710,124,South Africa,Canada,False,False,False,False,35.447,10.0
2805,M,710,156,South Africa,China,False,False,False,False,439908.541,280114.92
2805,M,710,251,South Africa,France,False,False,False,False,1055.758,52.81
2805,M,710,276,South Africa,Germany,False,False,False,False,17166.223,3607.0
2805,M,710,344,South Africa,"China, Hong Kong SAR",False,False,True,False,27056.01,1122.58
2805,M,710,348,South Africa,Hungary,False,False,False,False,2117.208,300.11
2805,M,710,417,South Africa,Kyrgyzstan,False,False,False,False,2921670.927,36609.85
2805,M,710,528,South Africa,Netherlands,False,False,True,False,720.966,297.0
2805,M,710,699,South Africa,India,False,False,False,False,55241.437,25616.94
2805,M,710,710,South Africa,South Africa,False,False,False,False,24.607,0.1
2805,M,710,826,South Africa,United Kingdom,False,False,False,False,87781.115,8504.08
2805,M,710,842,South Africa,USA,False,False,False,False,2717.525,83.91
2805,M,724,36,Spain,Australia,False,False,False,False,114.69,6.0
2805,M,724,40,Spain,Austria,False,False,False,False,80162.769,4922.63
2805,M,724,56,Spain,Belgium,False,False,True,False,16568.02,5009.05
2805,M,724,100,Spain,Bulgaria,False,False,False,False,1076.035,25.4
2805,M,724,124,Spain,Canada,False,False,False,False,424.42,1.0
2805,M,724,156,Spain,China,False,False,False,False,3896482.781,936547.4
2805,M,724,208,Spain,Denmark,False,False,False,False,860.063,0.91
2805,M,724,251,Spain,France,False,False,False,False,62350.501,4715.562
2805,M,724,276,Spain,Germany,False,False,False,False,115766.674,24018.732
2805,M,724,348,Spain,Hungary,False,False,False,False,198.305,2.95
2805,M,724,380,Spain,Italy,False,False,False,False,99750.447,7528.09
2805,M,724,392,Spain,Japan,False,False,False,False,2432.281,9.79
2805,M,724,442,Spain,Luxembourg,False,False,False,False,314589.126,87054.0
2805,M,724,484,Spain,Mexico,False,False,False,False,202.013,4.0
2805,M,724,490,Spain,"Other Asia, nes",False,False,False,False,1673.804,6.44
2805,M,724,528,Spain,Netherlands,False,False,True,False,603028.245,50101.831
2805,M,724,568,Spain,"Other Europe, nes",False,False,False,False,93.865,1.0
2805,M,724,608,Spain,Philippines,False,False,False,False,72.369,1.22
2805,M,724,616,Spain,Poland,False,False,False,False,2260.933,28.83
2805,M,724,643,Spain,Russian Federation,False,False,False,False,67295.921,9462.1
2805,M,724,704,Spain,Viet Nam,False,False,False,False,1075.841,1.275
2805,M,724,752,Spain,Sweden,False,False,False,False,572280.264,73848.4
2805,M,724,757,Spain,Switzerland,False,False,False,False,2405.023,260.0
2805,M,724,764,Spain,Thailand,False,False,False,False,562.227,3.24
2805,M,724,792,Spain,Türkiye,False,False,False,False,124.335,7.2
2805,M,724,826,Spain,United Kingdom,False,False,False,False,19844.101,1578.0
2805,M,724,842,Spain,USA,False,False,False,False,52884.621,163.665
2805,M,752,40,Sweden,Austria,False,False,False,False,394433.195,25000.0
2805,M,752,56,Sweden,Belgium,False,False,True,False,30065.517,7261.113
2805,M,752,156,Sweden,China,False,False,False,False,188.499,30.073
2805,M,752,208,Sweden,Denmark,False,False,False,False,188.499,49.491
2805,M,752,251,Sweden,France,False,False,False,False,308760.609,84145.445
2805,M,752,276,Sweden,Germany,False,False,False,False,24599.059,2437.018
2805,M,752,344,Sweden,"China, Hong Kong SAR",False,False,True,False,2167.733,0.0
2805,M,752,372,Sweden,Ireland,False,False,False,False,9236.428,1000.0
2805,M,752,392,Sweden,Japan,False,False,False,False,3487.223,197.123
2805,M,752,410,Sweden,Rep. of Korea,False,False,False,False,2356.232,0.0
2805,M,752,528,Sweden,Netherlands,False,False,True,False,4806.713,1021.311
2805,M,752,616,Sweden,Poland,False,False,False,False,94.249,24.746
2805,M,752,643,Sweden,Russian Federation,False,False,False,False,74645.422,0.0
2805,M,752,724,Sweden,Spain,False,False,False,False,94.249,24.746
2805,M,752,764,Sweden,Thailand,False,False,False,False,94.249,5.328
2805,M,752,826,Sweden,United Kingdom,False,False,False,False,6126.203,0.0
2805,M,752,842,Sweden,USA,False,False,False,False,98019.241,6421.598
2805,M,764,56,Thailand,Belgium,False,False,True,False,340411.856,55881.641
2805,M,764,156,Thailand,China,False,False,False,False,7205793.554,130645.0
2805,M,764,251,Thailand,France,False,False,False,False,224548.398,36765.108
2805,M,764,276,Thailand,Germany,False,False,False,False,7863.281,179.318
2805,M,764,348,Thailand,Hungary,False,False,False,False,45.466,7.344
2805,M,764,372,Thailand,Ireland,False,False,False,False,47.873,1.0
2805,M,764,380,Thailand,Italy,False,False,False,False,1805.941,1.0
2805,M,764,392,Thailand,Japan,False,False,False,False,56415.394,2472.0
2805,M,764,410,Thailand,Rep. of Korea,False,False,False,False,3.525,0.569
2805,M,764,458,Thailand,Malaysia,False,False,False,False,20314651.531,282716.0
2805,M,764,490,Thailand,"Other Asia, nes",False,False,False,False,9626.293,6756.0
2805,M,764,643,Thailand,Russian Federation,False,False,False,False,2.604,0.489
2805,M,764,699,Thailand,India,False,False,False,False,7.074,2.0
2805,M,764,724,Thailand,Spain,False,False,False,False,29.706,3.0
2805,M,764,792,Thailand,Türkiye,False,False,False,False,470.534,3.1
2805,M,764,826,Thailand,United Kingdom,False,False,False,False,102.598,19.265
2805,M,764,842,Thailand,USA,False,False,False,False,86746.427,8198.118
2805,M,792,56,Türkiye,Belgium,False,False,True,False,16.0,1.0
2805,M,792,156,Türkiye,China,False,False,False,False,8007505.0,2355557.0
2805,M,792,180,Türkiye,Dem. Rep. of the Congo,False,False,False,False,3.0,1.0
2805,M,792,203,Türkiye,Czechia,False,False,False,False,36.0,1.0
2805,M,792,251,Türkiye,France,False,False,False,False,202053.0,61843.0
2805,M,792,276,Türkiye,Germany,False,False,False,False,44638.0,87.0
2805,M,792,380,Türkiye,Italy,False,False,False,False,4885.0,81.0
2805,M,792,392,Türkiye,Japan,False,False,False,False,64.0,1.0
2805,M,792,484,Türkiye,Mexico,False,False,False,False,22660.0,380.0
2805,M,792,528,Türkiye,Netherlands,False,False,True,False,9222.0,3476.0
2805,M,792,566,Türkiye,Nigeria,False,False,False,False,54927.0,54001.0
2805,M,792,643,Türkiye,Russian Federation,False,False,False,False,47684.0,495.0
2805,M,792,699,Türkiye,India,False,False,False,False,21030.0,10360.0
2805,M,792,757,Türkiye,Switzerland,False,False,False,False,257366.0,6629.0
2805,M,792,784,Türkiye,United Arab Emirates,False,False,True,False,15015.0,6664.0
2805,M,792,788,Türkiye,Tunisia,False,False,False,False,5.0,1.0
2805,M,792,826,Türkiye,United Kingdom,False,False,False,False,12.0,2.0
2805,M,792,842,Türkiye,USA,False,False,False,False,9696.0,761.0
2805,M,826,40,United Kingdom,Austria,False,False,False,False,45273.136,1276.0
2805,M,826,124,United Kingdom,Canada,False,False,False,False,7209.098,12.676
2805,M,826,156,United Kingdom,China,False,False,False,False,5750691.394,188164.877
2805,M,826,208,United Kingdom,Denmark,False,False,False,False,1922.84,1.0
2805,M,826,251,United Kingdom,France,False,False,False,False,2465366.149,326644.0
2805,M,826,276,United Kingdom,Germany,False,False,False,False,173339.037,1038.034
2805,M,826,348,United Kingdom,Hungary,False,False,False,False,56268.254,2075.0
2805,M,826,372,United Kingdom,Ireland,False,False,False,False,875549.944,5979.0
2805,M,826,380,United Kingdom,Italy,False,False,False,False,4515.63,78.0
2805,M,826,392,United Kingdom,Japan,False,False,False,False,5025.239,10.0
2805,M,826,490,United Kingdom,"Other Asia, nes",False,False,False,False,15088.145,7.0
2805,M,826,528,United Kingdom,Netherlands,False,False,True,False,44691.437,1267.0
2805,M,826,616,United Kingdom,Poland,False,False,False,False,7429.1,5.0
2805,M,826,643,United Kingdom,Russian Federation,False,False,False,False,46435.293,3040.0
2805,M,826,699,United Kingdom,India,False,False,False,False,42667.918,75.0
2805,M,826,704,United Kingdom,Viet Nam,False,False,False,False,5785.923,90.0
2805,M,826,757,United Kingdom,Switzerland,False,False,False,False,21151.245,222.0
2805,M,826,764,United Kingdom,Thailand,False,False,False,False,268658.23,2000.0
2805,M,826,826,United Kingdom,United Kingdom,False,False,False,False,9181.657,96.963
2805,M,826,842,United Kingdom,USA,False,False,False,False,41807396.11,168460.609
2805,M,842,124,USA,Canada,False,False,False,False,77214.0,1413.0
2805,M,842,156,USA,China,False,False,False,False,69495369.0,12126337.0
2805,M,842,203,USA,Czechia,False,False,False,False,6850.0,10.0
2805,M,842,251,USA,France,False,False,False,False,20836126.0,6085686.0
2805,M,842,276,USA,Germany,False,False,False,False,5864485.0,169859.922
2805,M,842,344,USA,"China, Hong Kong SAR",False,False,True,False,30687.0,5485.0
2805,M,842,360,USA,Indonesia,False,False,False,False,4150.0,25.0
2805,M,842,380,USA,Italy,False,False,False,False,14882.0,45.0
2805,M,842,392,USA,Japan,False,False,False,False,91531.0,7233.0
2805,M,842,410,USA,Rep. of Korea,False,False,False,False,3266.0,3.0
2805,M,842,484,USA,Mexico,False,False,False,False,265580.0,3018400.0
2805,M,842,528,USA,Netherlands,False,False,True,False,10981.0,8.0
2805,M,842,579,USA,Norway,False,False,False,False,5315.0,1846.0
2805,M,842,643,USA,Russian Federation,False,False,False,False,286205.0,14975.0
2805,M,842,682,USA,Saudi Arabia,False,False,False,False,61811.0,15313.0
2805,M,842,699,USA,India,False,False,False,False,64636.0,16038.0
2805,M,842,704,USA,Viet Nam,False,False,False,False,52000.0,350.0
2805,M,842,757,USA,Switzerland,False,False,False,False,8285.0,1635.0
2805,M,842,792,USA,Türkiye,False,False,False,False,113730.0,12563.761
2805,M,842,826,USA,United Kingdom,False,False,False,False,286565.0,10402.0
2825,M,36,36,Australia,Australia,False,False,False,False,3266.296,70.9
2825,M,36,56,Australia,Belgium,False,False,True,False,2011729.197,574445.5
2825,M,36,124,Australia,Canada,False,False,False,False,867.152,1.0
2825,M,36,152,Australia,Chile,False,False,False,False,2055161.275,370440.0
2825,M,36,156,Australia,China,False,False,False,False,5534863.545,854792.081
2825,M,36,246,Australia,Finland,False,False,False,False,1565.522,5.0
2825,M,36,251,Australia,France,False,False,False,False,265923.874,18005.4
2825,M,36,276,Australia,Germany,False,False,False,False,1291178.671,145936.432
2825,M,36,344,Australia,"China, Hong Kong SAR",False,False,True,False,6351.101,23.65
2825,M,36,360,Australia,Indonesia,False,False,False,False,345488.537,20055.0
2825,M,36,380,Australia,Italy,False,False,False,False,707524.684,32000.9
2825,M,36,392,Australia,Japan,False,False,False,False,115876.492,20449.218
2825,M,36,410,Australia,Rep. of Korea,False,False,False,False,964548.902,221044.2
2825,M,36,440,Australia,Lithuania,False,False,False,False,13055.97,861.96
2825,M,36,458,Australia,Malaysia,False,False,False,False,307025.533,76820.0
2825,M,36,490,Australia,"Other Asia, nes",False,False,False,False,236360.518,30000.0
2825,M,36,554,Australia,New Zealand,False,False,False,False,17497.951,6340.0
2825,M,36,579,Australia,Norway,False,False,False,False,721471.635,91250.0
2825,M,36,608,Australia,Philippines,False,False,False,False,1315.115,1.5
2825,M,36,643,Australia,Russian Federation,False,False,False,False,1287.332,2.5
2825,M,36,699,Australia,India,False,False,False,False,42207.798,4707.177
2825,M,36,702,Australia,Singapore,False,False,True,False,149723.763,20000.0
2825,M,36,704,Australia,Viet Nam,False,False,False,False,50023.829,96024.6
2825,M,36,710,Australia,South Africa,False,False,False,False,291477.335,13017.0
2825,M,36,757,Australia,Switzerland,False,False,False,False,943412.53,167834.0
2825,M,36,764,Australia,Thailand,False,False,False,False,683213.243,4358425.2
2825,M,36,826,Australia,United Kingdom,False,False,False,False,174013.523,35173.62
2825,M,36,842,Australia,USA,False,False,False,False,3417416.074,332014.315
2825,M,40,56,Austria,Belgium,False,False,True,False,3498697.637,393296.0
2825,M,40,152,Austria,Chile,False,False,False,False,3156930.251,223068.0
2825,M,40,156,Austria,China,False,False,False,False,969716.299,98289.797
2825,M,40,203,Austria,Czechia,False,False,False,False,790576.039,95350.0
2825,M,40,251,Austria,France,False,False,False,False,297125.048,25053.0
2825,M,40,276,Austria,Germany,False,False,False,False,3476072.091,1481323.0
2825,M,40,372,Austria,Ireland,False,False,False,False,72.445,24.0
2825,M,40,380,Austria,Italy,False,False,False,False,25619.579,36000.0
2825,M,40,392,Austria,Japan,False,False,False,False,166690.533,7456.001
2825,M,40,528,Austria,Netherlands,False,False,True,False,1522.426,29.0
2825,M,40,616,Austria,Poland,False,False,False,False,31290.833,408085.0
2825,M,40,643,Austria,Russian Federation,False,False,False,False,157.865,8.0
2825,M,40,699,Austria,India,False,False,False,False,1545.133,30.0
2825,M,40,724,Austria,Spain,False,False,False,False,3212061.976,522112.0
2825,M,40,757,Austria,Switzerland,False,False,False,False,2182.0,49.0
2825,M,40,792,Austria,Türkiye,False,False,False,False,104.883,5.399
2825,M,40,826,Austria,United Kingdom,False,False,False,False,616277.7,18211.0
2825,M,40,842,Austria,USA,False,False,False,False,57335.35,2511.0
2825,M,56,31,Belgium,Azerbaijan,False,False,False,True,10415.686,4949.0
2825,M,56,36,Belgium,Australia,False,False,False,True,1760208.797,220068.86
2825,M,56,40,Belgium,Austria,False,False,False,True,4355299.33,100176.48
2825,M,56,76,Belgium,Brazil,False,False,False,True,1019430.501,25000.0
2825,M,56,152,Belgium,Chile,False,False,False,True,6454659.943,76178.8
2825,M,56,156,Belgium,China,False,False,False,True,8113778.645,682305.222
2825,M,56,203,Belgium,Czechia,False,False,False,True,9846.165,362.32
2825,M,56,233,Belgium,Estonia,False,False,False,True,1911692.092,42476.0
2825,M,56,246,Belgium,Finland,False,False,False,True,7616.404,21969.946
2825,M,56,251,Belgium,France,False,False,False,True,6717503.735,518196.32
2825,M,56,276,Belgium,Germany,False,False,False,True,21312404.446,44534192.18
2825,M,56,300,Belgium,Greece,False,False,False,True,47335.81,2.12
2825,M,56,372,Belgium,Ireland,False,False,False,True,121.362,2.24
2825,M,56,380,Belgium,Italy,False,False,False,True,724986.598,88646.66
2825,M,56,392,Belgium,Japan,False,False,False,True,1281180.335,54541.56
2825,M,56,410,Belgium,Rep. of Korea,False,False,False,True,235776.223,25103.15
2825,M,56,442,Belgium,Luxembourg,False,False,False,True,746117.859,85691.71
2825,M,56,484,Belgium,Mexico,False,False,False,True,561.082,23.87
2825,M,56,490,Belgium,"Other Asia, nes",False,False,False,True,107956.761,13088.93
2825,M,56,512,Belgium,Oman,False,False,False,True,224.036,1460.09
2825,M,56,528,Belgium,Netherlands,False,False,True,True,18135055.12,2130862.82
2825,M,56,608,Belgium,Philippines,False,False,False,True,3011580.764,126193.22
2825,M,56,616,Belgium,Poland,False,False,False,True,106221.551,14327.65
2825,M,56,643,Belgium,Russian Federation,False,False,False,True,356655.281,4625.0
2825,M,56,699,Belgium,India,False,False,False,True,3490951.299,94267.37
2825,M,56,702,Belgium,Singapore,False,False,True,True,22258.974,4848.62
2825,M,56,710,Belgium,South Africa,False,False,False,True,341739.971,43084.58
2825,M,56,724,Belgium,Spain,False,False,False,True,116357.181,13604.73
2825,M,56,757,Belgium,Switzerland,False,False,False,True,1177.65,18501.89
2825,M,56,764,Belgium,Thailand,False,False,False,True,2298242.137,50000.0
2825,M,56,792,Belgium,Türkiye,False,False,False,True,10066.047,32.74
2825,M,56,826,Belgium,United Kingdom,False,False,False,True,2844350.071,159384.35
2825,M,56,842,Belgium,USA,False,False,False,True,2272536.032,238671.69
2825,M,76,32,Brazil,Argentina,False,False,False,False,150.0,1.0
2825,M,76,36,Brazil,Australia,False,False,False,False,7906.0,1000.0
2825,M,76,40,Brazil,Austria,False,False,False,False,204.0,5.22
2825,M,76,56,Brazil,Belgium,False,False,True,False,1787557.0,169092.0
2825,M,76,68,Brazil,Bolivia (Plurinational State of),False,False,False,False,9468433.0,729000.0
2825,M,76,124,Brazil,Canada,False,False,False,False,159526.0,8973.993
2825,M,76,152,Brazil,Chile,False,False,False,False,3489990.0,324000.0
2825,M,76,156,Brazil,China,False,False,False,False,4311692.0,324539.19
2825,M,76,251,Brazil,France,False,False,False,False,190286.0,21347.582
2825,M,76,276,Brazil,Germany,False,False,False,False,885252.0,88394.151
2825,M,76,376,Brazil,Israel,False,False,False,False,9631.0,1000.0
2825,M,76,380,Brazil,Italy,False,False,False,False,67370.0,4010.586
2825,M,76,392,Brazil,Japan,False,False,False,False,608904.0,79324.314
2825,M,76,410,Brazil,Rep. of Korea,False,False,False,False,235469.0,7915.0
2825,M,76,417,Brazil,Kyrgyzstan,False,False,False,False,89239.0,42500.0
2825,M,76,428,Brazil,Latvia,False,False,False,False,51070.0,42500.0
2825,M,76,484,Brazil,Mexico,False,False,False,False,27867.0,750.0
2825,M,76,528,Brazil,Netherlands,False,False,True,False,159835.0,6607.0
2825,M,76,579,Brazil,Norway,False,False,False,False,696659.0,76000.0
2825,M,76,604,Brazil,Peru,False,False,False,False,2547558.0,257000.0
2825,M,76,608,Brazil,Philippines,False,False,False,False,175181.0,7800.0
2825,M,76,616,Brazil,Poland,False,False,False,False,29.0,1.0
2825,M,76,643,Brazil,Russian Federation,False,False,False,False,279224.0,2151.581
2825,M,76,699,Brazil,India,False,False,False,False,326493.0,240171.385
2825,M,76,710,Brazil,South Africa,False,False,False,False,418043.0,20000.0
2825,M,76,724,Brazil,Spain,False,False,False,False,513615.0,395325.508
2825,M,76,757,Brazil,Switzerland,False,False,False,False,22115.0,105.729
2825,M,76,792,Brazil,Türkiye,False,False,False,False,181148.0,370510.666
2825,M,76,826,Brazil,United Kingdom,False,False,False,False,67636.0,3517.717
2825,M,76,842,Brazil,USA,False,False,False,False,3115141.0,327023.074
2825,M,124,56,Canada,Belgium,False,False,True,False,856915.024,177071.867
2825,M,124,68,Canada,Bolivia (Plurinational State of),False,False,False,False,385477.937,76164.0
2825,M,124,76,Canada,Brazil,False,False,False,False,18462044.14,1175167.0
2825,M,124,100,Canada,Bulgaria,False,False,False,False,196563.672,45638.0
2825,M,124,120,Canada,Cameroon,False,False,False,False,27.409,10.0
2825,M,124,124,Canada,Canada,False,False,False,False,40349.397,11647.952
2825,M,124,144,Canada,Sri Lanka,False,False,False,False,2.963,0.272
2825,M,124,152,Canada,Chile,False,False,False,False,943732.01,20000.0
2825,M,124,156,Canada,China,False,False,False,False,22811819.97,2580309.67
2825,M,124,203,Canada,Czechia,False,False,False,False,945.249,480.0
2825,M,124,208,Canada,Denmark,False,False,False,False,41.484,10.0
2825,M,124,233,Canada,Estonia,False,False,False,False,77300.046,300.0
2825,M,124,246,Canada,Finland,False,False,False,False,194.828,40.0
2825,M,124,251,Canada,France,False,False,False,False,501561.348,111327.0
2825,M,124,260,Canada,Fr. South Antarctic Terr.,False,False,False,False,207.421,1.0
2825,M,124,276,Canada,Germany,False,False,False,False,9847736.766,696721.0
2825,M,124,344,Canada,"China, Hong Kong SAR",False,False,True,False,273.352,987.0
2825,M,124,360,Canada,Indonesia,False,False,False,False,84273.851,8968.0
2825,M,124,376,Canada,Israel,False,False,False,False,860.799,56.541
2825,M,124,380,Canada,Italy,False,False,False,False,74545.785,4542.0
2825,M,124,392,Canada,Japan,False,False,False,False,862045.742,102454.0
2825,M,124,410,Canada,Rep. of Korea,False,False,False,False,421498.152,179790.0
2825,M,124,484,Canada,Mexico,False,False,False,False,1516.399,578.0
2825,M,124,490,Canada,"Other Asia, nes",False,False,False,False,132899.364,5002.0
2825,M,124,528,Canada,Netherlands,False,False,True,False,1101.556,160.0
2825,M,124,540,Canada,New Caledonia,False,False,False,False,7650.147,1971.0
2825,M,124,579,Canada,Norway,False,False,False,False,17363.397,4089.0
2825,M,124,642,Canada,Romania,False,False,False,False,32.595,6.0
2825,M,124,643,Canada,Russian Federation,False,False,False,False,16103.312,17784.0
2825,M,124,699,Canada,India,False,False,False,False,44224.474,42333.0
2825,M,124,704,Canada,Viet Nam,False,False,False,False,16971748.477,590303.0
2825,M,124,710,Canada,South Africa,False,False,False,False,21467395.66,1275017.0
2825,M,124,724,Canada,Spain,False,False,False,False,7579.031,577.0
2825,M,124,752,Canada,Sweden,False,False,False,False,154.825,4624.0
2825,M,124,757,Canada,Switzerland,False,False,False,False,457096.117,90623.0
2825,M,124,764,Canada,Thailand,False,False,False,False,119.267,48.0
2825,M,124,792,Canada,Türkiye,False,False,False,False,69986.958,340000.0
2825,M,124,826,Canada,United Kingdom,False,False,False,False,433272.282,551853.0
2825,M,124,842,Canada,USA,False,False,False,False,24500566.1,35713906.0
2825,M,124,894,Canada,Zambia,False,False,False,False,5.186,8.0
2825,M,152,32,Chile,Argentina,False,False,False,False,12333.11,862.22
2825,M,152,36,Chile,Australia,False,False,False,False,315700.0,40000.0
2825,M,152,40,Chile,Austria,False,False,False,False,64.01,4.0
2825,M,152,56,Chile,Belgium,False,False,True,False,591.21,4.2
2825,M,152,68,Chile,Bolivia (Plurinational State of),False,False,False,False,116662.9,11004.0
2825,M,152,76,Chile,Brazil,False,False,False,False,822947.78,602026.0
2825,M,152,152,Chile,Chile,False,False,False,False,40000.0,5000.0
2825,M,152,156,Chile,China,False,False,False,False,95279.438,105932.154
2825,M,152,251,Chile,France,False,False,False,False,67333.02,8006.04
2825,M,152,276,Chile,Germany,False,False,False,False,27833.649,334.644
2825,M,152,380,Chile,Italy,False,False,False,False,3560.95,3000.0
2825,M,152,392,Chile,Japan,False,False,False,False,1142.19,7.07
2825,M,152,410,Chile,Rep. of Korea,False,False,False,False,1526.27,0.44
2825,M,152,458,Chile,Malaysia,False,False,False,False,164200.0,20000.0
2825,M,152,484,Chile,Mexico,False,False,False,False,834.99,34.0
2825,M,152,490,Chile,"Other Asia, nes",False,False,False,False,25345.0,2500.0
2825,M,152,579,Chile,Norway,False,False,False,False,3940409.6,456016.0
2825,M,152,591,Chile,Panama,False,False,False,False,42.41,0.223
2825,M,152,604,Chile,Peru,False,False,False,False,211600.0,20330.0
2825,M,152,699,Chile,India,False,False,False,False,4920.41,0.3
2825,M,152,702,Chile,Singapore,False,False,True,False,303600.0,40000.0
2825,M,152,724,Chile,Spain,False,False,False,False,21701.169,609.619
2825,M,152,784,Chile,United Arab Emirates,False,False,True,False,118.5,0.277
2825,M,152,826,Chile,United Kingdom,False,False,False,False,34.56,0.26
2825,M,152,842,Chile,USA,False,False,False,False,1469420.489,139050.737
2825,M,152,899,Chile,"Areas, nes",False,False,False,False,29450.179,187.511
2825,M,156,36,China,Australia,False,False,False,False,14717924.0,585175.0
2825,M,156,40,China,Austria,False,False,False,False,305.0,25.761
2825,M,156,56,China,Belgium,False,False,True,False,339245.0,6576.362
2825,M,156,76,China,Brazil,False,False,False,False,26084879.0,757398.0
2825,M,156,124,China,Canada,False,False,False,False,529429.0,2991.061
2825,M,156,152,China,Chile,False,False,False,False,86056578.0,1741076.0
2825,M,156,156,China,China,False,False,False,False,66873634.0,971054.773
2825,M,156,170,China,Colombia,False,False,False,False,499.0,20.0
2825,M,156,192,China,Cuba,False,False,False,False,2463486.0,128505.0
2825,M,156,203,China,Czechia,False,False,False,False,5306.0,500.0
2825,M,156,251,China,France,False,False,False,False,1125958.0,106493.774
2825,M,156,276,China,Germany,False,False,False,False,39565871.0,2518897.157
2825,M,156,380,China,Italy,False,False,False,False,7688823.0,2219407.182
2825,M,156,392,China,Japan,False,False,False,False,63151796.0,4061085.677
2825,M,156,410,China,Rep. of Korea,False,False,False,False,14207253.0,296372.404
2825,M,156,458,China,Malaysia,False,False,False,False,9564410.0,33109278.0
2825,M,156,484,China,Mexico,False,False,False,False,75741.0,10058.343
2825,M,156,490,China,"Other Asia, nes",False,False,False,False,2661685.0,167361.0
2825,M,156,508,China,Mozambique,False,False,False,False,1000.0,0.0
2825,M,156,528,China,Netherlands,False,False,True,False,888310.0,21025.712
2825,M,156,577,China,"Other Africa, nes",False,False,False,False,8287.0,7.0
2825,M,156,579,China,Norway,False,False,False,False,36446964.0,4153760.0
2825,M,156,608,China,Philippines,False,False,False,False,100930.0,3340.0
2825,M,156,642,China,Romania,False,False,False,False,173.0,475.0
2825,M,156,643,China,Russian Federation,False,False,False,False,80534416.0,6311238.395
2825,M,156,699,China,India,False,False,False,False,40975.0,12448.241
2825,M,156,702,China,Singapore,False,False,True,False,233075.0,47413.419
2825,M,156,704,China,Viet Nam,False,False,False,False,35274720.0,1891042.789
2825,M,156,710,China,South Africa,False,False,False,False,217.0,2.0
2825,M,156,724,China,Spain,False,False,False,False,684.0,41.064
2825,M,156,752,China,Sweden,False,False,False,False,54.0,2.6
2825,M,156,757,China,Switzerland,False,False,False,False,1183163.0,2183136.031
2825,M,156,764,China,Thailand,False,False,False,False,365591.0,45000.0
2825,M,156,792,China,Türkiye,False,False,False,False,98231.0,137505.424
2825,M,156,804,China,Ukraine,False,False,False,False,104.0,6.035
2825,M,156,826,China,United Kingdom,False,False,False,False,6885156.0,546452.564
2825,M,156,842,China,USA,False,False,False,False,26554712.0,2208829.997
2825,M,156,894,China,Zambia,False,False,False,False,7426.0,1840.0
2825,M,156,899,China,"Areas, nes",False,False,False,False,2306.0,9.949
2825,M,203,40,Czechia,Austria,False,False,False,False,13560041.0,4650834.169
2825,M,203,56,Czechia,Belgium,False,False,True,False,484160.0,44420.457
2825,M,203,124,Czechia,Canada,False,False,False,False,122.0,15.836
2825,M,203,152,Czechia,Chile,False,False,False,False,448238.0,6000.0
2825,M,203,156,Czechia,China,False,False,False,False,4767276.0,482915.134
2825,M,203,191,Czechia,Croatia,False,False,False,False,453854.0,359290.0
2825,M,203,233,Czechia,Estonia,False,False,False,False,17891.0,200.0
2825,M,203,246,Czechia,Finland,False,False,False,False,484.0,1.0
2825,M,203,251,Czechia,France,False,False,False,False,3935605.0,620351.0
2825,M,203,276,Czechia,Germany,False,False,False,False,7801090.0,1180026.313
2825,M,203,348,Czechia,Hungary,False,False,False,False,762933.0,228047.0
2825,M,203,372,Czechia,Ireland,False,False,False,False,15.0,1.947
2825,M,203,376,Czechia,Israel,False,False,False,False,168.0,57.129
2825,M,203,380,Czechia,Italy,False,False,False,False,122708.0,5028.0
2825,M,203,392,Czechia,Japan,False,False,False,False,90691.0,3256.738
2825,M,203,410,Czechia,Rep. of Korea,False,False,False,False,7166.0,135.0
2825,M,203,442,Czechia,Luxembourg,False,False,False,False,1786946.0,1190891.0
2825,M,203,458,Czechia,Malaysia,False,False,False,False,105181.0,12400.0
2825,M,203,484,Czechia,Mexico,False,False,False,False,530.0,68.795
2825,M,203,528,Czechia,Netherlands,False,False,True,False,1672135.0,1037822.0
2825,M,203,568,Czechia,"Other Europe, nes",False,False,False,False,55249.0,4070.0
2825,M,203,608,Czechia,Philippines,False,False,False,False,32634.0,1000.0
2825,M,203,616,Czechia,Poland,False,False,False,False,145283.0,19279.0
2825,M,203,643,Czechia,Russian Federation,False,False,False,False,45884780.0,3872812.927
2825,M,203,699,Czechia,India,False,False,False,False,16599.0,557.043
2825,M,203,703,Czechia,Slovakia,False,False,False,False,483379.0,483486.0
2825,M,203,704,Czechia,Viet Nam,False,False,False,False,3600662.0,108000.0
2825,M,203,705,Czechia,Slovenia,False,False,False,False,13005.0,5150.0
2825,M,203,716,Czechia,Zimbabwe,False,False,False,False,17833.0,10000.0
2825,M,203,724,Czechia,Spain,False,False,False,False,145328.0,20708.0
2825,M,203,752,Czechia,Sweden,False,False,False,False,2791091.0,232792.062
2825,M,203,757,Czechia,Switzerland,False,False,False,False,15145.0,101.483
2825,M,203,792,Czechia,Türkiye,False,False,False,False,1237.0,920.768
2825,M,203,826,Czechia,United Kingdom,False,False,False,False,70330.0,5627.892
2825,M,203,842,Czechia,USA,False,False,False,False,34320647.0,1222559.239
2825,M,208,40,Denmark,Austria,False,False,False,False,51171.437,2533.0
2825,M,208,56,Denmark,Belgium,False,False,True,False,33710.888,5026.0
2825,M,208,156,Denmark,China,False,False,False,False,86772.973,330.0
2825,M,208,251,Denmark,France,False,False,False,False,103430.15,2413.0
2825,M,208,276,Denmark,Germany,False,False,False,False,548562.698,1302003.0
2825,M,208,380,Denmark,Italy,False,False,False,False,452.705,6.0
2825,M,208,392,Denmark,Japan,False,False,False,False,5308.937,103.0
2825,M,208,428,Denmark,Latvia,False,False,False,False,24351.994,20.0
2825,M,208,528,Denmark,Netherlands,False,False,True,False,32943921.068,686665.001
2825,M,208,579,Denmark,Norway,False,False,False,False,3188.962,1427.023
2825,M,208,616,Denmark,Poland,False,False,False,False,947414.15,149080.0
2825,M,208,688,Denmark,Serbia,False,False,False,False,216.265,1.0
2825,M,208,699,Denmark,India,False,False,False,False,7113.514,5014.0
2825,M,208,710,Denmark,South Africa,False,False,False,False,51.526,33.0
2825,M,208,724,Denmark,Spain,False,False,False,False,533.84,38.0
2825,M,208,752,Denmark,Sweden,False,False,False,False,209758.392,2749.0
2825,M,208,757,Denmark,Switzerland,False,False,False,False,99411.689,307.192
2825,M,208,792,Denmark,Türkiye,False,False,False,False,166.045,1.0
2825,M,208,826,Denmark,United Kingdom,False,False,False,False,130150.605,2655.0
2825,M,208,842,Denmark,USA,False,False,False,False,182800.045,2912.0
2825,M,208,899,Denmark,"Areas, nes",False,False,False,False,60.09,3.0
2825,M,246,36,Finland,Australia,False,False,False,False,120.021,8.0
2825,M,246,56,Finland,Belgium,False,False,True,False,369271.615,87397.857
2825,M,246,76,Finland,Brazil,False,False,False,False,26055.33,302.0
2825,M,246,124,Finland,Canada,False,False,False,False,38.926,60.0
2825,M,246,152,Finland,Chile,False,False,False,False,250.854,225.0
2825,M,246,156,Finland,China,False,False,False,False,24039.845,5929.54
2825,M,246,203,Finland,Czechia,False,False,False,False,45079.17,3300.0
2825,M,246,208,Finland,Denmark,False,False,False,False,12909.266,400.0
2825,M,246,251,Finland,France,False,False,False,False,10006240.381,37825161.0
2825,M,246,276,Finland,Germany,False,False,False,False,2200364.341,472400.772
2825,M,246,376,Finland,Israel,False,False,False,False,1.081,0.18
2825,M,246,392,Finland,Japan,False,False,False,False,226949.633,324.856
2825,M,246,410,Finland,Rep. of Korea,False,False,False,False,5096.019,102.0
2825,M,246,528,Finland,Netherlands,False,False,True,False,95.152,2.0
2825,M,246,579,Finland,Norway,False,False,False,False,94395.832,17651.128
2825,M,246,616,Finland,Poland,False,False,False,False,6733.06,3686.0
2825,M,246,620,Finland,Portugal,False,False,False,False,1686839.598,6557740.0
2825,M,246,643,Finland,Russian Federation,False,False,False,False,316.812,1.0
2825,M,246,699,Finland,India,False,False,False,False,118.94,23.624
2825,M,246,724,Finland,Spain,False,False,False,False,24.869,1.0
2825,M,246,752,Finland,Sweden,False,False,False,False,3244.887,354.651
2825,M,246,757,Finland,Switzerland,False,False,False,False,2360.409,3252.312
2825,M,246,826,Finland,United Kingdom,False,False,False,False,6660.615,658.628
2825,M,246,842,Finland,USA,False,False,False,False,25052.994,2644.589
2825,M,276,36,Germany,Australia,False,False,False,False,5252336.251,643491.0
2825,M,276,40,Germany,Austria,False,False,False,False,6224273.611,448210.186
2825,M,276,56,Germany,Belgium,False,False,True,False,21976621.311,18718606.824
2825,M,276,76,Germany,Brazil,False,False,False,False,3178513.5,66514.0
2825,M,276,112,Germany,Belarus,False,False,False,False,580896.107,239750.0
2825,M,276,124,Germany,Canada,False,False,False,False,1093971.957,24170.993
2825,M,276,152,Germany,Chile,False,False,False,False,57376865.102,1461760.0
2825,M,276,156,Germany,China,False,False,False,False,49227334.824,4007730.735
2825,M,276,191,Germany,Croatia,False,False,False,False,138468.768,133375.0
2825,M,276,192,Germany,Cuba,False,False,False,False,50836.573,2500.0
2825,M,276,203,Germany,Czechia,False,False,False,False,3802132.128,157214.0
2825,M,276,246,Germany,Finland,False,False,False,False,8550.174,1526.0
2825,M,276,251,Germany,France,False,False,False,False,34619303.926,6753065.802
2825,M,276,348,Germany,Hungary,False,False,False,False,26919.637,1333.0
2825,M,276,360,Germany,Indonesia,False,False,False,False,75623.573,8000.0
2825,M,276,380,Germany,Italy,False,False,False,False,3284123.738,340190.908
2825,M,276,392,Germany,Japan,False,False,False,False,14117869.994,324974.557
2825,M,276,398,Germany,Kazakhstan,False,False,False,False,6078.452,250.0
2825,M,276,410,Germany,Rep. of Korea,False,False,False,False,5191109.069,500565.462
2825,M,276,442,Germany,Luxembourg,False,False,False,False,1437551.131,36000.0
2825,M,276,458,Germany,Malaysia,False,False,False,False,1107.75,610.0
2825,M,276,484,Germany,Mexico,False,False,False,False,228308.831,14253.539
2825,M,276,490,Germany,"Other Asia, nes",False,False,False,False,956125.753,119241.215
2825,M,276,528,Germany,Netherlands,False,False,True,False,1601551.577,3928602.674
2825,M,276,579,Germany,Norway,False,False,False,False,10.903,0.454
2825,M,276,608,Germany,Philippines,False,False,False,False,232774.721,9780.0
2825,M,276,616,Germany,Poland,False,False,False,False,390235.517,49585.0
2825,M,276,620,Germany,Portugal,False,False,False,False,1054.325,27.0
2825,M,276,642,Germany,Romania,False,False,False,False,5456.978,531.0
2825,M,276,643,Germany,Russian Federation,False,False,False,False,117.753,58.255
2825,M,276,699,Germany,India,False,False,False,False,213445.79,20058.471
2825,M,276,703,Germany,Slovakia,False,False,False,False,1256725.094,2623240.0
2825,M,276,704,Germany,Viet Nam,False,False,False,False,4355043.37,120007.236
2825,M,276,705,Germany,Slovenia,False,False,False,False,119042.799,46461.0
2825,M,276,710,Germany,South Africa,False,False,False,False,206857.075,26100.0
2825,M,276,724,Germany,Spain,False,False,False,False,1033307.372,138696.0
2825,M,276,752,Germany,Sweden,False,False,False,False,20254.601,56485.0
2825,M,276,757,Germany,Switzerland,False,False,False,False,835857.451,1002158.02
2825,M,276,764,Germany,Thailand,False,False,False,False,12358814.009,385127.539
2825,M,276,792,Germany,Türkiye,False,False,False,False,32837.814,23973.831
2825,M,276,804,Germany,Ukraine,False,False,False,False,66104.118,62548.752
2825,M,276,807,Germany,North Macedonia,False,False,False,False,95009.2,4357.0
2825,M,276,826,Germany,United Kingdom,False,False,False,False,8934837.906,350006.515
2825,M,276,842,Germany,USA,False,False,False,False,9641821.275,741794.216
2825,M,360,124,Indonesia,Canada,False,False,False,False,2697767.0,93966.0
2825,M,360,152,Indonesia,Chile,False,False,False,False,1972800.0,24000.0
2825,M,360,156,Indonesia,China,False,False,False,False,17021590.0,1421022.0
2825,M,360,251,Indonesia,France,False,False,False,False,34758.0,6650.0
2825,M,360,276,Indonesia,Germany,False,False,False,False,279579.0,59696.0
2825,M,360,344,Indonesia,"China, Hong Kong SAR",False,False,True,False,319155.0,20516.0
2825,M,360,380,Indonesia,Italy,False,False,False,False,110209.0,324250.0
2825,M,360,392,Indonesia,Japan,False,False,False,False,7247343.0,602797.0
2825,M,360,410,Indonesia,Rep. of Korea,False,False,False,False,1728443.0,326217.0
2825,M,360,458,Indonesia,Malaysia,False,False,False,False,1807510.0,7270811.0
2825,M,360,490,Indonesia,"Other Asia, nes",False,False,False,False,2294846.0,1393124.0
2825,M,360,528,Indonesia,Netherlands,False,False,True,False,5682.0,11.0
2825,M,360,579,Indonesia,Norway,False,False,False,False,1665273.0,209200.0
2825,M,360,608,Indonesia,Philippines,False,False,False,False,415500.0,15000.0
2825,M,360,643,Indonesia,Russian Federation,False,False,False,False,751868.0,23260.0
2825,M,360,699,Indonesia,India,False,False,False,False,43358.0,6641.0
2825,M,360,702,Indonesia,Singapore,False,False,True,False,1305245.0,97616.0
2825,M,360,704,Indonesia,Viet Nam,False,False,False,False,264270.0,2084960.0
2825,M,360,724,Indonesia,Spain,False,False,False,False,19800.0,63.0
2825,M,360,757,Indonesia,Switzerland,False,False,False,False,50013.0,417.0
2825,M,360,764,Indonesia,Thailand,False,False,False,False,668548.0,2996.0
2825,M,360,792,Indonesia,Türkiye,False,False,False,False,87840.0,240000.0
2825,M,360,826,Indonesia,United Kingdom,False,False,False,False,11443.0,310.0
2825,M,360,842,Indonesia,USA,False,False,False,False,4983173.0,540829.0
2825,M,372,36,Ireland,Australia,False,False,False,False,16716.413,928.525
2825,M,372,56,Ireland,Belgium,False,False,True,False,2844.818,225.0
2825,M,372,76,Ireland,Brazil,False,False,False,False,144.89,23.0
2825,M,372,156,Ireland,China,False,False,False,False,108174.438,27973.955
2825,M,372,203,Ireland,Czechia,False,False,False,False,3364.908,368.0
2825,M,372,251,Ireland,France,False,False,False,False,263560.307,387220.0
2825,M,372,276,Ireland,Germany,False,False,False,False,3624818.971,1239613.0
2825,M,372,380,Ireland,Italy,False,False,False,False,18414.005,3300.0
2825,M,372,392,Ireland,Japan,False,False,False,False,14866.362,1152.0
2825,M,372,458,Ireland,Malaysia,False,False,False,False,170.84,4.0
2825,M,372,528,Ireland,Netherlands,False,False,True,False,64278.176,45716.0
2825,M,372,554,Ireland,New Zealand,False,False,False,False,27.032,1.298
2825,M,372,616,Ireland,Poland,False,False,False,False,14078.117,2800.0
2825,M,372,699,Ireland,India,False,False,False,False,1127.763,31.415
2825,M,372,724,Ireland,Spain,False,False,False,False,33.519,3.0
2825,M,372,757,Ireland,Switzerland,False,False,False,False,6223.782,315.0
2825,M,372,792,Ireland,Türkiye,False,False,False,False,144.89,2.322
2825,M,372,826,Ireland,United Kingdom,False,False,False,False,639455.774,65519.0
2825,M,372,842,Ireland,USA,False,False,False,False,698310.307,53475.33
2825,M,380,36,Italy,Australia,False,False,False,False,1280348.555,160000.0
2825,M,380,40,Italy,Austria,False,False,False,False,74528.602,11273.0
2825,M,380,56,Italy,Belgium,False,False,True,False,9152164.68,1947619.0
2825,M,380,68,Italy,Bolivia (Plurinational State of),False,False,False,False,2240459.944,225000.0
2825,M,380,152,Italy,Chile,False,False,False,False,1669053.811,173635.0
2825,M,380,156,Italy,China,False,False,False,False,13917489.573,2409924.0
2825,M,380,191,Italy,Croatia,False,False,False,False,995610.52,889779.0
2825,M,380,203,Italy,Czechia,False,False,False,False,634.705,65.0
2825,M,380,233,Italy,Estonia,False,False,False,False,472270.02,8080.0
2825,M,380,246,Italy,Finland,False,False,False,False,4524.028,6.0
2825,M,380,251,Italy,France,False,False,False,False,32773698.436,2702285.0
2825,M,380,276,Italy,Germany,False,False,False,False,9618682.351,1386484.0
2825,M,380,344,Italy,"China, Hong Kong SAR",False,False,True,False,5420.4,140.0
2825,M,380,372,Italy,Ireland,False,False,False,False,13621.822,1783.0
2825,M,380,392,Italy,Japan,False,False,False,False,88659.702,2174.888
2825,M,380,410,Italy,Rep. of Korea,False,False,False,False,5256135.426,512000.0
2825,M,380,442,Italy,Luxembourg,False,False,False,False,368977.51,34750.0
2825,M,380,490,Italy,"Other Asia, nes",False,False,False,False,2203115.089,106400.0
2825,M,380,528,Italy,Netherlands,False,False,True,False,13871024.216,509308.0
2825,M,380,568,Italy,"Other Europe, nes",False,False,False,False,64231.681,2250.0
2825,M,380,604,Italy,Peru,False,False,False,False,2672056.964,379000.0
2825,M,380,616,Italy,Poland,False,False,False,False,863106.457,51530.0
2825,M,380,620,Italy,Portugal,False,False,False,False,32739.733,489.0
2825,M,380,642,Italy,Romania,False,False,False,False,490.896,250.0
2825,M,380,699,Italy,India,False,False,False,False,3436459.815,172000.0
2825,M,380,702,Italy,Singapore,False,False,True,False,125874.805,16000.0
2825,M,380,704,Italy,Viet Nam,False,False,False,False,470324.818,20000.0
2825,M,380,705,Italy,Slovenia,False,False,False,False,6695.215,3180.0
2825,M,380,724,Italy,Spain,False,False,False,False,8919874.661,1362276.0
2825,M,380,752,Italy,Sweden,False,False,False,False,1514369.684,164046.0
2825,M,380,757,Italy,Switzerland,False,False,False,False,1432.681,6.0
2825,M,380,792,Italy,Türkiye,False,False,False,False,395565.906,40000.0
2825,M,380,826,Italy,United Kingdom,False,False,False,False,486274.611,11375.0
2825,M,380,842,Italy,USA,False,False,False,False,2754889.709,228981.0
2825,M,392,36,Japan,Australia,False,False,False,False,9577577.32,1349420.0
2825,M,392,56,Japan,Belgium,False,False,True,False,4832236.2,631660.0
2825,M,392,76,Japan,Brazil,False,False,False,False,3764675.204,212010.0
2825,M,392,124,Japan,Canada,False,False,False,False,3028088.51,3800.0
2825,M,392,152,Japan,Chile,False,False,False,False,17801547.401,360350.0
2825,M,392,156,Japan,China,False,False,False,False,1302061510.057,40017860.0
2825,M,392,251,Japan,France,False,False,False,False,4457899.772,206839.505
2825,M,392,276,Japan,Germany,False,False,False,False,17788365.087,654123.0
2825,M,392,300,Japan,Greece,False,False,False,False,2526.847,540.0
2825,M,392,410,Japan,Rep. of Korea,False,False,False,False,2866840.056,643129.0
2825,M,392,458,Japan,Malaysia,False,False,False,False,22812.805,840.0
2825,M,392,490,Japan,"Other Asia, nes",False,False,False,False,15105927.948,827309.0
2825,M,392,528,Japan,Netherlands,False,False,True,False,4890617.051,126000.0
2825,M,392,579,Japan,Norway,False,False,False,False,1348510.838,164795.0
2825,M,392,608,Japan,Philippines,False,False,False,False,126157.305,4400.0
2825,M,392,642,Japan,Romania,False,False,False,False,4605.268,186.0
2825,M,392,643,Japan,Russian Federation,False,False,False,False,2209767.2,21001.927
2825,M,392,699,Japan,India,False,False,False,False,9032603.956,185726.0
2825,M,392,702,Japan,Singapore,False,False,True,False,728579.079,87840.0
2825,M,392,704,Japan,Viet Nam,False,False,False,False,12279389.328,766470.0
2825,M,392,710,Japan,South Africa,False,False,False,False,12166079.797,900000.0
2825,M,392,757,Japan,Switzerland,False,False,False,False,8057.44,162.671
2825,M,392,764,Japan,Thailand,False,False,False,False,3645941.847,350500.0
2825,M,392,826,Japan,United Kingdom,False,False,False,False,1435000.197,21083.081
2825,M,392,842,Japan,USA,False,False,False,False,255738694.886,7103055.196
2825,M,410,31,Rep. of Korea,Azerbaijan,False,False,False,False,747.0,1.7
2825,M,410,36,Rep. of Korea,Australia,False,False,False,False,962846.0,18094.626
2825,M,410,40,Rep. of Korea,Austria,False,False,False,False,646574.0,63030.344
2825,M,410,56,Rep. of Korea,Belgium,False,False,True,False,953560.0,48330.925
2825,M,410,76,Rep. of Korea,Brazil,False,False,False,False,8019224.0,511195.708
2825,M,410,124,Rep. of Korea,Canada,False,False,False,False,1314177.0,1847.98
2825,M,410,152,Rep. of Korea,Chile,False,False,False,False,1081904739.0,22669866.0
2825,M,410,156,Rep. of Korea,China,False,False,False,False,9033981475.0,347226433.548
2825,M,410,203,Rep. of Korea,Czechia,False,False,False,False,19594.0,6.0
2825,M,410,246,Rep. of Korea,Finland,False,False,False,False,24895526.0,1087054.19
2825,M,410,251,Rep. of Korea,France,False,False,False,False,532884.0,82412.23
2825,M,410,260,Rep. of Korea,Fr. South Antarctic Terr.,False,False,False,False,522.0,0.3
2825,M,410,276,Rep. of Korea,Germany,False,False,False,False,10201646.0,745617.128
2825,M,410,344,Rep. of Korea,"China, Hong Kong SAR",False,False,True,False,144605.0,3026.81
2825,M,410,360,Rep. of Korea,Indonesia,False,False,False,False,108324.0,40017.915
2825,M,410,376,Rep. of Korea,Israel,False,False,False,False,10944.0,140.0
2825,M,410,380,Rep. of Korea,Italy,False,False,False,False,10852922.0,363002.3
2825,M,410,392,Rep. of Korea,Japan,False,False,False,False,144188837.0,8235183.811
2825,M,410,414,Rep. of Korea,Kuwait,False,False,False,False,2.0,1.3
2825,M,410,458,Rep. of Korea,Malaysia,False,False,False,False,281645.0,619201.505
2825,M,410,484,Rep. of Korea,Mexico,False,False,False,False,488.0,6.45
2825,M,410,490,Rep. of Korea,"Other Asia, nes",False,False,False,False,2238069.0,234362.805
2825,M,410,496,Rep. of Korea,Mongolia,False,False,False,False,10.0,0.3
2825,M,410,528,Rep. of Korea,Netherlands,False,False,True,False,4094.0,239.432
2825,M,410,579,Rep. of Korea,Norway,False,False,False,False,8287320.0,1005000.0
2825,M,410,586,Rep. of Korea,Pakistan,False,False,False,False,37.0,0.95
2825,M,410,604,Rep. of Korea,Peru,False,False,False,False,200.0,0.03
2825,M,410,608,Rep. of Korea,Philippines,False,False,False,False,71580.0,2100.0
2825,M,410,616,Rep. of Korea,Poland,False,False,False,False,2825.0,38.1
2825,M,410,642,Rep. of Korea,Romania,False,False,False,False,8000.0,50.0
2825,M,410,643,Rep. of Korea,Russian Federation,False,False,False,False,42731689.0,635093.946
2825,M,410,699,Rep. of Korea,India,False,False,False,False,109702.0,14071.942
2825,M,410,702,Rep. of Korea,Singapore,False,False,True,False,273.0,180.8
2825,M,410,704,Rep. of Korea,Viet Nam,False,False,False,False,68121526.0,2634203.23
2825,M,410,710,Rep. of Korea,South Africa,False,False,False,False,8071563.0,520015.64
2825,M,410,724,Rep. of Korea,Spain,False,False,False,False,4308.0,89.1
2825,M,410,752,Rep. of Korea,Sweden,False,False,False,False,97.0,24.0
2825,M,410,757,Rep. of Korea,Switzerland,False,False,False,False,28309.0,43226.846
2825,M,410,764,Rep. of Korea,Thailand,False,False,False,False,56.0,3.675
2825,M,410,780,Rep. of Korea,Trinidad and Tobago,False,False,False,False,1589.0,8.47
2825,M,410,792,Rep. of Korea,Türkiye,False,False,False,False,3285.0,11.714
2825,M,410,804,Rep. of Korea,Ukraine,False,False,False,False,1733.0,1.8
2825,M,410,826,Rep. of Korea,United Kingdom,False,False,False,False,5874145.0,196670.667
2825,M,410,842,Rep. of Korea,USA,False,False,False,False,101012698.0,4587287.468
2825,M,458,36,Malaysia,Australia,False,False,False,False,10357.136,400.0
2825,M,458,40,Malaysia,Austria,False,False,False,False,8278.692,13000.0
2825,M,458,56,Malaysia,Belgium,False,False,True,False,14799.73,51174.9
2825,M,458,156,Malaysia,China,False,False,False,False,6093536.646,1445899.52
2825,M,458,203,Malaysia,Czechia,False,False,False,False,122.132,0.8
2825,M,458,251,Malaysia,France,False,False,False,False,20009.764,7003.027
2825,M,458,276,Malaysia,Germany,False,False,False,False,354750.171,82185.925
2825,M,458,300,Malaysia,Greece,False,False,False,False,3212.499,540.0
2825,M,458,344,Malaysia,"China, Hong Kong SAR",False,False,True,False,61316.176,20951.027
2825,M,458,360,Malaysia,Indonesia,False,False,False,False,12.718,0.92
2825,M,458,392,Malaysia,Japan,False,False,False,False,3415490.597,417849.08
2825,M,458,410,Malaysia,Rep. of Korea,False,False,False,False,907167.17,131926.5
2825,M,458,490,Malaysia,"Other Asia, nes",False,False,False,False,3920901.085,359501.2
2825,M,458,528,Malaysia,Netherlands,False,False,True,False,302807.932,27673.0
2825,M,458,579,Malaysia,Norway,False,False,False,False,12203903.228,1352000.0
2825,M,458,643,Malaysia,Russian Federation,False,False,False,False,77.182,1.0
2825,M,458,699,Malaysia,India,False,False,False,False,520102.12,119574.68
2825,M,458,702,Malaysia,Singapore,False,False,True,False,1580641.299,225446.201
2825,M,458,704,Malaysia,Viet Nam,False,False,False,False,375869.871,4212800.0
2825,M,458,710,Malaysia,South Africa,False,False,False,False,302.809,1000.0
2825,M,458,724,Malaysia,Spain,False,False,False,False,40.126,1.0
2825,M,458,752,Malaysia,Sweden,False,False,False,False,4636.208,100.0
2825,M,458,757,Malaysia,Switzerland,False,False,False,False,57296.112,518.95
2825,M,458,764,Malaysia,Thailand,False,False,False,False,222057.572,576160.1
2825,M,458,792,Malaysia,Türkiye,False,False,False,False,316.623,2.0
2825,M,458,826,Malaysia,United Kingdom,False,False,False,False,160542.958,26920.5
2825,M,458,842,Malaysia,USA,False,False,False,False,10524508.767,1576423.54
2825,M,484,56,Mexico,Belgium,False,False,True,False,526052.0,45000.0
2825,M,484,152,Mexico,Chile,False,False,False,False,274919.0,0.0
2825,M,484,156,Mexico,China,False,False,False,False,22993773.0,0.0
2825,M,484,251,Mexico,France,False,False,False,False,84648.0,0.0
2825,M,484,276,Mexico,Germany,False,False,False,False,2122679.0,0.0
2825,M,484,392,Mexico,Japan,False,False,False,False,1820796.0,0.0
2825,M,484,410,Mexico,Rep. of Korea,False,False,False,False,1776789.0,0.0
2825,M,484,724,Mexico,Spain,False,False,False,False,77617.0,41828.0
2825,M,484,757,Mexico,Switzerland,False,False,False,False,18876.0,0.0
2825,M,484,826,Mexico,United Kingdom,False,False,False,False,1871578.0,0.0
2825,M,484,842,Mexico,USA,False,False,False,False,9932176.0,0.0
2825,M,528,36,Netherlands,Australia,False,False,False,True,885682.264,120480.0
2825,M,528,40,Netherlands,Austria,False,False,False,True,474041.138,111107.0
2825,M,528,56,Netherlands,Belgium,False,False,True,True,9493964.503,48405564.0
2825,M,528,76,Netherlands,Brazil,False,False,False,True,23894666.535,1480360.0
2825,M,528,100,Netherlands,Bulgaria,False,False,False,True,49.738,32.869
2825,M,528,124,Netherlands,Canada,False,False,False,True,1920.333,150.0
2825,M,528,152,Netherlands,Chile,False,False,False,True,49379155.841,1034882.0
2825,M,528,156,Netherlands,China,False,False,False,True,9650924.7,1045062.0
2825,M,528,191,Netherlands,Croatia,False,False,False,True,602.267,104.299
2825,M,528,196,Netherlands,Cyprus,False,False,False,True,44.332,16.0
2825,M,528,203,Netherlands,Czechia,False,False,False,True,4222.354,701.504
2825,M,528,208,Netherlands,Denmark,False,False,False,True,1498.638,165.635
2825,M,528,233,Netherlands,Estonia,False,False,False,True,1409754.783,20137.3
2825,M,528,246,Netherlands,Finland,False,False,False,True,882.315,696.134
2825,M,528,251,Netherlands,France,False,False,False,True,8194017.955,1135408.0
2825,M,528,276,Netherlands,Germany,False,False,False,True,9703218.094,15169874.0
2825,M,528,300,Netherlands,Greece,False,False,False,True,294.105,58.334
2825,M,528,344,Netherlands,"China, Hong Kong SAR",False,False,True,True,1200.208,93.0
2825,M,528,348,Netherlands,Hungary,False,False,False,True,22.707,9.642
2825,M,528,364,Netherlands,Iran,False,False,False,True,9109.688,281.0
2825,M,528,372,Netherlands,Ireland,False,False,False,True,4977.079,1167.092
2825,M,528,380,Netherlands,Italy,False,False,False,True,204600.892,234010.182
2825,M,528,392,Netherlands,Japan,False,False,False,True,16742940.71,1004336.0
2825,M,528,410,Netherlands,Rep. of Korea,False,False,False,True,564839.589,40687.0
2825,M,528,428,Netherlands,Latvia,False,False,False,True,52.982,5.0
2825,M,528,440,Netherlands,Lithuania,False,False,False,True,36.763,2.807
2825,M,528,442,Netherlands,Luxembourg,False,False,False,True,917.997,150.095
2825,M,528,470,Netherlands,Malta,False,False,False,True,6.488,1.528
2825,M,528,484,Netherlands,Mexico,False,False,False,True,6952.557,548.0
2825,M,528,490,Netherlands,"Other Asia, nes",False,False,False,True,117317.645,5938.0
2825,M,528,566,Netherlands,Nigeria,False,False,False,True,83.258,1.0
2825,M,528,579,Netherlands,Norway,False,False,False,True,4000785.802,450264.0
2825,M,528,616,Netherlands,Poland,False,False,False,True,706485.779,452344.719
2825,M,528,620,Netherlands,Portugal,False,False,False,True,300.593,630.927
2825,M,528,642,Netherlands,Romania,False,False,False,True,84.339,184.379
2825,M,528,682,Netherlands,Saudi Arabia,False,False,False,True,165.434,21.0
2825,M,528,699,Netherlands,India,False,False,False,True,3639.55,348.0
2825,M,528,702,Netherlands,Singapore,False,False,True,True,304759.886,40063.0
2825,M,528,703,Netherlands,Slovakia,False,False,False,True,243.285,48.564
2825,M,528,704,Netherlands,Viet Nam,False,False,False,True,2077837.144,74376.0
2825,M,528,705,Netherlands,Slovenia,False,False,False,True,360.062,112.57
2825,M,528,710,Netherlands,South Africa,False,False,False,True,3629151.615,249511.0
2825,M,528,724,Netherlands,Spain,False,False,False,True,154581.406,38845.029
2825,M,528,752,Netherlands,Sweden,False,False,False,True,6773152.056,504082.666
2825,M,528,757,Netherlands,Switzerland,False,False,False,True,562.26,1.0
2825,M,528,764,Netherlands,Thailand,False,False,False,True,91.908,5.0
2825,M,528,784,Netherlands,United Arab Emirates,False,False,True,True,6.488,2.0
2825,M,528,788,Netherlands,Tunisia,False,False,False,True,65.957,7.0
2825,M,528,792,Netherlands,Türkiye,False,False,False,True,14790.673,474.0
2825,M,528,826,Netherlands,United Kingdom,False,False,False,True,2399702.699,111055.618
2825,M,528,842,Netherlands,USA,False,False,False,True,6909695.739,703348.0
2825,M,528,862,Netherlands,Venezuela,False,False,False,True,109.208,5.0
2825,M,616,40,Poland,Austria,False,False,False,False,133272.0,373404.467
2825,M,616,56,Poland,Belgium,False,False,True,False,9349105.0,5854322.393
2825,M,616,100,Poland,Bulgaria,False,False,False,False,281.0,3.0
2825,M,616,112,Poland,Belarus,False,False,False,False,405743.0,15000.0
2825,M,616,124,Poland,Canada,False,False,False,False,81498.0,1478.527
2825,M,616,152,Poland,Chile,False,False,False,False,9503954.0,277606.0
2825,M,616,156,Poland,China,False,False,False,False,7155780.0,699428.266
2825,M,616,170,Poland,Colombia,False,False,False,False,1013.0,36.933
2825,M,616,191,Poland,Croatia,False,False,False,False,28171.0,29925.0
2825,M,616,203,Poland,Czechia,False,False,False,False,67233.0,15825.0
2825,M,616,208,Poland,Denmark,False,False,False,False,37.0,22.0
2825,M,616,246,Poland,Finland,False,False,False,False,4497268.0,187110.0
2825,M,616,251,Poland,France,False,False,False,False,7664614.0,1330860.0
2825,M,616,276,Poland,Germany,False,False,False,False,11683967.0,2929122.635
2825,M,616,376,Poland,Israel,False,False,False,False,338.0,20.0
2825,M,616,380,Poland,Italy,False,False,False,False,997932.0,178272.0
2825,M,616,392,Poland,Japan,False,False,False,False,51762.0,443.673
2825,M,616,410,Poland,Rep. of Korea,False,False,False,False,2678895.0,203953.278
2825,M,616,442,Poland,Luxembourg,False,False,False,False,5478.0,100.0
2825,M,616,484,Poland,Mexico,False,False,False,False,147.0,2.0
2825,M,616,528,Poland,Netherlands,False,False,True,False,1674454.0,1119965.0
2825,M,616,568,Poland,"Other Europe, nes",False,False,False,False,36370.0,14670.0
2825,M,616,620,Poland,Portugal,False,False,False,False,44586.0,4800.0
2825,M,616,643,Poland,Russian Federation,False,False,False,False,10845669.0,337000.0
2825,M,616,699,Poland,India,False,False,False,False,3030.0,277.653
2825,M,616,705,Poland,Slovenia,False,False,False,False,6017.0,2325.0
2825,M,616,710,Poland,South Africa,False,False,False,False,17213.0,1500.0
2825,M,616,724,Poland,Spain,False,False,False,False,164233.0,332236.73
2825,M,616,757,Poland,Switzerland,False,False,False,False,117389.0,2377.364
2825,M,616,792,Poland,Türkiye,False,False,False,False,147628.0,275614.209
2825,M,616,826,Poland,United Kingdom,False,False,False,False,3088644.0,298140.995
2825,M,616,842,Poland,USA,False,False,False,False,34382939.0,1023417.164
2825,M,699,36,India,Australia,False,False,False,False,28811998.312,89217520.0
2825,M,699,40,India,Austria,False,False,False,False,15197.624,165.0
2825,M,699,48,India,Bahrain,False,False,False,False,872687.767,119000.0
2825,M,699,56,India,Belgium,False,False,True,False,2508967.851,429439.0
2825,M,699,112,India,Belarus,False,False,False,False,1952307.831,1211250.0
2825,M,699,124,India,Canada,False,False,False,False,202831.197,25952.0
2825,M,699,152,India,Chile,False,False,False,False,856765.661,38000.0
2825,M,699,156,India,China,False,False,False,False,97837083.324,18261278.0
2825,M,699,196,India,Cyprus,False,False,False,False,141177.117,7540.0
2825,M,699,203,India,Czechia,False,False,False,False,12612.546,450.0
2825,M,699,208,India,Denmark,False,False,False,False,39713.669,5498.915
2825,M,699,251,India,France,False,False,False,False,12065615.364,2081268.674
2825,M,699,276,India,Germany,False,False,False,False,7699042.074,1302501.227
2825,M,699,344,India,"China, Hong Kong SAR",False,False,True,False,59843.072,1603.0
2825,M,699,360,India,Indonesia,False,False,False,False,4212136.019,1070548.0
2825,M,699,364,India,Iran,False,False,False,False,45108.312,104810.0
2825,M,699,376,India,Israel,False,False,False,False,1460449.781,831047.0
2825,M,699,380,India,Italy,False,False,False,False,15556.3,3629.063
2825,M,699,392,India,Japan,False,False,False,False,33410921.736,6848770.0
2825,M,699,410,India,Rep. of Korea,False,False,False,False,21413621.109,3753867.0
2825,M,699,414,India,Kuwait,False,False,False,False,425421.704,325150.0
2825,M,699,428,India,Latvia,False,False,False,False,82502.687,63750.0
2825,M,699,440,India,Lithuania,False,False,False,False,153737.376,82600.0
2825,M,699,458,India,Malaysia,False,False,False,False,7129746.3,31297750.0
2825,M,699,484,India,Mexico,False,False,False,False,595442.538,526616.0
2825,M,699,490,India,"Other Asia, nes",False,False,False,False,916553.879,133206.0
2825,M,699,512,India,Oman,False,False,False,False,78498.741,48928.0
2825,M,699,528,India,Netherlands,False,False,True,False,806284.254,152323.0
2825,M,699,579,India,Norway,False,False,False,False,1951194.806,204000.0
2825,M,699,591,India,Panama,False,False,False,False,1.513,3.0
2825,M,699,608,India,Philippines,False,False,False,False,2253343.291,91000.0
2825,M,699,643,India,Russian Federation,False,False,False,False,31910493.943,1002220.0
2825,M,699,682,India,Saudi Arabia,False,False,False,False,2083147.157,406397.0
2825,M,699,699,India,India,False,False,False,False,780086.365,74621.0
2825,M,699,702,India,Singapore,False,False,True,False,448025.134,175825.0
2825,M,699,704,India,Viet Nam,False,False,False,False,12172990.932,366502.0
2825,M,699,705,India,Slovenia,False,False,False,False,972.531,50.0
2825,M,699,710,India,South Africa,False,False,False,False,7884824.992,1097020.0
2825,M,699,724,India,Spain,False,False,False,False,643072.926,386437.0
2825,M,699,752,India,Sweden,False,False,False,False,6464529.128,517589.0
2825,M,699,757,India,Switzerland,False,False,False,False,92194.215,24498.41
2825,M,699,764,India,Thailand,False,False,False,False,6313840.892,511900.0
2825,M,699,784,India,United Arab Emirates,False,False,True,False,912907.023,366488.0
2825,M,699,792,India,Türkiye,False,False,False,False,896607.33,1640000.0
2825,M,699,826,India,United Kingdom,False,False,False,False,1183602.949,551128.227
2825,M,699,842,India,USA,False,False,False,False,26640377.548,9372633.322
2825,M,699,862,India,Venezuela,False,False,False,False,1009559.32,384639.0
2825,M,699,894,India,Zambia,False,False,False,False,949.383,505.0
2825,M,702,36,Singapore,Australia,False,False,False,True,7253.791,1000.85
2825,M,702,40,Singapore,Austria,False,False,False,True,67.758,0.26
2825,M,702,56,Singapore,Belgium,False,False,True,True,23021.218,1001.0
2825,M,702,76,Singapore,Brazil,False,False,False,True,689860.692,34059.8
2825,M,702,124,Singapore,Canada,False,False,False,True,306.026,1.11
2825,M,702,152,Singapore,Chile,False,False,False,True,0.745,1.0
2825,M,702,156,Singapore,China,False,False,False,True,14715938.262,476310.19
2825,M,702,251,Singapore,France,False,False,False,True,686518.23,131751.8
2825,M,702,260,Singapore,Fr. South Antarctic Terr.,False,False,False,True,263.585,0.25
2825,M,702,276,Singapore,Germany,False,False,False,True,1174659.199,88691.479
2825,M,702,344,Singapore,"China, Hong Kong SAR",False,False,True,True,295295.265,15000.0
2825,M,702,360,Singapore,Indonesia,False,False,False,True,5.212,10.0
2825,M,702,372,Singapore,Ireland,False,False,False,True,282.199,11.98
2825,M,702,392,Singapore,Japan,False,False,False,True,5574093.868,442548.97
2825,M,702,410,Singapore,Rep. of Korea,False,False,False,True,44001345.838,1120506.7
2825,M,702,458,Singapore,Malaysia,False,False,False,True,13376026.356,45114478.393
2825,M,702,490,Singapore,"Other Asia, nes",False,False,False,True,1498668.813,153925.0
2825,M,702,528,Singapore,Netherlands,False,False,True,True,78.926,3.25
2825,M,702,579,Singapore,Norway,False,False,False,True,3966015.817,494000.0
2825,M,702,643,Singapore,Russian Federation,False,False,False,True,14519.495,87.51
2825,M,702,699,Singapore,India,False,False,False,True,23694.327,7115.68
2825,M,702,710,Singapore,South Africa,False,False,False,True,13270.074,1463.6
2825,M,702,724,Singapore,Spain,False,False,False,True,1.489,1.0
2825,M,702,757,Singapore,Switzerland,False,False,False,True,88220.454,269.86
2825,M,702,764,Singapore,Thailand,False,False,False,True,42.442,60.0
2825,M,702,826,Singapore,United Kingdom,False,False,False,True,376961.842,5050.97
2825,M,702,842,Singapore,USA,False,False,False,True,9854980.208,884888.18
2825,M,704,36,Viet Nam,Australia,False,False,False,False,17510.0,1939.405
2825,M,704,152,Viet Nam,Chile,False,False,False,False,33375.0,696.237
2825,M,704,156,Viet Nam,China,False,False,False,False,9076986.156,848727.751
2825,M,704,203,Viet Nam,Czechia,False,False,False,False,16975.0,1073.274
2825,M,704,251,Viet Nam,France,False,False,False,False,94400.0,20873.797
2825,M,704,276,Viet Nam,Germany,False,False,False,False,1190695.153,146945.841
2825,M,704,380,Viet Nam,Italy,False,False,False,False,688.0,0.0
2825,M,704,392,Viet Nam,Japan,False,False,False,False,4740207.731,0.0
2825,M,704,410,Viet Nam,Rep. of Korea,False,False,False,False,5632324.414,596810.695
2825,M,704,418,Viet Nam,Lao People's Dem. Rep.,False,False,False,False,68937.96,0.0
2825,M,704,458,Viet Nam,Malaysia,False,False,False,False,13290.0,0.0
2825,M,704,490,Viet Nam,"Other Asia, nes",False,False,False,False,374741.91,28864.542
2825,M,704,579,Viet Nam,Norway,False,False,False,False,1993381.37,220786.626
2825,M,704,643,Viet Nam,Russian Federation,False,False,False,False,603.5,12.59
2825,M,704,699,Viet Nam,India,False,False,False,False,182566.0,19570.682
2825,M,704,764,Viet Nam,Thailand,False,False,False,False,8492375.123,0.0
2825,M,704,792,Viet Nam,Türkiye,False,False,False,False,30890.0,5227.411
2825,M,704,826,Viet Nam,United Kingdom,False,False,False,False,144780.0,0.0
2825,M,704,842,Viet Nam,USA,False,False,False,False,2970014.428,303670.613
2825,M,710,36,South Africa,Australia,False,False,False,False,5965515.467,729960.0
2825,M,710,40,South Africa,Austria,False,False,False,False,48.671,1.43
2825,M,710,56,South Africa,Belgium,False,False,True,False,1495772.996,318852.0
2825,M,710,76,South Africa,Brazil,False,False,False,False,769862.874,100000.0
2825,M,710,124,South Africa,Canada,False,False,False,False,149214.827,4700.5
2825,M,710,152,South Africa,Chile,False,False,False,False,3507513.092,80000.0
2825,M,710,156,South Africa,China,False,False,False,False,7768514.424,1175706.64
2825,M,710,203,South Africa,Czechia,False,False,False,False,41018.861,1584.52
2825,M,710,251,South Africa,France,False,False,False,False,2100171.176,184002.32
2825,M,710,276,South Africa,Germany,False,False,False,False,802441.304,102881.01
2825,M,710,372,South Africa,Ireland,False,False,False,False,123.359,0.8
2825,M,710,380,South Africa,Italy,False,False,False,False,109.917,0.22
2825,M,710,384,South Africa,Côte d'Ivoire,False,False,False,False,663.026,107.78
2825,M,710,392,South Africa,Japan,False,False,False,False,2958035.649,142799.12
2825,M,710,410,South Africa,Rep. of Korea,False,False,False,False,2845.762,37.65
2825,M,710,458,South Africa,Malaysia,False,False,False,False,47.75,14.0
2825,M,710,484,South Africa,Mexico,False,False,False,False,559.288,2.27
2825,M,710,490,South Africa,"Other Asia, nes",False,False,False,False,172659.124,8500.0
2825,M,710,579,South Africa,Norway,False,False,False,False,879168.961,78103.8
2825,M,710,604,South Africa,Peru,False,False,False,False,1541224.264,210510.0
2825,M,710,620,South Africa,Portugal,False,False,False,False,0.759,1.87
2825,M,710,643,South Africa,Russian Federation,False,False,False,False,706.495,6.32
2825,M,710,699,South Africa,India,False,False,False,False,49786.929,13516.29
2825,M,710,702,South Africa,Singapore,False,False,True,False,675.547,50.0
2825,M,710,724,South Africa,Spain,False,False,False,False,26076.078,2100.0
2825,M,710,757,South Africa,Switzerland,False,False,False,False,99539.062,177908.46
2825,M,710,792,South Africa,Türkiye,False,False,False,False,69077.297,199434.6
2825,M,710,826,South Africa,United Kingdom,False,False,False,False,2141243.315,141931.49
2825,M,710,839,South Africa,Special Categories,False,False,False,False,0.108,20.0
2825,M,710,842,South Africa,USA,False,False,False,False,1773123.038,53013.38
2825,M,710,894,South Africa,Zambia,False,False,False,False,88.075,43.9
2825,M,710,899,South Africa,"Areas, nes",False,False,False,False,85.744,0.36
2825,M,724,36,Spain,Australia,False,False,False,False,183.524,3.7
2825,M,724,40,Spain,Austria,False,False,False,False,406542.588,48250.25
2825,M,724,56,Spain,Belgium,False,False,True,False,4682942.831,358120.28
2825,M,724,76,Spain,Brazil,False,False,False,False,151723.916,20004.0
2825,M,724,104,Spain,Myanmar,False,False,False,False,277182.778,24649.0
2825,M,724,124,Spain,Canada,False,False,False,False,5912.409,68.01
2825,M,724,152,Spain,Chile,False,False,False,False,130030.348,5130.5
2825,M,724,156,Spain,China,False,False,False,False,3815030.935,631498.235
2825,M,724,191,Spain,Croatia,False,False,False,False,517030.486,465275.0
2825,M,724,192,Spain,Cuba,False,False,False,False,781540.959,42000.0
2825,M,724,246,Spain,Finland,False,False,False,False,49984.81,704.0
2825,M,724,251,Spain,France,False,False,False,False,10785724.129,1336806.65
2825,M,724,276,Spain,Germany,False,False,False,False,8268616.71,1321498.739
2825,M,724,344,Spain,"China, Hong Kong SAR",False,False,True,False,299946.413,41050.0
2825,M,724,376,Spain,Israel,False,False,False,False,3740.984,100.0
2825,M,724,380,Spain,Italy,False,False,False,False,7814033.444,940095.2
2825,M,724,392,Spain,Japan,False,False,False,False,73382.36,995.34
2825,M,724,410,Spain,Rep. of Korea,False,False,False,False,35459.783,539.58
2825,M,724,428,Spain,Latvia,False,False,False,False,573333.776,528050.0
2825,M,724,442,Spain,Luxembourg,False,False,False,False,111958.099,8000.0
2825,M,724,484,Spain,Mexico,False,False,False,False,584.361,26.0
2825,M,724,490,Spain,"Other Asia, nes",False,False,False,False,48751.31,2053.0
2825,M,724,504,Spain,Morocco,False,False,False,False,436.465,35.9
2825,M,724,528,Spain,Netherlands,False,False,True,False,3527613.69,322555.73
2825,M,724,568,Spain,"Other Europe, nes",False,False,False,False,417926.27,752354.3
2825,M,724,579,Spain,Norway,False,False,False,False,271609.174,56002.0
2825,M,724,604,Spain,Peru,False,False,False,False,305489.007,42800.0
2825,M,724,608,Spain,Philippines,False,False,False,False,32408.324,2000.0
2825,M,724,616,Spain,Poland,False,False,False,False,762155.704,14375.0
2825,M,724,620,Spain,Portugal,False,False,False,False,1165018.811,7241510.0
2825,M,724,643,Spain,Russian Federation,False,False,False,False,1245469.164,20006.0
2825,M,724,699,Spain,India,False,False,False,False,665827.883,83129.8
2825,M,724,702,Spain,Singapore,False,False,True,False,650456.655,80000.0
2825,M,724,704,Spain,Viet Nam,False,False,False,False,205.117,1.0
2825,M,724,705,Spain,Slovenia,False,False,False,False,864.474,0.0
2825,M,724,710,Spain,South Africa,False,False,False,False,290.688,11.7
2825,M,724,757,Spain,Switzerland,False,False,False,False,79847.611,2577.252
2825,M,724,792,Spain,Türkiye,False,False,False,False,10003.259,1220.9
2825,M,724,826,Spain,United Kingdom,False,False,False,False,1097717.808,77081.05
2825,M,724,842,Spain,USA,False,False,False,False,3422619.458,1081758.777
2825,M,752,36,Sweden,Australia,False,False,False,False,43166.166,1000.0
2825,M,752,40,Sweden,Austria,False,False,False,False,1413.739,157.561
2825,M,752,56,Sweden,Belgium,False,False,True,False,8869233.304,279939.055
2825,M,752,152,Sweden,Chile,False,False,False,False,5023109.094,147000.0
2825,M,752,156,Sweden,China,False,False,False,False,125840965.559,2290745.537
2825,M,752,208,Sweden,Denmark,False,False,False,False,39678.943,11809.087
2825,M,752,246,Sweden,Finland,False,False,False,False,12535.153,4115.545
2825,M,752,251,Sweden,France,False,False,False,False,503668.099,34520.901
2825,M,752,276,Sweden,Germany,False,False,False,False,2146244.376,171932.428
2825,M,752,344,Sweden,"China, Hong Kong SAR",False,False,True,False,8765.182,156.075
2825,M,752,380,Sweden,Italy,False,False,False,False,21300.335,3426.183
2825,M,752,392,Sweden,Japan,False,False,False,False,5746472.241,164535.892
2825,M,752,410,Sweden,Rep. of Korea,False,False,False,False,188.499,3.704
2825,M,752,490,Sweden,"Other Asia, nes",False,False,False,False,3110.226,573.952
2825,M,752,528,Sweden,Netherlands,False,False,True,False,20405061.204,515198.728
2825,M,752,579,Sweden,Norway,False,False,False,False,2191955.272,222057.469
2825,M,752,616,Sweden,Poland,False,False,False,False,284821.294,76156.532
2825,M,752,643,Sweden,Russian Federation,False,False,False,False,4335.466,77.199
2825,M,752,705,Sweden,Slovenia,False,False,False,False,1319.49,1000.0
2825,M,752,724,Sweden,Spain,False,False,False,False,942.493,181.335
2825,M,752,757,Sweden,Switzerland,False,False,False,False,848.243,15.799
2825,M,752,792,Sweden,Türkiye,False,False,False,False,282.748,45.289
2825,M,752,826,Sweden,United Kingdom,False,False,False,False,142599.146,8197.85
2825,M,752,842,Sweden,USA,False,False,False,False,31950691.029,2315827.447
2825,M,764,36,Thailand,Australia,False,False,False,False,558401.665,53975.0
2825,M,764,40,Thailand,Austria,False,False,False,False,160.007,1.0
2825,M,764,56,Thailand,Belgium,False,False,True,False,23705.266,1618.406
2825,M,764,76,Thailand,Brazil,False,False,False,False,4834673.368,26714.0
2825,M,764,116,Thailand,Cambodia,False,False,False,False,20634.503,800.0
2825,M,764,124,Thailand,Canada,False,False,False,False,254232.823,144495.0
2825,M,764,156,Thailand,China,False,False,False,False,67261373.526,2330064.091
2825,M,764,203,Thailand,Czechia,False,False,False,False,34.049,12.601
2825,M,764,251,Thailand,France,False,False,False,False,58451.049,19461.0
2825,M,764,276,Thailand,Germany,False,False,False,False,278329.819,38260.069
2825,M,764,344,Thailand,"China, Hong Kong SAR",False,False,True,False,19199.998,2000.0
2825,M,764,360,Thailand,Indonesia,False,False,False,False,175572.011,239459.0
2825,M,764,392,Thailand,Japan,False,False,False,False,5873113.151,4939277.346
2825,M,764,410,Thailand,Rep. of Korea,False,False,False,False,3170632.218,1662998.0
2825,M,764,458,Thailand,Malaysia,False,False,False,False,744951.972,1539880.0
2825,M,764,484,Thailand,Mexico,False,False,False,False,112.629,1.0
2825,M,764,490,Thailand,"Other Asia, nes",False,False,False,False,5478353.599,3088139.0
2825,M,764,528,Thailand,Netherlands,False,False,True,False,81.147,88.652
2825,M,764,579,Thailand,Norway,False,False,False,False,763523.272,77010.0
2825,M,764,608,Thailand,Philippines,False,False,False,False,1873585.225,347549.0
2825,M,764,643,Thailand,Russian Federation,False,False,False,False,1853.478,7.605
2825,M,764,699,Thailand,India,False,False,False,False,639808.086,109091.624
2825,M,764,702,Thailand,Singapore,False,False,True,False,147476.664,48304.0
2825,M,764,704,Thailand,Viet Nam,False,False,False,False,102.103,4.0
2825,M,764,724,Thailand,Spain,False,False,False,False,3276.091,167.402
2825,M,764,757,Thailand,Switzerland,False,False,False,False,587690.709,988.167
2825,M,764,764,Thailand,Thailand,False,False,False,False,2994.18,4105.0
2825,M,764,784,Thailand,United Arab Emirates,False,False,True,False,29.127,2.0
2825,M,764,792,Thailand,Türkiye,False,False,False,False,128.023,7.784
2825,M,764,826,Thailand,United Kingdom,False,False,False,False,48910.073,7671.586
2825,M,764,842,Thailand,USA,False,False,False,False,8593372.674,639882.126
2825,M,792,36,Türkiye,Australia,False,False,False,False,899271.0,104604.0
2825,M,792,40,Türkiye,Austria,False,False,False,False,258.0,271.0
2825,M,792,56,Türkiye,Belgium,False,False,True,False,7942716.0,692199.0
2825,M,792,112,Türkiye,Belarus,False,False,False,False,1213096.0,807500.0
2825,M,792,152,Türkiye,Chile,False,False,False,False,10248067.0,209912.0
2825,M,792,156,Türkiye,China,False,False,False,False,14078865.0,963308.0
2825,M,792,203,Türkiye,Czechia,False,False,False,False,1096.0,680.0
2825,M,792,208,Türkiye,Denmark,False,False,False,False,2.0,3.0
2825,M,792,246,Türkiye,Finland,False,False,False,False,9102.0,206.0
2825,M,792,251,Türkiye,France,False,False,False,False,3559890.0,316685.0
2825,M,792,276,Türkiye,Germany,False,False,False,False,20413997.0,1177510.0
2825,M,792,344,Türkiye,"China, Hong Kong SAR",False,False,True,False,206368.0,20152.0
2825,M,792,360,Türkiye,Indonesia,False,False,False,False,81180.0,18000.0
2825,M,792,380,Türkiye,Italy,False,False,False,False,83885.0,17252.0
2825,M,792,392,Türkiye,Japan,False,False,False,False,49659.0,26522.0
2825,M,792,410,Türkiye,Rep. of Korea,False,False,False,False,672525.0,57733.0
2825,M,792,417,Türkiye,Kyrgyzstan,False,False,False,False,308413.0,61970.0
2825,M,792,484,Türkiye,Mexico,False,False,False,False,64.0,1.0
2825,M,792,490,Türkiye,"Other Asia, nes",False,False,False,False,1277.0,100.0
2825,M,792,528,Türkiye,Netherlands,False,False,True,False,1181359.0,65000.0
2825,M,792,579,Türkiye,Norway,False,False,False,False,4120066.0,462000.0
2825,M,792,586,Türkiye,Pakistan,False,False,False,False,3.0,1.0
2825,M,792,604,Türkiye,Peru,False,False,False,False,165254.0,18750.0
2825,M,792,608,Türkiye,Philippines,False,False,False,False,45422.0,2140.0
2825,M,792,616,Türkiye,Poland,False,False,False,False,1879.0,1100.0
2825,M,792,620,Türkiye,Portugal,False,False,False,False,17.0,3.0
2825,M,792,643,Türkiye,Russian Federation,False,False,False,False,3723517.0,129586.0
2825,M,792,699,Türkiye,India,False,False,False,False,1080665.0,133729.0
2825,M,792,702,Türkiye,Singapore,False,False,True,False,440000.0,40000.0
2825,M,792,705,Türkiye,Slovenia,False,False,False,False,9238.0,3275.0
2825,M,792,724,Türkiye,Spain,False,False,False,False,1276317.0,190317.0
2825,M,792,757,Türkiye,Switzerland,False,False,False,False,26020.0,601.0
2825,M,792,784,Türkiye,United Arab Emirates,False,False,True,False,3698.0,200.0
2825,M,792,826,Türkiye,United Kingdom,False,False,False,False,889084.0,111335.0
2825,M,792,842,Türkiye,USA,False,False,False,False,7749426.0,496112.0
2825,M,792,899,Türkiye,"Areas, nes",False,False,False,False,176642.0,127500.0
2825,M,826,36,United Kingdom,Australia,False,False,False,False,10333053.966,1290912.0
2825,M,826,40,United Kingdom,Austria,False,False,False,False,28149.042,6480.0
2825,M,826,51,United Kingdom,Armenia,False,False,False,False,2247.25,906.515
2825,M,826,56,United Kingdom,Belgium,False,False,True,False,3217178.138,475313.0
2825,M,826,76,United Kingdom,Brazil,False,False,False,False,167957.072,5650.0
2825,M,826,152,United Kingdom,Chile,False,False,False,False,12282089.588,355194.0
2825,M,826,156,United Kingdom,China,False,False,False,False,5672727.483,1041212.0
2825,M,826,196,United Kingdom,Cyprus,False,False,False,False,4135.288,480.0
2825,M,826,246,United Kingdom,Finland,False,False,False,False,1367.243,3.0
2825,M,826,251,United Kingdom,France,False,False,False,False,7356357.671,644022.178
2825,M,826,276,United Kingdom,Germany,False,False,False,False,9258496.866,1037363.006
2825,M,826,344,United Kingdom,"China, Hong Kong SAR",False,False,True,False,142936.53,34327.0
2825,M,826,372,United Kingdom,Ireland,False,False,False,False,979377.116,2613475.0
2825,M,826,380,United Kingdom,Italy,False,False,False,False,278482.49,29077.0
2825,M,826,392,United Kingdom,Japan,False,False,False,False,5127912.319,176988.0
2825,M,826,410,United Kingdom,Rep. of Korea,False,False,False,False,481352.728,7941.0
2825,M,826,442,United Kingdom,Luxembourg,False,False,False,False,13481.014,2000.0
2825,M,826,484,United Kingdom,Mexico,False,False,False,False,24766.981,6.0
2825,M,826,490,United Kingdom,"Other Asia, nes",False,False,False,False,66907.889,4606.0
2825,M,826,528,United Kingdom,Netherlands,False,False,True,False,202374.301,7007.0
2825,M,826,579,United Kingdom,Norway,False,False,False,False,5318954.663,590800.0
2825,M,826,608,United Kingdom,Philippines,False,False,False,False,218581.099,7050.0
2825,M,826,643,United Kingdom,Russian Federation,False,False,False,False,6313102.973,95000.0
2825,M,826,682,United Kingdom,Saudi Arabia,False,False,False,False,318432.081,30000.0
2825,M,826,699,United Kingdom,India,False,False,False,False,35777.014,6942.0
2825,M,826,704,United Kingdom,Viet Nam,False,False,False,False,33793978.86,1080000.0
2825,M,826,710,United Kingdom,South Africa,False,False,False,False,2045860.026,197744.0
2825,M,826,724,United Kingdom,Spain,False,False,False,False,220010.49,20860.0
2825,M,826,752,United Kingdom,Sweden,False,False,False,False,23004.481,28.0
2825,M,826,757,United Kingdom,Switzerland,False,False,False,False,105444.247,1991.271
2825,M,826,792,United Kingdom,Türkiye,False,False,False,False,2638.779,7730.0
2825,M,826,826,United Kingdom,United Kingdom,False,False,False,False,104530.68,38300.0
2825,M,826,842,United Kingdom,USA,False,False,False,False,22318922.953,1661311.0
2825,M,842,36,USA,Australia,False,False,False,False,13704462.0,1692352.0
2825,M,842,40,USA,Austria,False,False,False,False,689612.0,17274.0
2825,M,842,56,USA,Belgium,False,False,True,False,29637978.0,1817141.0
2825,M,842,68,USA,Bolivia (Plurinational State of),False,False,False,False,11643717.0,1180000.0
2825,M,842,76,USA,Brazil,False,False,False,False,77327115.0,2507615.0
2825,M,842,124,USA,Canada,False,False,False,False,11066401.0,345916.0
2825,M,842,152,USA,Chile,False,False,False,False,216996017.0,5267952.0
2825,M,842,156,USA,China,False,False,False,False,177799174.0,16836012.0
2825,M,842,203,USA,Czechia,False,False,False,False,343842.0,40350.0
2825,M,842,233,USA,Estonia,False,False,False,False,796516.0,24178.0
2825,M,842,246,USA,Finland,False,False,False,False,183715.0,52087.0
2825,M,842,251,USA,France,False,False,False,False,11834124.0,1181614.0
2825,M,842,276,USA,Germany,False,False,False,False,49672169.0,4433074.0
2825,M,842,344,USA,"China, Hong Kong SAR",False,False,True,False,81676.0,18133.0
2825,M,842,372,USA,Ireland,False,False,False,False,897896.0,119046.0
2825,M,842,376,USA,Israel,False,False,False,False,26075.0,2489.0
2825,M,842,380,USA,Italy,False,False,False,False,1324503.0,56657.0
2825,M,842,392,USA,Japan,False,False,False,False,14568953.0,1283048.0
2825,M,842,410,USA,Rep. of Korea,False,False,False,False,52499573.0,3627579.0
2825,M,842,428,USA,Latvia,False,False,False,False,15865.0,5.0
2825,M,842,458,USA,Malaysia,False,False,False,False,8250.0,22.0
2825,M,842,484,USA,Mexico,False,False,False,False,3037528.0,280040.0
2825,M,842,490,USA,"Other Asia, nes",False,False,False,False,2711062.0,151715.0
2825,M,842,528,USA,Netherlands,False,False,True,False,1928447.0,122602.399
2825,M,842,579,USA,Norway,False,False,False,False,8440699.0,897058.0
2825,M,842,604,USA,Peru,False,False,False,False,817730.0,114405.0
2825,M,842,608,USA,Philippines,False,False,False,False,5112790.0,234003.0
2825,M,842,643,USA,Russian Federation,False,False,False,False,21899.0,129.0
2825,M,842,699,USA,India,False,False,False,False,8639614.0,455602.0
2825,M,842,702,USA,Singapore,False,False,True,False,3535.0,15.0
2825,M,842,704,USA,Viet Nam,False,False,False,False,12443422.0,331848.0
2825,M,842,710,USA,South Africa,False,False,False,False,33280929.0,899373.0
2825,M,842,724,USA,Spain,False,False,False,False,483107.0,787134.0
2825,M,842,757,USA,Switzerland,False,False,False,False,1310322.0,9928.0
2825,M,842,764,USA,Thailand,False,False,False,False,3393921.0,750299.0
2825,M,842,780,USA,Trinidad and Tobago,False,False,False,False,40273.0,194.0
2825,M,842,792,USA,Türkiye,False,False,False,False,20912473.0,6021359.0
2825,M,842,826,USA,United Kingdom,False,False,False,False,11846171.0,495660.0
2836,M,36,32,Australia,Argentina,False,False,False,False,931733.533,97238.14
2836,M,36,36,Australia,Australia,False,False,False,False,7265.656,902.0
2836,M,36,56,Australia,Belgium,False,False,True,False,817363.701,478690.1
2836,M,36,76,Australia,Brazil,False,False,False,False,2452.466,38.9
2836,M,36,124,Australia,Canada,False,False,False,False,240703.907,0.0
2836,M,36,144,Australia,Sri Lanka,False,False,False,False,29585.254,154000.0
2836,M,36,156,Australia,China,False,False,False,False,31314431.867,66448720.27
2836,M,36,203,Australia,Czechia,False,False,False,False,6648.518,5000.0
2836,M,36,208,Australia,Denmark,False,False,False,False,57310.146,77310.0
2836,M,36,251,Australia,France,False,False,False,False,701094.734,839059.0
2836,M,36,276,Australia,Germany,False,False,False,False,1263800.084,845004.5
2836,M,36,300,Australia,Greece,False,False,False,False,5644.752,10000.0
2836,M,36,344,Australia,"China, Hong Kong SAR",False,False,True,False,191638.76,127577.0
2836,M,36,360,Australia,Indonesia,False,False,False,False,18098.36,66000.0
2836,M,36,380,Australia,Italy,False,False,False,False,2497312.597,2994756.66
2836,M,36,392,Australia,Japan,False,False,False,False,496368.327,654880.6
2836,M,36,400,Australia,Jordan,False,False,False,False,15223.137,130000.0
2836,M,36,410,Australia,Rep. of Korea,False,False,False,False,5511797.045,4825985.2
2836,M,36,458,Australia,Malaysia,False,False,False,False,1101486.732,4769840.0
2836,M,36,470,Australia,Malta,False,False,False,False,2100.737,540.0
2836,M,36,490,Australia,"Other Asia, nes",False,False,False,False,2266668.616,1532690.56
2836,M,36,528,Australia,Netherlands,False,False,True,False,343093.885,94761.0
2836,M,36,554,Australia,New Zealand,False,False,False,False,73831.491,43110.0
2836,M,36,579,Australia,Norway,False,False,False,False,902906.442,466010.0
2836,M,36,642,Australia,Romania,False,False,False,False,7657.852,11250.0
2836,M,36,699,Australia,India,False,False,False,False,1296164.211,1549859.4
2836,M,36,702,Australia,Singapore,False,False,True,False,3443894.451,6172667.0
2836,M,36,704,Australia,Viet Nam,False,False,False,False,411571.43,3187658.0
2836,M,36,724,Australia,Spain,False,False,False,False,419786.205,480640.0
2836,M,36,752,Australia,Sweden,False,False,False,False,39115.958,59473.4
2836,M,36,764,Australia,Thailand,False,False,False,False,296775.821,1363053.0
2836,M,36,792,Australia,Türkiye,False,False,False,False,1802105.442,5099350.0
2836,M,36,798,Australia,Tuvalu,False,False,False,False,139212.639,140000.0
2836,M,36,826,Australia,United Kingdom,False,False,False,False,1737096.561,929800.6
2836,M,36,842,Australia,USA,False,False,False,False,87853429.621,205080469.265
2836,M,40,32,Austria,Argentina,False,False,False,False,171637.337,40000.0
2836,M,40,36,Austria,Australia,False,False,False,False,1052.074,3.0
2836,M,40,48,Austria,Bahrain,False,False,False,False,45.413,5.0
2836,M,40,56,Austria,Belgium,False,False,True,False,3866441.42,7874335.0
2836,M,40,70,Austria,Bosnia Herzegovina,False,False,False,False,28842623.104,68031930.0
2836,M,40,100,Austria,Bulgaria,False,False,False,False,593741.9,2075263.0
2836,M,40,124,Austria,Canada,False,False,False,False,108.127,20.329
2836,M,40,152,Austria,Chile,False,False,False,False,1420629.101,24905.0
2836,M,40,156,Austria,China,False,False,False,False,345624.271,176008.0
2836,M,40,191,Austria,Croatia,False,False,False,False,116065.536,405900.0
2836,M,40,203,Austria,Czechia,False,False,False,False,142590.137,86686.0
2836,M,40,208,Austria,Denmark,False,False,False,False,157.865,35.0
2836,M,40,246,Austria,Finland,False,False,False,False,1887.895,1300.0
2836,M,40,251,Austria,France,False,False,False,False,4066422.051,4220449.0
2836,M,40,276,Austria,Germany,False,False,False,False,23239255.561,28299565.0
2836,M,40,348,Austria,Hungary,False,False,False,False,56957.987,48840.0
2836,M,40,376,Austria,Israel,False,False,False,False,265.992,42.0
2836,M,40,380,Austria,Italy,False,False,False,False,5664113.214,3015921.0
2836,M,40,392,Austria,Japan,False,False,False,False,3639.55,17.0
2836,M,40,410,Austria,Rep. of Korea,False,False,False,False,295573.427,151019.0
2836,M,40,442,Austria,Luxembourg,False,False,False,False,20487.878,54042.0
2836,M,40,484,Austria,Mexico,False,False,False,False,6850.918,2302.0
2836,M,40,490,Austria,"Other Asia, nes",False,False,False,False,2551.794,117.0
2836,M,40,504,Austria,Morocco,False,False,False,False,5364.174,565.0
2836,M,40,528,Austria,Netherlands,False,False,True,False,70714.968,91045.0
2836,M,40,616,Austria,Poland,False,False,False,False,762199.225,1267431.0
2836,M,40,643,Austria,Russian Federation,False,False,False,False,18724.329,27399.0
2836,M,40,699,Austria,India,False,False,False,False,458453.57,204637.0
2836,M,40,703,Austria,Slovakia,False,False,False,False,55633.433,26520.0
2836,M,40,704,Austria,Viet Nam,False,False,False,False,2877.256,22.0
2836,M,40,705,Austria,Slovenia,False,False,False,False,4462499.397,19596039.0
2836,M,40,724,Austria,Spain,False,False,False,False,59323.803,72528.0
2836,M,40,752,Austria,Sweden,False,False,False,False,36251.693,2535.0
2836,M,40,757,Austria,Switzerland,False,False,False,False,79228.877,55736.0
2836,M,40,784,Austria,United Arab Emirates,False,False,True,False,340.6,467.687
2836,M,40,792,Austria,Türkiye,False,False,False,False,165191.895,234152.0
2836,M,40,807,Austria,North Macedonia,False,False,False,False,4607.286,2630.0
2836,M,40,826,Austria,United Kingdom,False,False,False,False,2716579.281,217235.641
2836,M,40,842,Austria,USA,False,False,False,False,850365.869,34894.0
2836,M,56,40,Belgium,Austria,False,False,False,True,136682.772,808784.2
2836,M,56,70,Belgium,Bosnia Herzegovina,False,False,False,True,23485.448,63060.84
2836,M,56,76,Belgium,Brazil,False,False,False,True,749993.862,28600.2
2836,M,56,100,Belgium,Bulgaria,False,False,False,True,3458.416,1102.27
2836,M,56,124,Belgium,Canada,False,False,False,True,1367.559,602.08
2836,M,56,152,Belgium,Chile,False,False,False,True,13597327.81,288050.75
2836,M,56,156,Belgium,China,False,False,False,True,2227023.267,1419931.13
2836,M,56,203,Belgium,Czechia,False,False,False,True,191515.139,131760.999
2836,M,56,208,Belgium,Denmark,False,False,False,True,11079.857,4971.43
2836,M,56,218,Belgium,Ecuador,False,False,False,True,704.795,2015.03
2836,M,56,251,Belgium,France,False,False,False,True,43752935.74,142318803.66
2836,M,56,276,Belgium,Germany,False,False,False,True,42219043.71,93903986.12
2836,M,56,300,Belgium,Greece,False,False,False,True,828158.838,34884602.78
2836,M,56,344,Belgium,"China, Hong Kong SAR",False,False,True,True,45209.508,1200.0
2836,M,56,348,Belgium,Hungary,False,False,False,True,2826.398,0.0
2836,M,56,372,Belgium,Ireland,False,False,False,True,987.522,15.96
2836,M,56,376,Belgium,Israel,False,False,False,True,29.351,1.5
2836,M,56,380,Belgium,Italy,False,False,False,True,1290686.903,2224503.294
2836,M,56,392,Belgium,Japan,False,False,False,True,27435.733,886.11
2836,M,56,410,Belgium,Rep. of Korea,False,False,False,True,1044275.33,537458.79
2836,M,56,422,Belgium,Lebanon,False,False,False,True,477.576,40.0
2836,M,56,442,Belgium,Luxembourg,False,False,False,True,10822774.492,21037910.75
2836,M,56,484,Belgium,Mexico,False,False,False,True,22302.009,26652.5
2836,M,56,490,Belgium,"Other Asia, nes",False,False,False,True,23496.776,900.58
2836,M,56,528,Belgium,Netherlands,False,False,True,True,25136859.898,32914715.57
2836,M,56,554,Belgium,New Zealand,False,False,False,True,123.15,188.64
2836,M,56,579,Belgium,Norway,False,False,False,True,55.191,0.31
2836,M,56,608,Belgium,Philippines,False,False,False,True,11126946.709,888806.12
2836,M,56,616,Belgium,Poland,False,False,False,True,1759985.339,1848575.962
2836,M,56,620,Belgium,Portugal,False,False,False,True,29670.564,56402.37
2836,M,56,642,Belgium,Romania,False,False,False,True,2005.9,648.04
2836,M,56,643,Belgium,Russian Federation,False,False,False,True,5.026,0.94
2836,M,56,699,Belgium,India,False,False,False,True,210489.809,96930.58
2836,M,56,702,Belgium,Singapore,False,False,True,True,212.37,0.0
2836,M,56,705,Belgium,Slovenia,False,False,False,True,2788424.792,28225072.38
2836,M,56,724,Belgium,Spain,False,False,False,True,2859901.4,5173711.19
2836,M,56,752,Belgium,Sweden,False,False,False,True,36833.783,4108.8
2836,M,56,757,Belgium,Switzerland,False,False,False,True,2300.773,20708.301
2836,M,56,788,Belgium,Tunisia,False,False,False,True,1.635,1.4
2836,M,56,792,Belgium,Türkiye,False,False,False,True,21210827.334,56271706.24
2836,M,56,818,Belgium,Egypt,False,False,False,True,492690.935,574169.78
2836,M,56,826,Belgium,United Kingdom,False,False,False,True,1818800.646,1846515.35
2836,M,56,842,Belgium,USA,False,False,False,True,298413.486,111265.186
2836,M,76,36,Brazil,Australia,False,False,False,False,2642.0,341.0
2836,M,76,40,Brazil,Austria,False,False,False,False,11.0,9.528
2836,M,76,56,Brazil,Belgium,False,False,True,False,384882.0,573500.0
2836,M,76,124,Brazil,Canada,False,False,False,False,123666.0,175040.802
2836,M,76,156,Brazil,China,False,False,False,False,43530800.0,79941987.701
2836,M,76,203,Brazil,Czechia,False,False,False,False,11719.0,2700.0
2836,M,76,208,Brazil,Denmark,False,False,False,False,3998.0,150.0
2836,M,76,246,Brazil,Finland,False,False,False,False,58.0,50.239
2836,M,76,251,Brazil,France,False,False,False,False,1451597.0,2081654.943
2836,M,76,276,Brazil,Germany,False,False,False,False,4774098.0,4518198.301
2836,M,76,300,Brazil,Greece,False,False,False,False,240451.0,1431000.0
2836,M,76,344,Brazil,"China, Hong Kong SAR",False,False,True,False,137275.0,209120.0
2836,M,76,376,Brazil,Israel,False,False,False,False,526.0,9.0
2836,M,76,380,Brazil,Italy,False,False,False,False,4394359.0,8952804.486
2836,M,76,392,Brazil,Japan,False,False,False,False,146736.0,122043.0
2836,M,76,410,Brazil,Rep. of Korea,False,False,False,False,4388537.0,3304574.0
2836,M,76,458,Brazil,Malaysia,False,False,False,False,14704.0,4540.0
2836,M,76,484,Brazil,Mexico,False,False,False,False,940497.0,671933.901
2836,M,76,490,Brazil,"Other Asia, nes",False,False,False,False,233660.0,91618.052
2836,M,76,528,Brazil,Netherlands,False,False,True,False,618.0,150.0
2836,M,76,604,Brazil,Peru,False,False,False,False,70.0,20.0
2836,M,76,608,Brazil,Philippines,False,False,False,False,92977.0,9000.0
2836,M,76,616,Brazil,Poland,False,False,False,False,74760.0,116879.0
2836,M,76,620,Brazil,Portugal,False,False,False,False,14875.0,42500.0
2836,M,76,643,Brazil,Russian Federation,False,False,False,False,11230176.0,28882621.0
2836,M,76,699,Brazil,India,False,False,False,False,1395308.0,1856234.725
2836,M,76,702,Brazil,Singapore,False,False,True,False,17209.0,27075.0
2836,M,76,704,Brazil,Viet Nam,False,False,False,False,829826.0,1781700.0
2836,M,76,724,Brazil,Spain,False,False,False,False,54136370.0,122912010.883
2836,M,76,752,Brazil,Sweden,False,False,False,False,1035.0,236.0
2836,M,76,757,Brazil,Switzerland,False,False,False,False,13190.0,34536.673
2836,M,76,764,Brazil,Thailand,False,False,False,False,117287.0,42300.0
2836,M,76,784,Brazil,United Arab Emirates,False,False,True,False,10533.0,25000.0
2836,M,76,792,Brazil,Türkiye,False,False,False,False,152671354.0,372609800.0
2836,M,76,800,Brazil,Uganda,False,False,False,False,303.0,34.0
2836,M,76,818,Brazil,Egypt,False,False,False,False,4955106.0,22507650.0
2836,M,76,826,Brazil,United Kingdom,False,False,False,False,1282717.0,1861422.801
2836,M,76,842,Brazil,USA,False,False,False,False,256031417.0,676552545.997
2836,M,124,12,Canada,Algeria,False,False,False,False,34.076,18.0
2836,M,124,32,Canada,Argentina,False,False,False,False,1035943.436,239638.0
2836,M,124,36,Canada,Australia,False,False,False,False,1884.572,2949.0
2836,M,124,40,Canada,Austria,False,False,False,False,105.933,37.0
2836,M,124,56,Canada,Belgium,False,False,True,False,13101.627,4098.0
2836,M,124,76,Canada,Brazil,False,False,False,False,603437.872,387647.0
2836,M,124,120,Canada,Cameroon,False,False,False,False,279.278,235.0
2836,M,124,124,Canada,Canada,False,False,False,False,19261.303,16512.0
2836,M,124,144,Canada,Sri Lanka,False,False,False,False,174.827,262.0
2836,M,124,152,Canada,Chile,False,False,False,False,14853863.678,1727119.0
2836,M,124,156,Canada,China,False,False,False,False,5891255.698,2680330.0
2836,M,124,170,Canada,Colombia,False,False,False,False,14.816,19.0
2836,M,124,191,Canada,Croatia,False,False,False,False,359.284,10.0
2836,M,124,203,Canada,Czechia,False,False,False,False,82970.8,19281.0
2836,M,124,208,Canada,Denmark,False,False,False,False,611.152,1896.0
2836,M,124,214,Canada,Dominican Rep.,False,False,False,False,46495.739,25651.0
2836,M,124,246,Canada,Finland,False,False,False,False,305944.407,407147.0
2836,M,124,251,Canada,France,False,False,False,False,1092800.616,572468.65
2836,M,124,268,Canada,Georgia,False,False,False,False,316.318,893.0
2836,M,124,276,Canada,Germany,False,False,False,False,5373675.488,757182.23
2836,M,124,300,Canada,Greece,False,False,False,False,1876.423,447.0
2836,M,124,344,Canada,"China, Hong Kong SAR",False,False,True,False,30195.377,49506.0
2836,M,124,348,Canada,Hungary,False,False,False,False,365.21,93.0
2836,M,124,360,Canada,Indonesia,False,False,False,False,40.003,45.0
2836,M,124,364,Canada,Iran,False,False,False,False,37.04,7.0
2836,M,124,372,Canada,Ireland,False,False,False,False,1018.587,166.0
2836,M,124,376,Canada,Israel,False,False,False,False,66137.068,14842.0
2836,M,124,380,Canada,Italy,False,False,False,False,4877415.98,2504596.0
2836,M,124,392,Canada,Japan,False,False,False,False,299094.314,302782.0
2836,M,124,410,Canada,Rep. of Korea,False,False,False,False,703232.773,515800.0
2836,M,124,422,Canada,Lebanon,False,False,False,False,493.367,180.0
2836,M,124,428,Canada,Latvia,False,False,False,False,976.362,864.0
2836,M,124,458,Canada,Malaysia,False,False,False,False,1926.797,327.0
2836,M,124,484,Canada,Mexico,False,False,False,False,480114.712,579351.0
2836,M,124,490,Canada,"Other Asia, nes",False,False,False,False,476979.685,318148.0
2836,M,124,504,Canada,Morocco,False,False,False,False,10392.555,1626.0
2836,M,124,528,Canada,Netherlands,False,False,True,False,1474251.614,36595.0
2836,M,124,554,Canada,New Zealand,False,False,False,False,32070.318,998.0
2836,M,124,566,Canada,Nigeria,False,False,False,False,14.075,32.0
2836,M,124,579,Canada,Norway,False,False,False,False,595045.452,336469.0
2836,M,124,586,Canada,Pakistan,False,False,False,False,95.562,36.0
2836,M,124,604,Canada,Peru,False,False,False,False,2669.07,263.0
2836,M,124,608,Canada,Philippines,False,False,False,False,25.187,5.0
2836,M,124,616,Canada,Poland,False,False,False,False,1746.044,338.0
2836,M,124,620,Canada,Portugal,False,False,False,False,16.297,24.475
2836,M,124,643,Canada,Russian Federation,False,False,False,False,118.527,43.0
2836,M,124,688,Canada,Serbia,False,False,False,False,2326.824,822.0
2836,M,124,699,Canada,India,False,False,False,False,329465.258,469770.0
2836,M,124,702,Canada,Singapore,False,False,True,False,27.409,50.0
2836,M,124,704,Canada,Viet Nam,False,False,False,False,188077.172,408400.0
2836,M,124,705,Canada,Slovenia,False,False,False,False,717.826,46.0
2836,M,124,710,Canada,South Africa,False,False,False,False,5.186,7.0
2836,M,124,724,Canada,Spain,False,False,False,False,3383.192,5196.0
2836,M,124,752,Canada,Sweden,False,False,False,False,36800.268,12513.0
2836,M,124,757,Canada,Switzerland,False,False,False,False,99303.016,18598.0
2836,M,124,764,Canada,Thailand,False,False,False,False,11227.426,10000.0
2836,M,124,768,Canada,Togo,False,False,False,False,40.003,17.0
2836,M,124,788,Canada,Tunisia,False,False,False,False,581.521,192.0
2836,M,124,792,Canada,Türkiye,False,False,False,False,11866745.244,39608605.0
2836,M,124,804,Canada,Ukraine,False,False,False,False,3143.176,2405.0
2836,M,124,826,Canada,United Kingdom,False,False,False,False,337061.327,215257.0
2836,M,124,842,Canada,USA,False,False,False,False,120594488.027,285969482.0
2836,M,152,32,Chile,Argentina,False,False,False,False,825320.673,2833136.44
2836,M,152,40,Chile,Austria,False,False,False,False,561.02,175.0
2836,M,152,56,Chile,Belgium,False,False,True,False,390399.859,640501.997
2836,M,152,68,Chile,Bolivia (Plurinational State of),False,False,False,False,8838.82,203.08
2836,M,152,76,Chile,Brazil,False,False,False,False,273838.987,356232.513
2836,M,152,156,Chile,China,False,False,False,False,4160109.347,10591006.324
2836,M,152,203,Chile,Czechia,False,False,False,False,5096.42,327.017
2836,M,152,208,Chile,Denmark,False,False,False,False,43771.5,46050.0
2836,M,152,214,Chile,Dominican Rep.,False,False,False,False,159084.411,674267.63
2836,M,152,251,Chile,France,False,False,False,False,3710309.874,1435969.089
2836,M,152,276,Chile,Germany,False,False,False,False,1621733.091,674955.027
2836,M,152,300,Chile,Greece,False,False,False,False,3165950.141,50116972.693
2836,M,152,320,Chile,Guatemala,False,False,False,False,9311.199,21999.999
2836,M,152,380,Chile,Italy,False,False,False,False,1764038.557,1760352.569
2836,M,152,392,Chile,Japan,False,False,False,False,829.17,33.169
2836,M,152,410,Chile,Rep. of Korea,False,False,False,False,2309486.01,1604000.0
2836,M,152,484,Chile,Mexico,False,False,False,False,749.37,19.231
2836,M,152,528,Chile,Netherlands,False,False,True,False,8057.13,10000.0
2836,M,152,591,Chile,Panama,False,False,False,False,10373.09,787.322
2836,M,152,604,Chile,Peru,False,False,False,False,1289.82,581.13
2836,M,152,620,Chile,Portugal,False,False,False,False,4365.51,9999.999
2836,M,152,660,Chile,Anguilla,False,False,False,False,16506.769,19008.999
2836,M,152,699,Chile,India,False,False,False,False,37902.869,12291.269
2836,M,152,704,Chile,Viet Nam,False,False,False,False,1284277.063,9026506.862
2836,M,152,724,Chile,Spain,False,False,False,False,2172845.702,4455491.513
2836,M,152,757,Chile,Switzerland,False,False,False,False,117.15,1.242
2836,M,152,784,Chile,United Arab Emirates,False,False,True,False,4488.0,23999.999
2836,M,152,792,Chile,Türkiye,False,False,False,False,5122113.249,15245328.375
2836,M,152,818,Chile,Egypt,False,False,False,False,281788.893,1716499.898
2836,M,152,826,Chile,United Kingdom,False,False,False,False,157782.59,161635.68
2836,M,152,842,Chile,USA,False,False,False,False,301535576.553,775583625.956
2836,M,152,899,Chile,"Areas, nes",False,False,False,False,38346.348,2982.179
2836,M,156,32,China,Argentina,False,False,False,False,478580950.0,18250396.0
2836,M,156,36,China,Australia,False,False,False,False,9521.0,12602.0
2836,M,156,40,China,Austria,False,False,False,False,491137.0,610594.202
2836,M,156,50,China,Bangladesh,False,False,False,False,6.0,32.971
2836,M,156,56,China,Belgium,False,False,True,False,10833.0,3001.027
2836,M,156,76,China,Brazil,False,False,False,False,8576.0,1715.476
2836,M,156,100,China,Bulgaria,False,False,False,False,13358697.0,45047280.0
2836,M,156,124,China,Canada,False,False,False,False,26.0,58.196
2836,M,156,144,China,Sri Lanka,False,False,False,False,76.0,2.0
2836,M,156,152,China,Chile,False,False,False,False,5777418134.0,138644100.0
2836,M,156,156,China,China,False,False,False,False,8457617.0,459036.806
2836,M,156,191,China,Croatia,False,False,False,False,20107.0,100000.0
2836,M,156,203,China,Czechia,False,False,False,False,164592.0,82758.831
2836,M,156,214,China,Dominican Rep.,False,False,False,False,165.0,1.0
2836,M,156,246,China,Finland,False,False,False,False,84447.0,123750.0
2836,M,156,251,China,France,False,False,False,False,2071404.0,1550767.763
2836,M,156,276,China,Germany,False,False,False,False,11606357.0,10222770.982
2836,M,156,360,China,Indonesia,False,False,False,False,12963.0,16133.0
2836,M,156,364,China,Iran,False,False,False,False,1607006.0,6531933.0
2836,M,156,372,China,Ireland,False,False,False,False,1521.0,2.0
2836,M,156,376,China,Israel,False,False,False,False,192.0,83.974
2836,M,156,380,China,Italy,False,False,False,False,11569859.0,21698671.822
2836,M,156,392,China,Japan,False,False,False,False,13989058.0,6150994.872
2836,M,156,404,China,Kenya,False,False,False,False,1607921.0,6068580.0
2836,M,156,410,China,Rep. of Korea,False,False,False,False,44656979.0,11671360.0
2836,M,156,458,China,Malaysia,False,False,False,False,2635992.0,6610979.0
2836,M,156,484,China,Mexico,False,False,False,False,15884652.0,16777317.943
2836,M,156,490,China,"Other Asia, nes",False,False,False,False,1288444.0,864702.98
2836,M,156,528,China,Netherlands,False,False,True,False,649.0,29.0
2836,M,156,566,China,Nigeria,False,False,False,False,116451.0,24000.0
2836,M,156,579,China,Norway,False,False,False,False,10902.0,2000.0
2836,M,156,586,China,Pakistan,False,False,False,False,3387981.0,15178512.0
2836,M,156,608,China,Philippines,False,False,False,False,612298.0,32006.0
2836,M,156,616,China,Poland,False,False,False,False,979.0,25.0
2836,M,156,620,China,Portugal,False,False,False,False,538.0,2956.393
2836,M,156,643,China,Russian Federation,False,False,False,False,5360229.0,24988869.047
2836,M,156,688,China,Serbia,False,False,False,False,56180.0,45536.0
2836,M,156,699,China,India,False,False,False,False,4433581.0,181268.861
2836,M,156,702,China,Singapore,False,False,True,False,1972321.0,4208684.0
2836,M,156,704,China,Viet Nam,False,False,False,False,6129583.0,80199920.0
2836,M,156,705,China,Slovenia,False,False,False,False,21840.0,80000.0
2836,M,156,710,China,South Africa,False,False,False,False,105600.0,480000.0
2836,M,156,724,China,Spain,False,False,False,False,3370322.0,5630279.0
2836,M,156,752,China,Sweden,False,False,False,False,896463.0,7760.0
2836,M,156,757,China,Switzerland,False,False,False,False,15965.0,296.0
2836,M,156,764,China,Thailand,False,False,False,False,13885769.0,31390996.0
2836,M,156,784,China,United Arab Emirates,False,False,True,False,1172083.0,5012681.0
2836,M,156,792,China,Türkiye,False,False,False,False,85866543.0,324493622.0
2836,M,156,818,China,Egypt,False,False,False,False,115410.0,2607224.0
2836,M,156,826,China,United Kingdom,False,False,False,False,27805334.0,2906717.324
2836,M,156,842,China,USA,False,False,False,False,83229507.0,300042353.711
2836,M,156,860,China,Uzbekistan,False,False,False,False,424000.0,1060000.0
2836,M,203,40,Czechia,Austria,False,False,False,False,2710656.0,5528228.16
2836,M,203,56,Czechia,Belgium,False,False,True,False,1314558.0,2553346.278
2836,M,203,70,Czechia,Bosnia Herzegovina,False,False,False,False,11997802.0,26455503.0
2836,M,203,100,Czechia,Bulgaria,False,False,False,False,120370.0,210551.815
2836,M,203,112,Czechia,Belarus,False,False,False,False,1085260.0,691717.0
2836,M,203,152,Czechia,Chile,False,False,False,False,396121.0,11035.0
2836,M,203,156,Czechia,China,False,False,False,False,2376824.0,3702410.661
2836,M,203,191,Czechia,Croatia,False,False,False,False,90444.0,483000.0
2836,M,203,208,Czechia,Denmark,False,False,False,False,28812.0,11073.0
2836,M,203,246,Czechia,Finland,False,False,False,False,1322.0,31.0
2836,M,203,251,Czechia,France,False,False,False,False,664683.0,326587.733
2836,M,203,276,Czechia,Germany,False,False,False,False,24726884.0,43813818.911
2836,M,203,300,Czechia,Greece,False,False,False,False,26510.0,47500.0
2836,M,203,344,Czechia,"China, Hong Kong SAR",False,False,True,False,1624.0,10.0
2836,M,203,348,Czechia,Hungary,False,False,False,False,448454.0,777223.19
2836,M,203,376,Czechia,Israel,False,False,False,False,48066.0,7002.0
2836,M,203,380,Czechia,Italy,False,False,False,False,1547634.0,1316832.603
2836,M,203,392,Czechia,Japan,False,False,False,False,8972.0,718.0
2836,M,203,400,Czechia,Jordan,False,False,False,False,5.0,2.0
2836,M,203,410,Czechia,Rep. of Korea,False,False,False,False,2860705.0,1544000.0
2836,M,203,428,Czechia,Latvia,False,False,False,False,103326.0,120000.0
2836,M,203,440,Czechia,Lithuania,False,False,False,False,18255.0,25050.0
2836,M,203,484,Czechia,Mexico,False,False,False,False,1872.0,451.0
2836,M,203,490,Czechia,"Other Asia, nes",False,False,False,False,164195.0,120799.107
2836,M,203,528,Czechia,Netherlands,False,False,True,False,183587.0,271252.0
2836,M,203,568,Czechia,"Other Europe, nes",False,False,False,False,32954.0,52459.702
2836,M,203,616,Czechia,Poland,False,False,False,False,66464647.0,136866963.292
2836,M,203,642,Czechia,Romania,False,False,False,False,95491.0,165000.0
2836,M,203,643,Czechia,Russian Federation,False,False,False,False,118714.0,139398.0
2836,M,203,699,Czechia,India,False,False,False,False,110733.0,38928.755
2836,M,203,703,Czechia,Slovakia,False,False,False,False,322074.0,2430279.88
2836,M,203,704,Czechia,Viet Nam,False,False,False,False,50061.0,92300.0
2836,M,203,705,Czechia,Slovenia,False,False,False,False,417.0,100.0
2836,M,203,724,Czechia,Spain,False,False,False,False,720169.0,1088444.895
2836,M,203,752,Czechia,Sweden,False,False,False,False,5800.0,4739.087
2836,M,203,757,Czechia,Switzerland,False,False,False,False,8765.0,2010.959
2836,M,203,764,Czechia,Thailand,False,False,False,False,5261.0,850.0
2836,M,203,792,Czechia,Türkiye,False,False,False,False,2401309.0,3945808.374
2836,M,203,796,Czechia,Turks and Caicos Isds,False,False,False,False,1597067.0,4799490.0
2836,M,203,804,Czechia,Ukraine,False,False,False,False,346.0,316.0
2836,M,203,826,Czechia,United Kingdom,False,False,False,False,1196021.0,238972.024
2836,M,203,842,Czechia,USA,False,False,False,False,136851.0,0.0
2836,M,208,40,Denmark,Austria,False,False,False,False,51954.635,28242.0
2836,M,208,56,Denmark,Belgium,False,False,True,False,5761301.418,11016398.0
2836,M,208,124,Denmark,Canada,False,False,False,False,41.366,42.0
2836,M,208,156,Denmark,China,False,False,False,False,1710301.039,2720898.0
2836,M,208,203,Denmark,Czechia,False,False,False,False,4254.32,8547.0
2836,M,208,233,Denmark,Estonia,False,False,False,False,42379.331,9000.0
2836,M,208,246,Denmark,Finland,False,False,False,False,4089572.29,1992011.0
2836,M,208,251,Denmark,France,False,False,False,False,7047413.628,3329769.0
2836,M,208,276,Denmark,Germany,False,False,False,False,29702904.528,43135241.0
2836,M,208,300,Denmark,Greece,False,False,False,False,112029.94,539000.0
2836,M,208,348,Denmark,Hungary,False,False,False,False,571881.555,222920.0
2836,M,208,376,Denmark,Israel,False,False,False,False,1866.408,100.0
2836,M,208,380,Denmark,Italy,False,False,False,False,49900.555,135007.0
2836,M,208,398,Denmark,Kazakhstan,False,False,False,False,0.581,1.0
2836,M,208,410,Denmark,Rep. of Korea,False,False,False,False,50854.297,15000.0
2836,M,208,440,Denmark,Lithuania,False,False,False,False,203.492,392.0
2836,M,208,490,Denmark,"Other Asia, nes",False,False,False,False,727373.892,288018.0
2836,M,208,528,Denmark,Netherlands,False,False,True,False,1074227.456,1233918.0
2836,M,208,579,Denmark,Norway,False,False,False,False,181682.0,270201.0
2836,M,208,616,Denmark,Poland,False,False,False,False,12000168.714,18905796.0
2836,M,208,642,Denmark,Romania,False,False,False,False,228.747,438.0
2836,M,208,699,Denmark,India,False,False,False,False,435562.614,210154.0
2836,M,208,703,Denmark,Slovakia,False,False,False,False,209.298,403.0
2836,M,208,724,Denmark,Spain,False,False,False,False,261745.395,479016.0
2836,M,208,752,Denmark,Sweden,False,False,False,False,5085105.06,9911975.0
2836,M,208,757,Denmark,Switzerland,False,False,False,False,70.395,9.0
2836,M,208,792,Denmark,Türkiye,False,False,False,False,2403088.243,5289614.0
2836,M,208,826,Denmark,United Kingdom,False,False,False,False,915539.045,628125.0
2836,M,208,842,Denmark,USA,False,False,False,False,253407.009,104246.0
2836,M,208,899,Denmark,"Areas, nes",False,False,False,False,8833.327,4822.0
2836,M,246,40,Finland,Austria,False,False,False,False,25549.296,11132.0
2836,M,246,56,Finland,Belgium,False,False,True,False,17864.72,25100.0
2836,M,246,70,Finland,Bosnia Herzegovina,False,False,False,False,15360.502,22600.0
2836,M,246,76,Finland,Brazil,False,False,False,False,1.081,2.0
2836,M,246,100,Finland,Bulgaria,False,False,False,False,103500.114,180279.0
2836,M,246,124,Finland,Canada,False,False,False,False,383.85,270.282
2836,M,246,156,Finland,China,False,False,False,False,331960.279,66655.184
2836,M,246,203,Finland,Czechia,False,False,False,False,211244.206,143376.0
2836,M,246,208,Finland,Denmark,False,False,False,False,67942.595,23738.491
2836,M,246,233,Finland,Estonia,False,False,False,False,755.807,330.0
2836,M,246,251,Finland,France,False,False,False,False,875014.468,670020.575
2836,M,246,276,Finland,Germany,False,False,False,False,2354240.76,2579309.425
2836,M,246,348,Finland,Hungary,False,False,False,False,11408.465,3546.0
2836,M,246,380,Finland,Italy,False,False,False,False,290963.979,494038.794
2836,M,246,392,Finland,Japan,False,False,False,False,160.028,1.0
2836,M,246,410,Finland,Rep. of Korea,False,False,False,False,9461.1,7000.0
2836,M,246,422,Finland,Lebanon,False,False,False,False,111.371,29.0
2836,M,246,428,Finland,Latvia,False,False,False,False,45153.778,10800.0
2836,M,246,440,Finland,Lithuania,False,False,False,False,88048.785,92141.0
2836,M,246,490,Finland,"Other Asia, nes",False,False,False,False,211.929,35.761
2836,M,246,528,Finland,Netherlands,False,False,True,False,87474.631,120184.0
2836,M,246,579,Finland,Norway,False,False,False,False,34573.564,20622.631
2836,M,246,616,Finland,Poland,False,False,False,False,5725156.234,12036474.0
2836,M,246,643,Finland,Russian Federation,False,False,False,False,354.656,165.0
2836,M,246,699,Finland,India,False,False,False,False,6130.793,2051.975
2836,M,246,724,Finland,Spain,False,False,False,False,222703.491,236981.61
2836,M,246,752,Finland,Sweden,False,False,False,False,2274648.577,16497166.767
2836,M,246,757,Finland,Switzerland,False,False,False,False,1292.116,841.474
2836,M,246,764,Finland,Thailand,False,False,False,False,1.081,8.0
2836,M,246,792,Finland,Türkiye,False,False,False,False,2071592.818,5024328.0
2836,M,246,818,Finland,Egypt,False,False,False,False,14709.578,80005.0
2836,M,246,826,Finland,United Kingdom,False,False,False,False,175817.521,201782.421
2836,M,246,842,Finland,USA,False,False,False,False,36788.002,15368.248
2836,M,276,32,Germany,Argentina,False,False,False,False,1281463.03,38398.0
2836,M,276,36,Germany,Australia,False,False,False,False,77818.357,35988.0
2836,M,276,40,Germany,Austria,False,False,False,False,4192428.702,9250242.228
2836,M,276,56,Germany,Belgium,False,False,True,False,106578697.685,273513079.162
2836,M,276,70,Germany,Bosnia Herzegovina,False,False,False,False,43409801.77,113443170.0
2836,M,276,76,Germany,Brazil,False,False,False,False,1105303.499,27802.504
2836,M,276,100,Germany,Bulgaria,False,False,False,False,19.625,1.0
2836,M,276,124,Germany,Canada,False,False,False,False,143015.341,54238.442
2836,M,276,152,Germany,Chile,False,False,False,False,48517647.498,2450643.965
2836,M,276,156,Germany,China,False,False,False,False,8391576.955,6089889.37
2836,M,276,191,Germany,Croatia,False,False,False,False,28240401.043,196366954.0
2836,M,276,203,Germany,Czechia,False,False,False,False,902889.418,666196.834
2836,M,276,208,Germany,Denmark,False,False,False,False,531506.369,9171670.0
2836,M,276,246,Germany,Finland,False,False,False,False,2094551.636,1798681.99
2836,M,276,251,Germany,France,False,False,False,False,60601682.775,113076316.0
2836,M,276,300,Germany,Greece,False,False,False,False,1832.803,3454.0
2836,M,276,348,Germany,Hungary,False,False,False,False,32481.284,13402.0
2836,M,276,360,Germany,Indonesia,False,False,False,False,1132.827,45.0
2836,M,276,372,Germany,Ireland,False,False,False,False,5821.14,4785.0
2836,M,276,376,Germany,Israel,False,False,False,False,52771.865,12418.175
2836,M,276,380,Germany,Italy,False,False,False,False,13793276.305,22705169.894
2836,M,276,392,Germany,Japan,False,False,False,False,702412.809,438696.804
2836,M,276,404,Germany,Kenya,False,False,False,False,1397.771,2650.0
2836,M,276,410,Germany,Rep. of Korea,False,False,False,False,5090461.9,2118064.925
2836,M,276,422,Germany,Lebanon,False,False,False,False,384.878,96.0
2836,M,276,440,Germany,Lithuania,False,False,False,False,6895.09,7327.0
2836,M,276,442,Germany,Luxembourg,False,False,False,False,7513613.006,15281205.0
2836,M,276,458,Germany,Malaysia,False,False,False,False,218.061,1045.064
2836,M,276,484,Germany,Mexico,False,False,False,False,97376.253,120384.451
2836,M,276,490,Germany,"Other Asia, nes",False,False,False,False,19079.252,11875.245
2836,M,276,498,Germany,Rep. of Moldova,False,False,False,False,2834.794,1200.0
2836,M,276,528,Germany,Netherlands,False,False,True,False,15237401.977,25852962.349
2836,M,276,579,Germany,Norway,False,False,False,False,159161.672,213051.225
2836,M,276,608,Germany,Philippines,False,False,False,False,1304911.135,139900.0
2836,M,276,616,Germany,Poland,False,False,False,False,31064412.69,55701784.0
2836,M,276,620,Germany,Portugal,False,False,False,False,248900.336,302952.0
2836,M,276,642,Germany,Romania,False,False,False,False,99252.668,77435.0
2836,M,276,643,Germany,Russian Federation,False,False,False,False,315116.755,197834.0
2836,M,276,688,Germany,Serbia,False,False,False,False,23758.842,66648.0
2836,M,276,699,Germany,India,False,False,False,False,1482450.992,851389.015
2836,M,276,703,Germany,Slovakia,False,False,False,False,2888.219,5037.0
2836,M,276,705,Germany,Slovenia,False,False,False,False,3796859.412,31204625.0
2836,M,276,724,Germany,Spain,False,False,False,False,6951764.532,12275633.0
2836,M,276,752,Germany,Sweden,False,False,False,False,162176.366,387627.577
2836,M,276,757,Germany,Switzerland,False,False,False,False,353143.332,203307.636
2836,M,276,764,Germany,Thailand,False,False,False,False,227152.017,55675.0
2836,M,276,792,Germany,Türkiye,False,False,False,False,25590507.874,63114500.679
2836,M,276,804,Germany,Ukraine,False,False,False,False,21836.634,14932.0
2836,M,276,807,Germany,North Macedonia,False,False,False,False,1380.326,936.0
2836,M,276,818,Germany,Egypt,False,False,False,False,629375.44,981757.0
2836,M,276,826,Germany,United Kingdom,False,False,False,False,8527665.587,4900399.914
2836,M,276,842,Germany,USA,False,False,False,False,2359567.774,1955345.743
2836,M,276,858,Germany,Uruguay,False,False,False,False,9697.175,472.0
2836,M,276,860,Germany,Uzbekistan,False,False,False,False,127759.79,157366.0
2836,M,360,36,Indonesia,Australia,False,False,False,False,12149.0,2069.0
2836,M,360,40,Indonesia,Austria,False,False,False,False,1.0,37.0
2836,M,360,56,Indonesia,Belgium,False,False,True,False,78473.0,24500.0
2836,M,360,70,Indonesia,Bosnia Herzegovina,False,False,False,False,90.0,6.0
2836,M,360,76,Indonesia,Brazil,False,False,False,False,93114.0,21802.766
2836,M,360,100,Indonesia,Bulgaria,False,False,False,False,6989488.0,19018000.0
2836,M,360,152,Indonesia,Chile,False,False,False,False,80291.0,720.0
2836,M,360,156,Indonesia,China,False,False,False,False,82869075.0,230346858.0
2836,M,360,203,Indonesia,Czechia,False,False,False,False,163024.0,58650.0
2836,M,360,208,Indonesia,Denmark,False,False,False,False,4956.0,494.0
2836,M,360,231,Indonesia,Ethiopia,False,False,False,False,52.0,1.0
2836,M,360,246,Indonesia,Finland,False,False,False,False,42.0,12.0
2836,M,360,251,Indonesia,France,False,False,False,False,449305.0,181608.0
2836,M,360,276,Indonesia,Germany,False,False,False,False,3483008.0,1600740.0
2836,M,360,344,Indonesia,"China, Hong Kong SAR",False,False,True,False,77385.0,179666.0
2836,M,360,348,Indonesia,Hungary,False,False,False,False,384.0,361.0
2836,M,360,380,Indonesia,Italy,False,False,False,False,1690063.0,4900400.0
2836,M,360,392,Indonesia,Japan,False,False,False,False,4152801.0,4159659.311
2836,M,360,404,Indonesia,Kenya,False,False,False,False,394937.0,1242006.0
2836,M,360,410,Indonesia,Rep. of Korea,False,False,False,False,10220170.0,7842534.0
2836,M,360,442,Indonesia,Luxembourg,False,False,False,False,28.0,2.0
2836,M,360,458,Indonesia,Malaysia,False,False,False,False,10716482.0,28972649.0
2836,M,360,484,Indonesia,Mexico,False,False,False,False,34200.0,22800.0
2836,M,360,490,Indonesia,"Other Asia, nes",False,False,False,False,11453575.0,19368627.0
2836,M,360,528,Indonesia,Netherlands,False,False,True,False,17604.0,706.0
2836,M,360,579,Indonesia,Norway,False,False,False,False,52258.0,37800.0
2836,M,360,586,Indonesia,Pakistan,False,False,False,False,3053234.0,9011002.0
2836,M,360,608,Indonesia,Philippines,False,False,False,False,37.0,2.0
2836,M,360,643,Indonesia,Russian Federation,False,False,False,False,11892.0,27500.0
2836,M,360,699,Indonesia,India,False,False,False,False,3072800.0,10088772.0
2836,M,360,702,Indonesia,Singapore,False,False,True,False,1477796.0,3311129.0
2836,M,360,704,Indonesia,Viet Nam,False,False,False,False,13198299.0,56673994.0
2836,M,360,705,Indonesia,Slovenia,False,False,False,False,986.0,250.0
2836,M,360,724,Indonesia,Spain,False,False,False,False,640068.0,767002.0
2836,M,360,757,Indonesia,Switzerland,False,False,False,False,504.0,206.0
2836,M,360,764,Indonesia,Thailand,False,False,False,False,3675713.0,5952619.0
2836,M,360,784,Indonesia,United Arab Emirates,False,False,True,False,2018987.0,6036192.0
2836,M,360,792,Indonesia,Türkiye,False,False,False,False,33513619.0,108711535.0
2836,M,360,826,Indonesia,United Kingdom,False,False,False,False,160333.0,73757.0
2836,M,360,842,Indonesia,USA,False,False,False,False,187351861.0,525452679.0
2836,M,360,860,Indonesia,Uzbekistan,False,False,False,False,26460.0,63000.0
2836,M,372,36,Ireland,Australia,False,False,False,False,308.162,25.0
2836,M,372,40,Ireland,Austria,False,False,False,False,2295474.892,974799.0
2836,M,372,56,Ireland,Belgium,False,False,True,False,3863061.374,2768396.0
2836,M,372,76,Ireland,Brazil,False,False,False,False,189.222,9.0
2836,M,372,100,Ireland,Bulgaria,False,False,False,False,2415.554,1076.0
2836,M,372,124,Ireland,Canada,False,False,False,False,2078.198,397.765
2836,M,372,156,Ireland,China,False,False,False,False,113037.984,169793.759
2836,M,372,203,Ireland,Czechia,False,False,False,False,127025.275,34945.0
2836,M,372,251,Ireland,France,False,False,False,False,586726.629,396844.0
2836,M,372,276,Ireland,Germany,False,False,False,False,3187171.172,517779.0
2836,M,372,348,Ireland,Hungary,False,False,False,False,2615.589,520.0
2836,M,372,372,Ireland,Ireland,False,False,False,False,114.614,12.0
2836,M,372,376,Ireland,Israel,False,False,False,False,24974.061,26984.0
2836,M,372,380,Ireland,Italy,False,False,False,False,145532.269,50964.0
2836,M,372,392,Ireland,Japan,False,False,False,False,164.353,10.0
2836,M,372,400,Ireland,Jordan,False,False,False,False,4014.75,22500.0
2836,M,372,410,Ireland,Rep. of Korea,False,False,False,False,437697.537,208000.0
2836,M,372,440,Ireland,Lithuania,False,False,False,False,51.901,29.0
2836,M,372,490,Ireland,"Other Asia, nes",False,False,False,False,1.081,0.779
2836,M,372,528,Ireland,Netherlands,False,False,True,False,2269737.455,104355.0
2836,M,372,586,Ireland,Pakistan,False,False,False,False,139.484,6.0
2836,M,372,616,Ireland,Poland,False,False,False,False,6551.407,3207.0
2836,M,372,642,Ireland,Romania,False,False,False,False,6201.076,1105.0
2836,M,372,699,Ireland,India,False,False,False,False,719144.19,300123.0
2836,M,372,703,Ireland,Slovakia,False,False,False,False,8.65,4.0
2836,M,372,724,Ireland,Spain,False,False,False,False,453420.264,726461.0
2836,M,372,752,Ireland,Sweden,False,False,False,False,52789.697,1228.0
2836,M,372,757,Ireland,Switzerland,False,False,False,False,2480.43,118.0
2836,M,372,784,Ireland,United Arab Emirates,False,False,True,False,888.803,15.0
2836,M,372,792,Ireland,Türkiye,False,False,False,False,1193934.648,3107392.0
2836,M,372,818,Ireland,Egypt,False,False,False,False,2.163,1.0
2836,M,372,826,Ireland,United Kingdom,False,False,False,False,6752928.008,9313217.0
2836,M,372,842,Ireland,USA,False,False,False,False,7857947.774,988083.0
2836,M,380,40,Italy,Austria,False,False,False,False,15724412.701,15139660.0
2836,M,380,56,Italy,Belgium,False,False,True,False,12908194.517,9408071.0
2836,M,380,70,Italy,Bosnia Herzegovina,False,False,False,False,27174352.131,68388200.0
2836,M,380,100,Italy,Bulgaria,False,False,False,False,18020412.008,53801572.0
2836,M,380,124,Italy,Canada,False,False,False,False,1369.967,6.0
2836,M,380,156,Italy,China,False,False,False,False,9382124.565,14243099.0
2836,M,380,191,Italy,Croatia,False,False,False,False,2.163,7.0
2836,M,380,196,Italy,Cyprus,False,False,False,False,84598.457,41266.0
2836,M,380,203,Italy,Czechia,False,False,False,False,179843.084,339991.0
2836,M,380,208,Italy,Denmark,False,False,False,False,13048.75,2470.0
2836,M,380,246,Italy,Finland,False,False,False,False,793975.548,41200.0
2836,M,380,251,Italy,France,False,False,False,False,25585538.184,36776419.0
2836,M,380,276,Italy,Germany,False,False,False,False,42185617.358,31741905.0
2836,M,380,300,Italy,Greece,False,False,False,False,37621.66,63004.0
2836,M,380,348,Italy,Hungary,False,False,False,False,168698.449,49763.343
2836,M,380,360,Italy,Indonesia,False,False,False,False,4066.651,460.0
2836,M,380,376,Italy,Israel,False,False,False,False,38826.194,29322.0
2836,M,380,392,Italy,Japan,False,False,False,False,71843.812,12750.0
2836,M,380,410,Italy,Rep. of Korea,False,False,False,False,832836.342,730000.0
2836,M,380,440,Italy,Lithuania,False,False,False,False,2613.426,2198.0
2836,M,380,442,Italy,Luxembourg,False,False,False,False,1297.522,5003.0
2836,M,380,484,Italy,Mexico,False,False,False,False,1271.572,159.0
2836,M,380,490,Italy,"Other Asia, nes",False,False,False,False,19634.757,7000.0
2836,M,380,528,Italy,Netherlands,False,False,True,False,7560632.423,354057.0
2836,M,380,566,Italy,Nigeria,False,False,False,False,4040.701,1600.0
2836,M,380,568,Italy,"Other Europe, nes",False,False,False,False,1486.744,3495.0
2836,M,380,616,Italy,Poland,False,False,False,False,5030117.846,6182188.0
2836,M,380,620,Italy,Portugal,False,False,False,False,8620.955,8009.361
2836,M,380,642,Italy,Romania,False,False,False,False,79022.355,48380.0
2836,M,380,682,Italy,Saudi Arabia,False,False,False,False,252995.232,492150.0
2836,M,380,688,Italy,Serbia,False,False,False,False,200243.38,88758.0
2836,M,380,699,Italy,India,False,False,False,False,1312882.846,1905875.0
2836,M,380,702,Italy,Singapore,False,False,True,False,13914.846,44000.0
2836,M,380,703,Italy,Slovakia,False,False,False,False,17.3,1.0
2836,M,380,704,Italy,Viet Nam,False,False,False,False,370144.199,905270.0
2836,M,380,705,Italy,Slovenia,False,False,False,False,1303653.137,2525984.0
2836,M,380,724,Italy,Spain,False,False,False,False,4766556.458,6478996.0
2836,M,380,752,Italy,Sweden,False,False,False,False,183338.826,3746.0
2836,M,380,757,Italy,Switzerland,False,False,False,False,13229.322,6407.0
2836,M,380,784,Italy,United Arab Emirates,False,False,True,False,20313.794,52800.0
2836,M,380,792,Italy,Türkiye,False,False,False,False,149187796.722,423863655.0
2836,M,380,818,Italy,Egypt,False,False,False,False,669047.934,881940.0
2836,M,380,826,Italy,United Kingdom,False,False,False,False,1545877.852,1370523.0
2836,M,380,842,Italy,USA,False,False,False,False,751903.386,303253.0
2836,M,392,32,Japan,Argentina,False,False,False,False,227296685.616,4693600.0
2836,M,392,36,Japan,Australia,False,False,False,False,7260.238,900.0
2836,M,392,40,Japan,Austria,False,False,False,False,2398.726,300.0
2836,M,392,68,Japan,Bolivia (Plurinational State of),False,False,False,False,3053.571,25.0
2836,M,392,100,Japan,Bulgaria,False,False,False,False,409221.157,929075.0
2836,M,392,124,Japan,Canada,False,False,False,False,10128.743,10375.607
2836,M,392,152,Japan,Chile,False,False,False,False,648177243.203,11472872.0
2836,M,392,156,Japan,China,False,False,False,False,224128204.041,62538788.067
2836,M,392,246,Japan,Finland,False,False,False,False,937225.495,79000.0
2836,M,392,251,Japan,France,False,False,False,False,4025082.843,1597999.0
2836,M,392,276,Japan,Germany,False,False,False,False,11356015.227,4514676.862
2836,M,392,380,Japan,Italy,False,False,False,False,4208183.188,3081360.0
2836,M,392,410,Japan,Rep. of Korea,False,False,False,False,7657984.734,7659516.383
2836,M,392,458,Japan,Malaysia,False,False,False,False,46180.805,64600.0
2836,M,392,484,Japan,Mexico,False,False,False,False,58772.335,40000.0
2836,M,392,490,Japan,"Other Asia, nes",False,False,False,False,2066178.206,1521742.0
2836,M,392,528,Japan,Netherlands,False,False,True,False,2071.303,1000.0
2836,M,392,608,Japan,Philippines,False,False,False,False,497945.531,40000.0
2836,M,392,616,Japan,Poland,False,False,False,False,8911.586,3580.0
2836,M,392,699,Japan,India,False,False,False,False,241908.27,70625.0
2836,M,392,702,Japan,Singapore,False,False,True,False,4316987.102,8348090.0
2836,M,392,704,Japan,Viet Nam,False,False,False,False,66288.816,360000.0
2836,M,392,724,Japan,Spain,False,False,False,False,69043.436,120000.0
2836,M,392,752,Japan,Sweden,False,False,False,False,289085.578,60759.761
2836,M,392,764,Japan,Thailand,False,False,False,False,3811574.915,7129200.0
2836,M,392,792,Japan,Türkiye,False,False,False,False,616237.579,2075150.0
2836,M,392,826,Japan,United Kingdom,False,False,False,False,3228841.197,131105.0
2836,M,392,842,Japan,USA,False,False,False,False,86217933.762,207616655.0
2836,M,410,32,Rep. of Korea,Argentina,False,False,False,False,120943951.0,2700107.78
2836,M,410,36,Rep. of Korea,Australia,False,False,False,False,205.0,1.92
2836,M,410,40,Rep. of Korea,Austria,False,False,False,False,515.0,4.125
2836,M,410,56,Rep. of Korea,Belgium,False,False,True,False,3306668.0,1099484.746
2836,M,410,76,Rep. of Korea,Brazil,False,False,False,False,30.0,2.31
2836,M,410,100,Rep. of Korea,Bulgaria,False,False,False,False,622237.0,1945303.91
2836,M,410,124,Rep. of Korea,Canada,False,False,False,False,2607.0,86.829
2836,M,410,152,Rep. of Korea,Chile,False,False,False,False,2086020649.0,42965450.0
2836,M,410,156,Rep. of Korea,China,False,False,False,False,357275987.0,432180393.4
2836,M,410,203,Rep. of Korea,Czechia,False,False,False,False,133088.0,4611.5
2836,M,410,246,Rep. of Korea,Finland,False,False,False,False,132.0,0.7
2836,M,410,251,Rep. of Korea,France,False,False,False,False,646454.0,455045.96
2836,M,410,276,Rep. of Korea,Germany,False,False,False,False,11651513.0,7907614.297
2836,M,410,344,Rep. of Korea,"China, Hong Kong SAR",False,False,True,False,5805.0,11769.35
2836,M,410,360,Rep. of Korea,Indonesia,False,False,False,False,107.0,7.275
2836,M,410,372,Rep. of Korea,Ireland,False,False,False,False,257.0,0.0
2836,M,410,376,Rep. of Korea,Israel,False,False,False,False,16250.0,3367.05
2836,M,410,380,Rep. of Korea,Italy,False,False,False,False,464352.0,1067734.766
2836,M,410,392,Rep. of Korea,Japan,False,False,False,False,9262732.0,5956870.68
2836,M,410,400,Rep. of Korea,Jordan,False,False,False,False,21.0,1.96
2836,M,410,404,Rep. of Korea,Kenya,False,False,False,False,24.0,1.955
2836,M,410,458,Rep. of Korea,Malaysia,False,False,False,False,165321.0,318553.66
2836,M,410,484,Rep. of Korea,Mexico,False,False,False,False,968226.0,762045.4
2836,M,410,490,Rep. of Korea,"Other Asia, nes",False,False,False,False,7830032.0,4540452.0
2836,M,410,528,Rep. of Korea,Netherlands,False,False,True,False,23.0,4.0
2836,M,410,579,Rep. of Korea,Norway,False,False,False,False,21193.0,11529.6
2836,M,410,586,Rep. of Korea,Pakistan,False,False,False,False,26.0,2.0
2836,M,410,608,Rep. of Korea,Philippines,False,False,False,False,16712.0,1001.0
2836,M,410,616,Rep. of Korea,Poland,False,False,False,False,307184.0,506150.0
2836,M,410,620,Rep. of Korea,Portugal,False,False,False,False,15.0,0.34
2836,M,410,643,Rep. of Korea,Russian Federation,False,False,False,False,921.0,272.319
2836,M,410,682,Rep. of Korea,Saudi Arabia,False,False,False,False,16.0,1.105
2836,M,410,699,Rep. of Korea,India,False,False,False,False,860829.0,683787.509
2836,M,410,702,Rep. of Korea,Singapore,False,False,True,False,704887.0,1360768.68
2836,M,410,703,Rep. of Korea,Slovakia,False,False,False,False,573.0,0.0
2836,M,410,704,Rep. of Korea,Viet Nam,False,False,False,False,277796.0,2582033.19
2836,M,410,705,Rep. of Korea,Slovenia,False,False,False,False,530687.0,12500.0
2836,M,410,710,Rep. of Korea,South Africa,False,False,False,False,1.0,0.0
2836,M,410,724,Rep. of Korea,Spain,False,False,False,False,3847522.0,2028102.539
2836,M,410,757,Rep. of Korea,Switzerland,False,False,False,False,21252.0,4168.605
2836,M,410,764,Rep. of Korea,Thailand,False,False,False,False,1923875.0,2678706.84
2836,M,410,784,Rep. of Korea,United Arab Emirates,False,False,True,False,243761.0,203062.34
2836,M,410,792,Rep. of Korea,Türkiye,False,False,False,False,25146895.0,49756502.908
2836,M,410,818,Rep. of Korea,Egypt,False,False,False,False,2540.0,20003.7
2836,M,410,826,Rep. of Korea,United Kingdom,False,False,False,False,44106894.0,2074903.963
2836,M,410,842,Rep. of Korea,USA,False,False,False,False,92749159.0,247719812.238
2836,M,458,32,Malaysia,Argentina,False,False,False,False,116.87,1.0
2836,M,458,36,Malaysia,Australia,False,False,False,False,276364.18,0.0
2836,M,458,48,Malaysia,Bahrain,False,False,False,False,52350.736,81855.0
2836,M,458,56,Malaysia,Belgium,False,False,True,False,736458.498,775351.0
2836,M,458,100,Malaysia,Bulgaria,False,False,False,False,6018036.883,16233000.0
2836,M,458,124,Malaysia,Canada,False,False,False,False,103.275,3.04
2836,M,458,144,Malaysia,Sri Lanka,False,False,False,False,39562.353,59705.0
2836,M,458,152,Malaysia,Chile,False,False,False,False,7234.756,600.0
2836,M,458,156,Malaysia,China,False,False,False,False,67406579.31,196174565.14
2836,M,458,203,Malaysia,Czechia,False,False,False,False,9984.819,4012.0
2836,M,458,251,Malaysia,France,False,False,False,False,377078.039,546605.02
2836,M,458,276,Malaysia,Germany,False,False,False,False,463605.46,249383.748
2836,M,458,300,Malaysia,Greece,False,False,False,False,4820.393,2400.0
2836,M,458,344,Malaysia,"China, Hong Kong SAR",False,False,True,False,265427.298,301907.25
2836,M,458,360,Malaysia,Indonesia,False,False,False,False,957262.074,1740071.0
2836,M,458,372,Malaysia,Ireland,False,False,False,False,13618.752,12436.0
2836,M,458,380,Malaysia,Italy,False,False,False,False,2932763.19,1640051.0
2836,M,458,392,Malaysia,Japan,False,False,False,False,2148466.936,2367666.196
2836,M,458,410,Malaysia,Rep. of Korea,False,False,False,False,13714955.797,7017746.7
2836,M,458,414,Malaysia,Kuwait,False,False,False,False,8.99,5.0
2836,M,458,440,Malaysia,Lithuania,False,False,False,False,24394.69,31156.0
2836,M,458,484,Malaysia,Mexico,False,False,False,False,228.916,7.3
2836,M,458,490,Malaysia,"Other Asia, nes",False,False,False,False,6955580.82,3751696.0
2836,M,458,528,Malaysia,Netherlands,False,False,True,False,247575.573,208298.99
2836,M,458,579,Malaysia,Norway,False,False,False,False,327.806,11.0
2836,M,458,586,Malaysia,Pakistan,False,False,False,False,55400.319,85986.0
2836,M,458,608,Malaysia,Philippines,False,False,False,False,2777.033,28.0
2836,M,458,616,Malaysia,Poland,False,False,False,False,919.83,298.0
2836,M,458,634,Malaysia,Qatar,False,False,False,False,227.162,0.0
2836,M,458,699,Malaysia,India,False,False,False,False,1389497.92,2325765.72
2836,M,458,702,Malaysia,Singapore,False,False,True,False,1210767.319,1805815.95
2836,M,458,703,Malaysia,Slovakia,False,False,False,False,103.933,0.7
2836,M,458,704,Malaysia,Viet Nam,False,False,False,False,630611.13,1428880.8
2836,M,458,724,Malaysia,Spain,False,False,False,False,67202.433,123481.4
2836,M,458,757,Malaysia,Switzerland,False,False,False,False,56313.352,272.5
2836,M,458,764,Malaysia,Thailand,False,False,False,False,1500688.197,2361474.0
2836,M,458,784,Malaysia,United Arab Emirates,False,False,True,False,186373.416,600000.0
2836,M,458,792,Malaysia,Türkiye,False,False,False,False,46928013.808,101516491.0
2836,M,458,818,Malaysia,Egypt,False,False,False,False,246070.954,3369770.0
2836,M,458,826,Malaysia,United Kingdom,False,False,False,False,729771.912,471511.6
2836,M,458,842,Malaysia,USA,False,False,False,False,93833553.716,291721725.12
2836,M,484,32,Mexico,Argentina,False,False,False,False,407713.0,0.0
2836,M,484,76,Mexico,Brazil,False,False,False,False,194795.0,0.0
2836,M,484,124,Mexico,Canada,False,False,False,False,12880.0,0.0
2836,M,484,156,Mexico,China,False,False,False,False,8737241.0,0.0
2836,M,484,203,Mexico,Czechia,False,False,False,False,4936.0,0.0
2836,M,484,251,Mexico,France,False,False,False,False,1323338.0,0.0
2836,M,484,276,Mexico,Germany,False,False,False,False,3334839.0,0.0
2836,M,484,380,Mexico,Italy,False,False,False,False,800433.0,0.0
2836,M,484,392,Mexico,Japan,False,False,False,False,181795.0,0.0
2836,M,484,410,Mexico,Rep. of Korea,False,False,False,False,2067637.0,0.0
2836,M,484,490,Mexico,"Other Asia, nes",False,False,False,False,126651.0,0.0
2836,M,484,699,Mexico,India,False,False,False,False,1114823.0,0.0
2836,M,484,724,Mexico,Spain,False,False,False,False,46792.0,0.0
2836,M,484,757,Mexico,Switzerland,False,False,False,False,1600.0,0.0
2836,M,484,826,Mexico,United Kingdom,False,False,False,False,64426.0,0.0
2836,M,484,842,Mexico,USA,False,False,False,False,450678123.0,0.0
2836,M,528,32,Netherlands,Argentina,False,False,False,True,77649.143,1272.0
2836,M,528,40,Netherlands,Austria,False,False,False,True,476100.955,860387.0
2836,M,528,56,Netherlands,Belgium,False,False,True,True,54537825.713,121093895.0
2836,M,528,70,Netherlands,Bosnia Herzegovina,False,False,False,True,10113.105,24000.0
2836,M,528,76,Netherlands,Brazil,False,False,False,True,69882.391,27246.0
2836,M,528,100,Netherlands,Bulgaria,False,False,False,True,3909645.67,12468865.0
2836,M,528,124,Netherlands,Canada,False,False,False,True,19906.155,1159.0
2836,M,528,152,Netherlands,Chile,False,False,False,True,138467048.63,3883209.0
2836,M,528,156,Netherlands,China,False,False,False,True,5033635.213,5140533.0
2836,M,528,170,Netherlands,Colombia,False,False,False,True,79422.424,169680.0
2836,M,528,191,Netherlands,Croatia,False,False,False,True,1760.305,2072.823
2836,M,528,196,Netherlands,Cyprus,False,False,False,True,857.446,1262.0
2836,M,528,203,Netherlands,Czechia,False,False,False,True,196312.968,221308.0
2836,M,528,208,Netherlands,Denmark,False,False,False,True,214958.364,224453.0
2836,M,528,218,Netherlands,Ecuador,False,False,False,True,3491.416,4293.0
2836,M,528,233,Netherlands,Estonia,False,False,False,True,778.513,1117.122
2836,M,528,246,Netherlands,Finland,False,False,False,True,4365570.152,909971.0
2836,M,528,251,Netherlands,France,False,False,False,True,10257699.13,15974409.0
2836,M,528,276,Netherlands,Germany,False,False,False,True,59090895.413,130694411.0
2836,M,528,300,Netherlands,Greece,False,False,False,True,26943.051,52890.0
2836,M,528,320,Netherlands,Guatemala,False,False,False,True,117.858,41.0
2836,M,528,344,Netherlands,"China, Hong Kong SAR",False,False,True,True,103933.702,102214.0
2836,M,528,348,Netherlands,Hungary,False,False,False,True,15802.741,7949.0
2836,M,528,360,Netherlands,Indonesia,False,False,False,True,92.989,73.0
2836,M,528,372,Netherlands,Ireland,False,False,False,True,12139.403,10179.0
2836,M,528,376,Netherlands,Israel,False,False,False,True,1116.95,1470.0
2836,M,528,380,Netherlands,Italy,False,False,False,True,4471518.258,3133935.0
2836,M,528,392,Netherlands,Japan,False,False,False,True,420741.083,736117.0
2836,M,528,410,Netherlands,Rep. of Korea,False,False,False,True,3852797.972,2125050.0
2836,M,528,428,Netherlands,Latvia,False,False,False,True,3058.909,4494.0
2836,M,528,440,Netherlands,Lithuania,False,False,False,True,1103.975,1345.258
2836,M,528,442,Netherlands,Luxembourg,False,False,False,True,23574859.715,59073812.0
2836,M,528,446,Netherlands,"China, Macao SAR",False,False,False,True,4.325,3.0
2836,M,528,470,Netherlands,Malta,False,False,False,True,583.885,965.0
2836,M,528,484,Netherlands,Mexico,False,False,False,True,2157.131,776.0
2836,M,528,490,Netherlands,"Other Asia, nes",False,False,False,True,140092.406,25609.0
2836,M,528,504,Netherlands,Morocco,False,False,False,True,110.289,87.0
2836,M,528,554,Netherlands,New Zealand,False,False,False,True,1894.383,584.0
2836,M,528,566,Netherlands,Nigeria,False,False,False,True,224.904,3.0
2836,M,528,579,Netherlands,Norway,False,False,False,True,59049.161,77440.0
2836,M,528,586,Netherlands,Pakistan,False,False,False,True,56.226,44.0
2836,M,528,604,Netherlands,Peru,False,False,False,True,602.267,511.0
2836,M,528,608,Netherlands,Philippines,False,False,False,True,576.316,47.0
2836,M,528,616,Netherlands,Poland,False,False,False,True,5355612.139,8091517.0
2836,M,528,620,Netherlands,Portugal,False,False,False,True,3997.45,6954.15
2836,M,528,634,Netherlands,Qatar,False,False,False,True,51.901,41.0
2836,M,528,642,Netherlands,Romania,False,False,False,True,43593.507,75623.181
2836,M,528,688,Netherlands,Serbia,False,False,False,True,4.325,3.0
2836,M,528,699,Netherlands,India,False,False,False,True,351932.392,680429.0
2836,M,528,702,Netherlands,Singapore,False,False,True,True,243569.813,705224.0
2836,M,528,703,Netherlands,Slovakia,False,False,False,True,4622.423,4077.0
2836,M,528,705,Netherlands,Slovenia,False,False,False,True,12880.072,9416.0
2836,M,528,710,Netherlands,South Africa,False,False,False,True,166.515,96.0
2836,M,528,724,Netherlands,Spain,False,False,False,True,8702656.445,12905050.0
2836,M,528,752,Netherlands,Sweden,False,False,False,True,534687.333,244483.0
2836,M,528,757,Netherlands,Switzerland,False,False,False,True,689.849,58.0
2836,M,528,764,Netherlands,Thailand,False,False,False,True,9.731,62.0
2836,M,528,784,Netherlands,United Arab Emirates,False,False,True,True,4.325,5.0
2836,M,528,792,Netherlands,Türkiye,False,False,False,True,67368408.931,188161718.0
2836,M,528,807,Netherlands,North Macedonia,False,False,False,True,101.639,1.0
2836,M,528,826,Netherlands,United Kingdom,False,False,False,True,18064489.924,11867506.0
2836,M,528,842,Netherlands,USA,False,False,False,True,3151504.446,4061963.0
2836,M,616,36,Poland,Australia,False,False,False,False,2751.0,665.0
2836,M,616,40,Poland,Austria,False,False,False,False,2271295.0,6420730.0
2836,M,616,56,Poland,Belgium,False,False,True,False,4900421.0,5317668.299
2836,M,616,70,Poland,Bosnia Herzegovina,False,False,False,False,27007609.0,60197440.0
2836,M,616,76,Poland,Brazil,False,False,False,False,1344345.0,1192660.0
2836,M,616,100,Poland,Bulgaria,False,False,False,False,399957.0,603132.913
2836,M,616,112,Poland,Belarus,False,False,False,False,438.0,2700.0
2836,M,616,124,Poland,Canada,False,False,False,False,7093.0,28.0
2836,M,616,152,Poland,Chile,False,False,False,False,1436012.0,34080.0
2836,M,616,156,Poland,China,False,False,False,False,9096205.0,11049874.713
2836,M,616,191,Poland,Croatia,False,False,False,False,151001.0,884773.0
2836,M,616,203,Poland,Czechia,False,False,False,False,2755539.0,7789249.0
2836,M,616,208,Poland,Denmark,False,False,False,False,72100.0,73310.0
2836,M,616,233,Poland,Estonia,False,False,False,False,21637.0,47525.0
2836,M,616,246,Poland,Finland,False,False,False,False,129110.0,5760.0
2836,M,616,251,Poland,France,False,False,False,False,2888415.0,2218124.0
2836,M,616,276,Poland,Germany,False,False,False,False,47255566.0,61756147.0
2836,M,616,300,Poland,Greece,False,False,False,False,132859.0,1197000.0
2836,M,616,344,Poland,"China, Hong Kong SAR",False,False,True,False,3308.0,360.0
2836,M,616,348,Poland,Hungary,False,False,False,False,360350.0,354717.409
2836,M,616,372,Poland,Ireland,False,False,False,False,55011.0,62100.0
2836,M,616,376,Poland,Israel,False,False,False,False,20206.0,1038.467
2836,M,616,380,Poland,Italy,False,False,False,False,4603909.0,2882883.006
2836,M,616,392,Poland,Japan,False,False,False,False,1357122.0,298002.0
2836,M,616,410,Poland,Rep. of Korea,False,False,False,False,4715095.0,3106089.0
2836,M,616,428,Poland,Latvia,False,False,False,False,9979.0,21600.0
2836,M,616,440,Poland,Lithuania,False,False,False,False,237720.0,468083.0
2836,M,616,442,Poland,Luxembourg,False,False,False,False,770166.0,1494937.0
2836,M,616,490,Poland,"Other Asia, nes",False,False,False,False,475.0,70.485
2836,M,616,528,Poland,Netherlands,False,False,True,False,1440657.0,1837898.0
2836,M,616,568,Poland,"Other Europe, nes",False,False,False,False,60061.0,61694.0
2836,M,616,579,Poland,Norway,False,False,False,False,155815.0,117600.0
2836,M,616,642,Poland,Romania,False,False,False,False,378.0,80.0
2836,M,616,643,Poland,Russian Federation,False,False,False,False,896362.0,1602712.0
2836,M,616,686,Poland,Senegal,False,False,False,False,7776.0,22000.0
2836,M,616,699,Poland,India,False,False,False,False,380144.0,78852.012
2836,M,616,703,Poland,Slovakia,False,False,False,False,29.0,36.213
2836,M,616,704,Poland,Viet Nam,False,False,False,False,262189.0,662892.0
2836,M,616,705,Poland,Slovenia,False,False,False,False,938373.0,6471682.0
2836,M,616,710,Poland,South Africa,False,False,False,False,5171.0,200.0
2836,M,616,724,Poland,Spain,False,False,False,False,1087490.0,905400.527
2836,M,616,752,Poland,Sweden,False,False,False,False,23397.0,23980.0
2836,M,616,757,Poland,Switzerland,False,False,False,False,18199.0,16919.376
2836,M,616,792,Poland,Türkiye,False,False,False,False,43876501.0,121421093.0
2836,M,616,804,Poland,Ukraine,False,False,False,False,2177.0,923.0
2836,M,616,818,Poland,Egypt,False,False,False,False,64043.0,202321.0
2836,M,616,826,Poland,United Kingdom,False,False,False,False,3036002.0,2941277.282
2836,M,616,842,Poland,USA,False,False,False,False,593158.0,266540.887
2836,M,616,860,Poland,Uzbekistan,False,False,False,False,51105.0,100025.0
2836,M,699,4,India,Afghanistan,False,False,False,False,353943.58,598350.0
2836,M,699,32,India,Argentina,False,False,False,False,5287266.077,125000.0
2836,M,699,36,India,Australia,False,False,False,False,6065961.212,942120.0
2836,M,699,40,India,Austria,False,False,False,False,4389.329,3170.429
2836,M,699,56,India,Belgium,False,False,True,False,1611216.649,431169.0
2836,M,699,70,India,Bosnia Herzegovina,False,False,False,False,2581501.871,7098000.0
2836,M,699,76,India,Brazil,False,False,False,False,1743818.205,52000.0
2836,M,699,100,India,Bulgaria,False,False,False,False,27831763.38,76520800.0
2836,M,699,124,India,Canada,False,False,False,False,13925.605,0.0
2836,M,699,144,India,Sri Lanka,False,False,False,False,11053.921,48100.0
2836,M,699,152,India,Chile,False,False,False,False,7675894.62,183600.0
2836,M,699,156,India,China,False,False,False,False,66920084.248,138531270.845
2836,M,699,170,India,Colombia,False,False,False,False,1243.484,12046.313
2836,M,699,191,India,Croatia,False,False,False,False,1680315.613,4881130.0
2836,M,699,203,India,Czechia,False,False,False,False,1326.558,91.0
2836,M,699,208,India,Denmark,False,False,False,False,376.097,500.0
2836,M,699,246,India,Finland,False,False,False,False,39965.699,3125.0
2836,M,699,251,India,France,False,False,False,False,5485602.486,4327522.863
2836,M,699,276,India,Germany,False,False,False,False,8969696.299,3403738.515
2836,M,699,300,India,Greece,False,False,False,False,71637.408,648000.0
2836,M,699,344,India,"China, Hong Kong SAR",False,False,True,False,2842.157,30.0
2836,M,699,360,India,Indonesia,False,False,False,False,248198.295,346000.0
2836,M,699,364,India,Iran,False,False,False,False,3665021.754,9949097.0
2836,M,699,372,India,Ireland,False,False,False,False,357889.719,601100.0
2836,M,699,376,India,Israel,False,False,False,False,43140.164,9605.0
2836,M,699,380,India,Italy,False,False,False,False,1463135.536,3426811.0
2836,M,699,392,India,Japan,False,False,False,False,1075416.52,675072.0
2836,M,699,400,India,Jordan,False,False,False,False,3291022.68,28809950.0
2836,M,699,404,India,Kenya,False,False,False,False,27926663.568,81106100.0
2836,M,699,410,India,Rep. of Korea,False,False,False,False,32040445.107,23976266.0
2836,M,699,458,India,Malaysia,False,False,False,False,13443302.655,97002365.0
2836,M,699,484,India,Mexico,False,False,False,False,2969396.768,1732850.0
2836,M,699,490,India,"Other Asia, nes",False,False,False,False,4374083.004,3313225.0
2836,M,699,528,India,Netherlands,False,False,True,False,37957.951,22780.0
2836,M,699,579,India,Norway,False,False,False,False,5281.764,1800.0
2836,M,699,608,India,Philippines,False,False,False,False,56996.025,25560.0
2836,M,699,616,India,Poland,False,False,False,False,3278.435,400.0
2836,M,699,643,India,Russian Federation,False,False,False,False,45107768.603,137113496.0
2836,M,699,682,India,Saudi Arabia,False,False,False,False,4137.335,20000.0
2836,M,699,699,India,India,False,False,False,False,272466.994,372940.526
2836,M,699,702,India,Singapore,False,False,True,False,1208157.299,3090076.0
2836,M,699,704,India,Viet Nam,False,False,False,False,24551600.75,266438940.0
2836,M,699,705,India,Slovenia,False,False,False,False,1173960.948,242725.0
2836,M,699,724,India,Spain,False,False,False,False,617190.142,865745.0
2836,M,699,757,India,Switzerland,False,False,False,False,15011.088,1165.0
2836,M,699,764,India,Thailand,False,False,False,False,5886875.296,5984928.0
2836,M,699,784,India,United Arab Emirates,False,False,True,False,23071973.829,73334750.0
2836,M,699,792,India,Türkiye,False,False,False,False,80011525.319,275609975.0
2836,M,699,795,India,Turkmenistan,False,False,False,False,317189.96,1089140.0
2836,M,699,818,India,Egypt,False,False,False,False,19770720.173,260409200.0
2836,M,699,826,India,United Kingdom,False,False,False,False,4249775.403,2450294.547
2836,M,699,842,India,USA,False,False,False,False,86642465.288,235020805.0
2836,M,699,860,India,Uzbekistan,False,False,False,False,391265.886,1336650.0
2836,M,702,36,Singapore,Australia,False,False,False,True,5331.261,1921.129
2836,M,702,40,Singapore,Austria,False,False,False,True,53.61,1.5
2836,M,702,56,Singapore,Belgium,False,False,True,True,40898.068,10536.12
2836,M,702,96,Singapore,Brunei Darussalam,False,False,False,True,93.818,0.45
2836,M,702,100,Singapore,Bulgaria,False,False,False,True,181438.593,437500.0
2836,M,702,124,Singapore,Canada,False,False,False,True,8830.087,5593.241
2836,M,702,144,Singapore,Sri Lanka,False,False,False,True,37.229,75.0
2836,M,702,152,Singapore,Chile,False,False,False,True,31863.963,500.0
2836,M,702,156,Singapore,China,False,False,False,True,1168891.609,2786268.98
2836,M,702,203,Singapore,Czechia,False,False,False,True,15111.444,10182.66
2836,M,702,208,Singapore,Denmark,False,False,False,True,85.628,90.0
2836,M,702,246,Singapore,Finland,False,False,False,True,68078.563,3360.05
2836,M,702,251,Singapore,France,False,False,False,True,6213355.236,29286849.55
2836,M,702,276,Singapore,Germany,False,False,False,True,1424217.308,270588.85
2836,M,702,300,Singapore,Greece,False,False,False,True,69494.028,264860.0
2836,M,702,352,Singapore,Iceland,False,False,False,True,774.373,40.0
2836,M,702,360,Singapore,Indonesia,False,False,False,True,124553.444,55857.3
2836,M,702,372,Singapore,Ireland,False,False,False,True,90.84,22.0
2836,M,702,376,Singapore,Israel,False,False,False,True,1155.603,4.5
2836,M,702,380,Singapore,Italy,False,False,False,True,1859442.535,3058555.55
2836,M,702,392,Singapore,Japan,False,False,False,True,264009.847,345174.23
2836,M,702,410,Singapore,Rep. of Korea,False,False,False,True,1417702.895,1177567.434
2836,M,702,458,Singapore,Malaysia,False,False,False,True,3463271.214,23232922.0
2836,M,702,466,Singapore,Mali,False,False,False,True,1479.499,720.0
2836,M,702,490,Singapore,"Other Asia, nes",False,False,False,True,138003.709,66439.8
2836,M,702,528,Singapore,Netherlands,False,False,True,True,100.52,13.3
2836,M,702,554,Singapore,New Zealand,False,False,False,True,124.346,11.88
2836,M,702,616,Singapore,Poland,False,False,False,True,6101.911,5000.01
2836,M,702,699,Singapore,India,False,False,False,True,107221.634,74625.78
2836,M,702,704,Singapore,Viet Nam,False,False,False,True,118615.343,496050.0
2836,M,702,705,Singapore,Slovenia,False,False,False,True,669452.983,3825.0
2836,M,702,724,Singapore,Spain,False,False,False,True,65555.894,45597.2
2836,M,702,752,Singapore,Sweden,False,False,False,True,12082.454,0.0
2836,M,702,757,Singapore,Switzerland,False,False,False,True,3296.298,13003.409
2836,M,702,764,Singapore,Thailand,False,False,False,True,410675.366,1288259.0
2836,M,702,784,Singapore,United Arab Emirates,False,False,True,True,1.489,0.1
2836,M,702,792,Singapore,Türkiye,False,False,False,True,59701.932,79652.0
2836,M,702,826,Singapore,United Kingdom,False,False,False,True,834112.251,372357.8
2836,M,702,842,Singapore,USA,False,False,False,True,1763555.787,658559.103
2836,M,704,36,Viet Nam,Australia,False,False,False,False,1476.0,2727.404
2836,M,704,40,Viet Nam,Austria,False,False,False,False,9678.645,19057.259
2836,M,704,56,Viet Nam,Belgium,False,False,True,False,1132947.5,2613805.112
2836,M,704,76,Viet Nam,Brazil,False,False,False,False,34500.0,79944.131
2836,M,704,100,Viet Nam,Bulgaria,False,False,False,False,8294645.586,19113002.695
2836,M,704,116,Viet Nam,Cambodia,False,False,False,False,4752.0,108.068
2836,M,704,152,Viet Nam,Chile,False,False,False,False,5475120.0,124513.219
2836,M,704,156,Viet Nam,China,False,False,False,False,76574309.105,164209082.31
2836,M,704,251,Viet Nam,France,False,False,False,False,247199.097,471393.796
2836,M,704,276,Viet Nam,Germany,False,False,False,False,989521.818,1229463.79
2836,M,704,344,Viet Nam,"China, Hong Kong SAR",False,False,True,False,10560.0,24469.856
2836,M,704,360,Viet Nam,Indonesia,False,False,False,False,550761.4,1123354.396
2836,M,704,376,Viet Nam,Israel,False,False,False,False,1691.0,3929.967
2836,M,704,380,Viet Nam,Italy,False,False,False,False,4258296.454,8461941.49
2836,M,704,392,Viet Nam,Japan,False,False,False,False,1666115.644,2932283.671
2836,M,704,404,Viet Nam,Kenya,False,False,False,False,1102000.0,2561101.838
2836,M,704,410,Viet Nam,Rep. of Korea,False,False,False,False,5146096.291,4165978.713
2836,M,704,440,Viet Nam,Lithuania,False,False,False,False,884.055,516.106
2836,M,704,458,Viet Nam,Malaysia,False,False,False,False,1986165.437,4595104.069
2836,M,704,484,Viet Nam,Mexico,False,False,False,False,607114.0,626430.982
2836,M,704,490,Viet Nam,"Other Asia, nes",False,False,False,False,4216007.936,6111403.038
2836,M,704,528,Viet Nam,Netherlands,False,False,True,False,12905.231,6459.455
2836,M,704,586,Viet Nam,Pakistan,False,False,False,False,526920.0,1224587.822
2836,M,704,616,Viet Nam,Poland,False,False,False,False,60993.926,91225.688
2836,M,704,643,Viet Nam,Russian Federation,False,False,False,False,376801.7,361773.939
2836,M,704,699,Viet Nam,India,False,False,False,False,3515529.847,8012036.869
2836,M,704,702,Viet Nam,Singapore,False,False,True,False,1604664.8,2968586.403
2836,M,704,705,Viet Nam,Slovenia,False,False,False,False,3600.0,8366.576
2836,M,704,724,Viet Nam,Spain,False,False,False,False,108514.59,226264.45
2836,M,704,757,Viet Nam,Switzerland,False,False,False,False,1798.784,1050.12
2836,M,704,764,Viet Nam,Thailand,False,False,False,False,3290286.455,6179645.935
2836,M,704,784,Viet Nam,United Arab Emirates,False,False,True,False,609701.71,1416976.561
2836,M,704,792,Viet Nam,Türkiye,False,False,False,False,18758839.746,43396648.815
2836,M,704,826,Viet Nam,United Kingdom,False,False,False,False,218268.993,157810.978
2836,M,704,842,Viet Nam,USA,False,False,False,False,101781624.935,236094779.965
2836,M,710,36,South Africa,Australia,False,False,False,False,24.769,3.33
2836,M,710,40,South Africa,Austria,False,False,False,False,50.243,0.56
2836,M,710,56,South Africa,Belgium,False,False,True,False,167704.122,258771.93
2836,M,710,72,South Africa,Botswana,False,False,False,False,61985883.119,247957250.0
2836,M,710,76,South Africa,Brazil,False,False,False,False,12858.583,240.59
2836,M,710,100,South Africa,Bulgaria,False,False,False,False,11380838.161,27932360.0
2836,M,710,124,South Africa,Canada,False,False,False,False,1069.688,8.27
2836,M,710,152,South Africa,Chile,False,False,False,False,136014.785,1900.0
2836,M,710,156,South Africa,China,False,False,False,False,48926644.894,98842750.24
2836,M,710,203,South Africa,Czechia,False,False,False,False,90975.056,27615.46
2836,M,710,218,South Africa,Ecuador,False,False,False,False,3363.75,350.0
2836,M,710,246,South Africa,Finland,False,False,False,False,25149.857,1052.51
2836,M,710,251,South Africa,France,False,False,False,False,1599146.587,2181025.22
2836,M,710,276,South Africa,Germany,False,False,False,False,12182468.582,19711386.32
2836,M,710,300,South Africa,Greece,False,False,False,False,279344.487,839450.0
2836,M,710,344,South Africa,"China, Hong Kong SAR",False,False,True,False,59204.311,55000.0
2836,M,710,348,South Africa,Hungary,False,False,False,False,115.771,0.2
2836,M,710,376,South Africa,Israel,False,False,False,False,23041.213,7867.88
2836,M,710,380,South Africa,Italy,False,False,False,False,7082033.861,6462514.66
2836,M,710,392,South Africa,Japan,False,False,False,False,64232.646,9404.43
2836,M,710,400,South Africa,Jordan,False,False,False,False,1774499.984,11432125.0
2836,M,710,404,South Africa,Kenya,False,False,False,False,2195662.27,6975354.55
2836,M,710,410,South Africa,Rep. of Korea,False,False,False,False,2922508.748,2857313.74
2836,M,710,454,South Africa,Malawi,False,False,False,False,8416.474,53720.0
2836,M,710,458,South Africa,Malaysia,False,False,False,False,3826.508,7000.0
2836,M,710,466,South Africa,Mali,False,False,False,False,0.054,14.4
2836,M,710,480,South Africa,Mauritius,False,False,False,False,49398.1,43840.0
2836,M,710,484,South Africa,Mexico,False,False,False,False,5335.593,1860.0
2836,M,710,490,South Africa,"Other Asia, nes",False,False,False,False,2057649.95,1217700.05
2836,M,710,516,South Africa,Namibia,False,False,False,False,4465.198,216000.0
2836,M,710,528,South Africa,Netherlands,False,False,True,False,77771.383,53112.0
2836,M,710,566,South Africa,Nigeria,False,False,False,False,2.385,0.34
2836,M,710,579,South Africa,Norway,False,False,False,False,219821.264,170100.0
2836,M,710,586,South Africa,Pakistan,False,False,False,False,1084917.945,2508150.0
2836,M,710,616,South Africa,Poland,False,False,False,False,1844.095,124.75
2836,M,710,699,South Africa,India,False,False,False,False,6442582.487,13798642.71
2836,M,710,702,South Africa,Singapore,False,False,True,False,16710.782,12000.0
2836,M,710,704,South Africa,Viet Nam,False,False,False,False,887651.396,1656400.0
2836,M,710,710,South Africa,South Africa,False,False,False,False,10157.372,102550.0
2836,M,710,716,South Africa,Zimbabwe,False,False,False,False,5007.305,6400.0
2836,M,710,724,South Africa,Spain,False,False,False,False,23028028.19,64357844.41
2836,M,710,748,South Africa,Eswatini,False,False,False,False,3128305.482,18340.0
2836,M,710,752,South Africa,Sweden,False,False,False,False,11006.9,615.0
2836,M,710,757,South Africa,Switzerland,False,False,False,False,14703.762,1831.09
2836,M,710,772,South Africa,Tokelau,False,False,False,False,134226.354,433000.0
2836,M,710,784,South Africa,United Arab Emirates,False,False,True,False,44996.423,36400.0
2836,M,710,792,South Africa,Türkiye,False,False,False,False,7472975.3,27417850.66
2836,M,710,818,South Africa,Egypt,False,False,False,False,3880176.561,47045506.25
2836,M,710,826,South Africa,United Kingdom,False,False,False,False,623368.444,522244.82
2836,M,710,839,South Africa,Special Categories,False,False,False,False,159.781,82.0
2836,M,710,842,South Africa,USA,False,False,False,False,262460.754,48638.26
2836,M,710,894,South Africa,Zambia,False,False,False,False,612027.293,5142000.0
2836,M,710,899,South Africa,"Areas, nes",False,False,False,False,13801.01,11000.0
2836,M,724,32,Spain,Argentina,False,False,False,False,11204821.435,360032.9
2836,M,724,36,Spain,Australia,False,False,False,False,325.31,69.6
2836,M,724,40,Spain,Austria,False,False,False,False,513466.171,867949.094
2836,M,724,56,Spain,Belgium,False,False,True,False,2747419.927,3144797.44
2836,M,724,70,Spain,Bosnia Herzegovina,False,False,False,False,28545.492,48000.0
2836,M,724,76,Spain,Brazil,False,False,False,False,602.548,56.15
2836,M,724,100,Spain,Bulgaria,False,False,False,False,477737.196,1212461.16
2836,M,724,124,Spain,Canada,False,False,False,False,1462.059,13.0
2836,M,724,152,Spain,Chile,False,False,False,False,5526664.261,122170.1
2836,M,724,156,Spain,China,False,False,False,False,11292345.275,14350729.725
2836,M,724,170,Spain,Colombia,False,False,False,False,5800.347,19201.25
2836,M,724,196,Spain,Cyprus,False,False,False,False,142597.706,84000.0
2836,M,724,203,Spain,Czechia,False,False,False,False,160616.269,105848.147
2836,M,724,208,Spain,Denmark,False,False,False,False,22436.983,4686.18
2836,M,724,214,Spain,Dominican Rep.,False,False,False,False,238.312,2.0
2836,M,724,218,Spain,Ecuador,False,False,False,False,965.194,9.0
2836,M,724,233,Spain,Estonia,False,False,False,False,33064.567,29250.0
2836,M,724,246,Spain,Finland,False,False,False,False,4766.729,4070.0
2836,M,724,251,Spain,France,False,False,False,False,10570827.689,20971405.528
2836,M,724,276,Spain,Germany,False,False,False,False,31850902.47,0.0
2836,M,724,320,Spain,Guatemala,False,False,False,False,159.401,0.8
2836,M,724,360,Spain,Indonesia,False,False,False,False,576.857,100.5
2836,M,724,364,Spain,Iran,False,False,False,False,9134.168,24000.0
2836,M,724,372,Spain,Ireland,False,False,False,False,166186.013,389246.198
2836,M,724,376,Spain,Israel,False,False,False,False,920.397,1003.5
2836,M,724,380,Spain,Italy,False,False,False,False,11283756.055,11457223.05
2836,M,724,392,Spain,Japan,False,False,False,False,1471406.611,248360.9
2836,M,724,404,Spain,Kenya,False,False,False,False,67.504,5.0
2836,M,724,410,Spain,Rep. of Korea,False,False,False,False,4862556.881,3681007.4
2836,M,724,428,Spain,Latvia,False,False,False,False,430.064,336.0
2836,M,724,458,Spain,Malaysia,False,False,False,False,19721.885,32000.0
2836,M,724,484,Spain,Mexico,False,False,False,False,27896.73,11044.5
2836,M,724,490,Spain,"Other Asia, nes",False,False,False,False,395.982,301.0
2836,M,724,504,Spain,Morocco,False,False,False,False,160905.281,125009.9
2836,M,724,528,Spain,Netherlands,False,False,True,False,1496152.665,169890.55
2836,M,724,568,Spain,"Other Europe, nes",False,False,False,False,3612.237,1507.6
2836,M,724,579,Spain,Norway,False,False,False,False,3569356.076,19620490.0
2836,M,724,608,Spain,Philippines,False,False,False,False,293884.118,28600.0
2836,M,724,616,Spain,Poland,False,False,False,False,439776.968,318336.85
2836,M,724,620,Spain,Portugal,False,False,False,False,9543754.09,29277491.1
2836,M,724,634,Spain,Qatar,False,False,False,False,104.267,0.9
2836,M,724,642,Spain,Romania,False,False,False,False,5456.352,735.425
2836,M,724,643,Spain,Russian Federation,False,False,False,False,64022.672,46000.0
2836,M,724,699,Spain,India,False,False,False,False,5404667.274,9285322.976
2836,M,724,702,Spain,Singapore,False,False,True,False,327321.637,375936.0
2836,M,724,704,Spain,Viet Nam,False,False,False,False,589.573,0.24
2836,M,724,705,Spain,Slovenia,False,False,False,False,71.526,675.0
2836,M,724,752,Spain,Sweden,False,False,False,False,180716.479,205136.896
2836,M,724,757,Spain,Switzerland,False,False,False,False,27820.771,4165.334
2836,M,724,764,Spain,Thailand,False,False,False,False,17501.003,2409.0
2836,M,724,788,Spain,Tunisia,False,False,False,False,161.585,43.6
2836,M,724,792,Spain,Türkiye,False,False,False,False,148118430.058,407465116.8
2836,M,724,818,Spain,Egypt,False,False,False,False,1073.884,60.8
2836,M,724,826,Spain,United Kingdom,False,False,False,False,2633040.629,2829397.569
2836,M,724,842,Spain,USA,False,False,False,False,2871146.219,5526596.419
2836,M,752,40,Sweden,Austria,False,False,False,False,3769.971,16586.367
2836,M,752,56,Sweden,Belgium,False,False,True,False,6097173.775,10099680.806
2836,M,752,70,Sweden,Bosnia Herzegovina,False,False,False,False,4335.466,2000.0
2836,M,752,100,Sweden,Bulgaria,False,False,False,False,315546.556,936000.0
2836,M,752,124,Sweden,Canada,False,False,False,False,1130.991,2136.313
2836,M,752,156,Sweden,China,False,False,False,False,2319474.535,664645.984
2836,M,752,203,Sweden,Czechia,False,False,False,False,6031.953,5065.481
2836,M,752,208,Sweden,Denmark,False,False,False,False,1636261.576,833139.392
2836,M,752,233,Sweden,Estonia,False,False,False,False,147405.858,102153.416
2836,M,752,246,Sweden,Finland,False,False,False,False,7493759.458,13947639.061
2836,M,752,251,Sweden,France,False,False,False,False,1266333.192,773474.054
2836,M,752,276,Sweden,Germany,False,False,False,False,3469975.374,2213660.789
2836,M,752,300,Sweden,Greece,False,False,False,False,7822.689,32000.0
2836,M,752,380,Sweden,Italy,False,False,False,False,120073.57,425588.491
2836,M,752,392,Sweden,Japan,False,False,False,False,1225.241,4614.524
2836,M,752,400,Sweden,Jordan,False,False,False,False,376.997,613.663
2836,M,752,410,Sweden,Rep. of Korea,False,False,False,False,2401659.898,456000.0
2836,M,752,422,Sweden,Lebanon,False,False,False,False,471.246,767.079
2836,M,752,490,Sweden,"Other Asia, nes",False,False,False,False,3204.475,1113.179
2836,M,752,528,Sweden,Netherlands,False,False,True,False,2360849.964,3266089.333
2836,M,752,579,Sweden,Norway,False,False,False,False,6877180.733,51985613.663
2836,M,752,616,Sweden,Poland,False,False,False,False,1489798.211,2437032.741
2836,M,752,688,Sweden,Serbia,False,False,False,False,2167.733,1000.0
2836,M,752,699,Sweden,India,False,False,False,False,22337.077,9000.0
2836,M,752,710,Sweden,South Africa,False,False,False,False,94.249,153.416
2836,M,752,724,Sweden,Spain,False,False,False,False,770959.029,1611369.234
2836,M,752,757,Sweden,Switzerland,False,False,False,False,94.249,32.741
2836,M,752,784,Sweden,United Arab Emirates,False,False,True,False,94.249,153.416
2836,M,752,792,Sweden,Türkiye,False,False,False,False,6467007.91,14571014.234
2836,M,752,818,Sweden,Egypt,False,False,False,False,282.748,460.247
2836,M,752,826,Sweden,United Kingdom,False,False,False,False,1667740.833,905256.965
2836,M,752,842,Sweden,USA,False,False,False,False,139111.923,22215.805
2836,M,764,36,Thailand,Australia,False,False,False,False,113745.828,72441.0
2836,M,764,40,Thailand,Austria,False,False,False,False,511.358,4.0
2836,M,764,56,Thailand,Belgium,False,False,True,False,20742.838,27943.691
2836,M,764,70,Thailand,Bosnia Herzegovina,False,False,False,False,1521.054,1278.0
2836,M,764,76,Thailand,Brazil,False,False,False,False,158547.365,144400.0
2836,M,764,100,Thailand,Bulgaria,False,False,False,False,5569621.276,13860540.0
2836,M,764,124,Thailand,Canada,False,False,False,False,35.021,1.0
2836,M,764,152,Thailand,Chile,False,False,False,False,543033.464,5600.0
2836,M,764,156,Thailand,China,False,False,False,False,56478568.84,158316908.074
2836,M,764,203,Thailand,Czechia,False,False,False,False,488.304,27.0
2836,M,764,251,Thailand,France,False,False,False,False,162656.395,209658.919
2836,M,764,276,Thailand,Germany,False,False,False,False,725317.464,400355.621
2836,M,764,344,Thailand,"China, Hong Kong SAR",False,False,True,False,29500.004,100000.0
2836,M,764,360,Thailand,Indonesia,False,False,False,False,197095.948,80516.388
2836,M,764,372,Thailand,Ireland,False,False,False,False,11.533,31.191
2836,M,764,380,Thailand,Italy,False,False,False,False,9820346.874,28892893.14
2836,M,764,392,Thailand,Japan,False,False,False,False,6543369.128,6949125.743
2836,M,764,404,Thailand,Kenya,False,False,False,False,23864460.649,62338525.0
2836,M,764,410,Thailand,Rep. of Korea,False,False,False,False,3032907.353,2368571.913
2836,M,764,418,Thailand,Lao People's Dem. Rep.,False,False,False,False,54345.771,1632000.0
2836,M,764,458,Thailand,Malaysia,False,False,False,False,3439583.856,15179469.0
2836,M,764,490,Thailand,"Other Asia, nes",False,False,False,False,2301304.15,2456456.0
2836,M,764,528,Thailand,Netherlands,False,False,True,False,155085.067,204463.0
2836,M,764,579,Thailand,Norway,False,False,False,False,75.279,6.0
2836,M,764,604,Thailand,Peru,False,False,False,False,84.522,3.0
2836,M,764,608,Thailand,Philippines,False,False,False,False,1.618,1.0
2836,M,764,616,Thailand,Poland,False,False,False,False,8813.164,491.0
2836,M,764,643,Thailand,Russian Federation,False,False,False,False,1966.297,500.0
2836,M,764,699,Thailand,India,False,False,False,False,5933418.139,15703765.854
2836,M,764,702,Thailand,Singapore,False,False,True,False,1059786.632,1932504.0
2836,M,764,704,Thailand,Viet Nam,False,False,False,False,5945332.525,3091753.0
2836,M,764,724,Thailand,Spain,False,False,False,False,9545207.669,27913526.565
2836,M,764,757,Thailand,Switzerland,False,False,False,False,73319.946,27955.722
2836,M,764,764,Thailand,Thailand,False,False,False,False,34217.812,74151.0
2836,M,764,784,Thailand,United Arab Emirates,False,False,True,False,9191.108,9000.0
2836,M,764,792,Thailand,Türkiye,False,False,False,False,58616814.81,174893440.0
2836,M,764,826,Thailand,United Kingdom,False,False,False,False,1869533.031,2245842.826
2836,M,764,842,Thailand,USA,False,False,False,False,97775475.697,277993720.882
2836,M,792,12,Türkiye,Algeria,False,False,False,False,1684.0,24301.0
2836,M,792,40,Türkiye,Austria,False,False,False,False,5267.0,10704.0
2836,M,792,56,Türkiye,Belgium,False,False,True,False,5050109.0,11136977.0
2836,M,792,70,Türkiye,Bosnia Herzegovina,False,False,False,False,1173.0,1500.0
2836,M,792,76,Türkiye,Brazil,False,False,False,False,50.0,14.0
2836,M,792,100,Türkiye,Bulgaria,False,False,False,False,58356297.0,166578000.0
2836,M,792,112,Türkiye,Belarus,False,False,False,False,2367.0,500.0
2836,M,792,124,Türkiye,Canada,False,False,False,False,402.0,32.0
2836,M,792,156,Türkiye,China,False,False,False,False,10977940.0,14294343.0
2836,M,792,203,Türkiye,Czechia,False,False,False,False,24469.0,41555.0
2836,M,792,231,Türkiye,Ethiopia,False,False,False,False,20.0,27.0
2836,M,792,246,Türkiye,Finland,False,False,False,False,20448.0,12778.0
2836,M,792,251,Türkiye,France,False,False,False,False,4272021.0,4556344.0
2836,M,792,276,Türkiye,Germany,False,False,False,False,7789448.0,7092622.892
2836,M,792,300,Türkiye,Greece,False,False,False,False,15.0,29.0
2836,M,792,344,Türkiye,"China, Hong Kong SAR",False,False,True,False,73.0,13.0
2836,M,792,364,Türkiye,Iran,False,False,False,False,713013.0,2089960.0
2836,M,792,368,Türkiye,Iraq,False,False,False,False,4138.0,40332.0
2836,M,792,372,Türkiye,Ireland,False,False,False,False,339583.0,17464.0
2836,M,792,376,Türkiye,Israel,False,False,False,False,2894.0,202.0
2836,M,792,380,Türkiye,Italy,False,False,False,False,1095977.0,651638.0
2836,M,792,392,Türkiye,Japan,False,False,False,False,39697.0,32762.0
2836,M,792,398,Türkiye,Kazakhstan,False,False,False,False,94664.0,322000.0
2836,M,792,400,Türkiye,Jordan,False,False,False,False,15.0,4.0
2836,M,792,410,Türkiye,Rep. of Korea,False,False,False,False,9863212.0,6468650.0
2836,M,792,422,Türkiye,Lebanon,False,False,False,False,2809.0,3365.0
2836,M,792,458,Türkiye,Malaysia,False,False,False,False,64636.0,113000.0
2836,M,792,484,Türkiye,Mexico,False,False,False,False,37.0,22.0
2836,M,792,490,Türkiye,"Other Asia, nes",False,False,False,False,33282.0,20100.0
2836,M,792,504,Türkiye,Morocco,False,False,False,False,189.0,60.0
2836,M,792,512,Türkiye,Oman,False,False,False,False,1428111.0,4381750.0
2836,M,792,528,Türkiye,Netherlands,False,False,True,False,192074.0,73905.375
2836,M,792,579,Türkiye,Norway,False,False,False,False,2165063.0,1795515.0
2836,M,792,608,Türkiye,Philippines,False,False,False,False,176091.0,16200.0
2836,M,792,616,Türkiye,Poland,False,False,False,False,286985.0,273160.0
2836,M,792,642,Türkiye,Romania,False,False,False,False,9.0,6.0
2836,M,792,643,Türkiye,Russian Federation,False,False,False,False,16088229.0,51034927.0
2836,M,792,682,Türkiye,Saudi Arabia,False,False,False,False,32900.0,72594.0
2836,M,792,688,Türkiye,Serbia,False,False,False,False,87.0,60.0
2836,M,792,699,Türkiye,India,False,False,False,False,1567801.0,2935004.0
2836,M,792,702,Türkiye,Singapore,False,False,True,False,1970548.0,2888000.0
2836,M,792,705,Türkiye,Slovenia,False,False,False,False,22641.0,107105.0
2836,M,792,724,Türkiye,Spain,False,False,False,False,227873.0,0.0
2836,M,792,757,Türkiye,Switzerland,False,False,False,False,4032.0,5183.0
2836,M,792,784,Türkiye,United Arab Emirates,False,False,True,False,19829.0,50661.0
2836,M,792,807,Türkiye,North Macedonia,False,False,False,False,573.0,1188.0
2836,M,792,818,Türkiye,Egypt,False,False,False,False,64750.0,503601.0
2836,M,792,826,Türkiye,United Kingdom,False,False,False,False,1478235.0,1644176.52
2836,M,792,842,Türkiye,USA,False,False,False,False,980992.0,487744.985
2836,M,792,860,Türkiye,Uzbekistan,False,False,False,False,129405.0,386000.0
2836,M,826,32,United Kingdom,Argentina,False,False,False,False,16900201.829,369725.0
2836,M,826,36,United Kingdom,Australia,False,False,False,False,7144001.254,1131526.0
2836,M,826,40,United Kingdom,Austria,False,False,False,False,31493.815,49825.0
2836,M,826,56,United Kingdom,Belgium,False,False,True,False,1584789.723,2420908.0
2836,M,826,76,United Kingdom,Brazil,False,False,False,False,1150435.343,62987.0
2836,M,826,124,United Kingdom,Canada,False,False,False,False,774811.498,17305.0
2836,M,826,152,United Kingdom,Chile,False,False,False,False,86283111.884,2207250.0
2836,M,826,156,United Kingdom,China,False,False,False,False,17541674.842,12291044.0
2836,M,826,203,United Kingdom,Czechia,False,False,False,False,254363.085,74311.0
2836,M,826,208,United Kingdom,Denmark,False,False,False,False,269541.966,44518.0
2836,M,826,246,United Kingdom,Finland,False,False,False,False,252256.288,13770.0
2836,M,826,251,United Kingdom,France,False,False,False,False,12524616.08,11696996.0
2836,M,826,276,United Kingdom,Germany,False,False,False,False,17697018.478,12193788.123
2836,M,826,300,United Kingdom,Greece,False,False,False,False,107311.155,725150.0
2836,M,826,344,United Kingdom,"China, Hong Kong SAR",False,False,True,False,64065.267,46174.0
2836,M,826,348,United Kingdom,Hungary,False,False,False,False,1313895.43,725600.0
2836,M,826,372,United Kingdom,Ireland,False,False,False,False,3268427.368,0.0
2836,M,826,376,United Kingdom,Israel,False,False,False,False,28081.923,5874.0
2836,M,826,380,United Kingdom,Italy,False,False,False,False,5471173.528,1884695.121
2836,M,826,392,United Kingdom,Japan,False,False,False,False,1574270.654,93024.0
2836,M,826,410,United Kingdom,Rep. of Korea,False,False,False,False,2697619.676,0.0
2836,M,826,428,United Kingdom,Latvia,False,False,False,False,7657.802,4896.0
2836,M,826,440,United Kingdom,Lithuania,False,False,False,False,1868.151,1440.0
2836,M,826,484,United Kingdom,Mexico,False,False,False,False,1946.457,363.0
2836,M,826,490,United Kingdom,"Other Asia, nes",False,False,False,False,139092.091,87239.0
2836,M,826,528,United Kingdom,Netherlands,False,False,True,False,1507329.206,2930422.0
2836,M,826,579,United Kingdom,Norway,False,False,False,False,394981.517,6856964.0
2836,M,826,586,United Kingdom,Pakistan,False,False,False,False,1193.23,384.0
2836,M,826,616,United Kingdom,Poland,False,False,False,False,1641476.85,0.0
2836,M,826,620,United Kingdom,Portugal,False,False,False,False,1235.49,103.0
2836,M,826,642,United Kingdom,Romania,False,False,False,False,75758.921,13840.0
2836,M,826,643,United Kingdom,Russian Federation,False,False,False,False,6970.452,5280.0
2836,M,826,699,United Kingdom,India,False,False,False,False,2101889.634,2115718.331
2836,M,826,702,United Kingdom,Singapore,False,False,True,False,6970.452,72.0
2836,M,826,703,United Kingdom,Slovakia,False,False,False,False,4449.754,0.0
2836,M,826,704,United Kingdom,Viet Nam,False,False,False,False,139011.3,200000.0
2836,M,826,724,United Kingdom,Spain,False,False,False,False,14509060.804,0.0
2836,M,826,752,United Kingdom,Sweden,False,False,False,False,71091.652,93689.888
2836,M,826,757,United Kingdom,Switzerland,False,False,False,False,2607.705,27.0
2836,M,826,764,United Kingdom,Thailand,False,False,False,False,69909.608,16000.0
2836,M,826,784,United Kingdom,United Arab Emirates,False,False,True,False,333881.924,141021.0
2836,M,826,792,United Kingdom,Türkiye,False,False,False,False,90533710.515,237061158.0
2836,M,826,804,United Kingdom,Ukraine,False,False,False,False,13313.216,7761.0
2836,M,826,818,United Kingdom,Egypt,False,False,False,False,505158.91,765484.0
2836,M,826,826,United Kingdom,United Kingdom,False,False,False,False,416744.293,0.0
2836,M,826,842,United Kingdom,USA,False,False,False,False,16001835.089,0.0
2836,M,842,32,USA,Argentina,False,False,False,False,83525190.0,7648972.0
2836,M,842,36,USA,Australia,False,False,False,False,30643677.0,4536118.0
2836,M,842,40,USA,Austria,False,False,False,False,1384759.0,495307.0
2836,M,842,56,USA,Belgium,False,False,True,False,30855.0,7116.0
2836,M,842,76,USA,Brazil,False,False,False,False,2053441.0,188915.0
2836,M,842,124,USA,Canada,False,False,False,False,8780111.0,34014662.0
2836,M,842,152,USA,Chile,False,False,False,False,161914434.0,8250265.0
2836,M,842,156,USA,China,False,False,False,False,22683703.0,7495573.0
2836,M,842,170,USA,Colombia,False,False,False,False,93506.0,71396.0
2836,M,842,191,USA,Croatia,False,False,False,False,15733.0,19272.0
2836,M,842,203,USA,Czechia,False,False,False,False,310188.0,117084.0
2836,M,842,214,USA,Dominican Rep.,False,False,False,False,981384.0,4318410.0
2836,M,842,233,USA,Estonia,False,False,False,False,3795.0,50.0
2836,M,842,246,USA,Finland,False,False,False,False,17060070.0,1141864.0
2836,M,842,251,USA,France,False,False,False,False,10373401.0,2778781.0
2836,M,842,276,USA,Germany,False,False,False,False,54367197.0,23604058.722
2836,M,842,340,USA,Honduras,False,False,False,False,3987.0,1852.0
2836,M,842,344,USA,"China, Hong Kong SAR",False,False,True,False,174022.0,65482.0
2836,M,842,372,USA,Ireland,False,False,False,False,21350.0,155.0
2836,M,842,376,USA,Israel,False,False,False,False,691625.0,134622.0
2836,M,842,380,USA,Italy,False,False,False,False,8672124.0,13300761.0
2836,M,842,392,USA,Japan,False,False,False,False,8178234.0,4537493.0
2836,M,842,410,USA,Rep. of Korea,False,False,False,False,11708383.0,7971392.0
2836,M,842,428,USA,Latvia,False,False,False,False,12248.0,7212.0
2836,M,842,458,USA,Malaysia,False,False,False,False,2425218.0,2454000.0
2836,M,842,484,USA,Mexico,False,False,False,False,8901149.0,16283373.0
2836,M,842,490,USA,"Other Asia, nes",False,False,False,False,8446367.0,4178902.0
2836,M,842,528,USA,Netherlands,False,False,True,False,1913011.0,108336.0
2836,M,842,579,USA,Norway,False,False,False,False,712868.0,565754.0
2836,M,842,604,USA,Peru,False,False,False,False,54001.0,7983.0
2836,M,842,608,USA,Philippines,False,False,False,False,20989357.0,1664188.0
2836,M,842,616,USA,Poland,False,False,False,False,16157.0,2548.0
2836,M,842,699,USA,India,False,False,False,False,7960518.0,4762164.0
2836,M,842,704,USA,Viet Nam,False,False,False,False,5124736.0,7960923.0
2836,M,842,724,USA,Spain,False,False,False,False,6034812.0,6498056.0
2836,M,842,752,USA,Sweden,False,False,False,False,1436704.0,102050.0
2836,M,842,757,USA,Switzerland,False,False,False,False,60769.0,13279.0
2836,M,842,792,USA,Türkiye,False,False,False,False,11824424.0,38840122.529
2836,M,842,804,USA,Ukraine,False,False,False,False,6614.0,4026.0
2836,M,842,818,USA,Egypt,False,False,False,False,213186.0,202261.0
2836,M,842,826,USA,United Kingdom,False,False,False,False,14534527.0,5958367.0
2846,M,36,124,Australia,Canada,False,False,False,False,229550.392,1.53
2846,M,36,156,Australia,China,False,False,False,False,276708.014,112159.1
2846,M,36,203,Australia,Czechia,False,False,False,False,8898.824,1.17
2846,M,36,246,Australia,Finland,False,False,False,False,1067.585,0.2
2846,M,36,344,Australia,"China, Hong Kong SAR",False,False,True,False,20962.222,30.99
2846,M,36,380,Australia,Italy,False,False,False,False,10429.619,21.96
2846,M,36,392,Australia,Japan,False,False,False,False,14587.098,2.6
2846,M,36,410,Australia,Rep. of Korea,False,False,False,False,13969.19,20.0
2846,M,36,458,Australia,Malaysia,False,False,False,False,84544.815,84918.0
2846,M,36,554,Australia,New Zealand,False,False,False,False,2127.81,660.0
2846,M,36,699,Australia,India,False,False,False,False,4624.626,500.75
2846,M,36,710,Australia,South Africa,False,False,False,False,60343.827,2407.4
2846,M,36,842,Australia,USA,False,False,False,False,68302.624,401.23
2846,M,40,156,Austria,China,False,False,False,False,113634.844,2501.0
2846,M,40,276,Austria,Germany,False,False,False,False,953216.14,3522.0
2846,M,40,528,Austria,Netherlands,False,False,True,False,1187.233,21.0
2846,M,40,757,Austria,Switzerland,False,False,False,False,9367.03,80.0
2846,M,40,764,Austria,Thailand,False,False,False,False,161.109,0.915
2846,M,40,826,Austria,United Kingdom,False,False,False,False,125.427,1.0
2846,M,40,842,Austria,USA,False,False,False,False,3159.467,16.0
2846,M,56,40,Belgium,Austria,False,False,False,True,288667.792,20957.79
2846,M,56,156,Belgium,China,False,False,False,True,315375.67,11794.99
2846,M,56,203,Belgium,Czechia,False,False,False,True,12150.384,25.63
2846,M,56,233,Belgium,Estonia,False,False,False,True,235555.436,478.7
2846,M,56,251,Belgium,France,False,False,False,True,2786194.671,13331.45
2846,M,56,276,Belgium,Germany,False,False,False,True,80812.695,290.94
2846,M,56,372,Belgium,Ireland,False,False,False,True,70.772,1.06
2846,M,56,392,Belgium,Japan,False,False,False,True,3042.464,11.25
2846,M,56,490,Belgium,"Other Asia, nes",False,False,False,True,196.299,4.7
2846,M,56,528,Belgium,Netherlands,False,False,True,True,239884.34,999958.88
2846,M,56,643,Belgium,Russian Federation,False,False,False,True,81.729,0.85
2846,M,56,699,Belgium,India,False,False,False,True,5458.068,112.43
2846,M,56,703,Belgium,Slovakia,False,False,False,True,1173.234,1.06
2846,M,56,724,Belgium,Spain,False,False,False,True,75122.621,26115.65
2846,M,56,826,Belgium,United Kingdom,False,False,False,True,12708.413,908.6
2846,M,56,842,Belgium,USA,False,False,False,True,97979.508,388.95
2846,M,76,40,Brazil,Austria,False,False,False,False,14195.0,754.246
2846,M,76,156,Brazil,China,False,False,False,False,3117533.0,1470490.372
2846,M,76,251,Brazil,France,False,False,False,False,286085.0,1400.0
2846,M,76,276,Brazil,Germany,False,False,False,False,11063.0,963.168
2846,M,76,380,Brazil,Italy,False,False,False,False,10260.0,406.621
2846,M,76,410,Brazil,Rep. of Korea,False,False,False,False,751.0,331.501
2846,M,76,643,Brazil,Russian Federation,False,False,False,False,36.0,15.891
2846,M,76,699,Brazil,India,False,False,False,False,54213.0,9235.0
2846,M,76,757,Brazil,Switzerland,False,False,False,False,3055.0,397.57
2846,M,76,826,Brazil,United Kingdom,False,False,False,False,4722.0,70.836
2846,M,76,842,Brazil,USA,False,False,False,False,287265.0,111065.461
2846,M,124,36,Canada,Australia,False,False,False,False,271.87,37.0
2846,M,124,40,Canada,Austria,False,False,False,False,14306.894,1407.0
2846,M,124,51,Canada,Armenia,False,False,False,False,81.487,10.897
2846,M,124,56,Canada,Belgium,False,False,True,False,1577.885,205.0
2846,M,124,124,Canada,Canada,False,False,False,False,1181.561,24.0
2846,M,124,156,Canada,China,False,False,False,False,2131941.305,189813.729
2846,M,124,203,Canada,Czechia,False,False,False,False,290.39,26.0
2846,M,124,251,Canada,France,False,False,False,False,262297.009,687.0
2846,M,124,276,Canada,Germany,False,False,False,False,22464.483,670.0
2846,M,124,380,Canada,Italy,False,False,False,False,577.817,58.0
2846,M,124,392,Canada,Japan,False,False,False,False,11897.101,541.0
2846,M,124,398,Canada,Kazakhstan,False,False,False,False,0.741,5.0
2846,M,124,422,Canada,Lebanon,False,False,False,False,7.408,1.0
2846,M,124,496,Canada,Mongolia,False,False,False,False,373.359,1.0
2846,M,124,528,Canada,Netherlands,False,False,True,False,66.671,3.0
2846,M,124,554,Canada,New Zealand,False,False,False,False,146.677,18.0
2846,M,124,643,Canada,Russian Federation,False,False,False,False,3198.735,196.0
2846,M,124,699,Canada,India,False,False,False,False,3325.41,168.0
2846,M,124,704,Canada,Viet Nam,False,False,False,False,269197.476,2600.0
2846,M,124,710,Canada,South Africa,False,False,False,False,3848.409,51.0
2846,M,124,757,Canada,Switzerland,False,False,False,False,10356.256,876.0
2846,M,124,792,Canada,Türkiye,False,False,False,False,3600.984,441.0
2846,M,124,804,Canada,Ukraine,False,False,False,False,302.983,12.0
2846,M,124,826,Canada,United Kingdom,False,False,False,False,734.124,113.0
2846,M,124,842,Canada,USA,False,False,False,False,1867690.09,524792.0
2846,M,152,76,Chile,Brazil,False,False,False,False,6342.6,704.231
2846,M,152,124,Chile,Canada,False,False,False,False,896.0,0.17
2846,M,152,156,Chile,China,False,False,False,False,8354.97,1250.0
2846,M,152,276,Chile,Germany,False,False,False,False,19927.25,94.925
2846,M,152,380,Chile,Italy,False,False,False,False,4698.14,180.0
2846,M,152,440,Chile,Lithuania,False,False,False,False,299.74,2.608
2846,M,152,579,Chile,Norway,False,False,False,False,280.21,20.8
2846,M,152,604,Chile,Peru,False,False,False,False,1926.94,68.5
2846,M,152,724,Chile,Spain,False,False,False,False,4304.26,301.78
2846,M,152,842,Chile,USA,False,False,False,False,32058.12,551.648
2846,M,152,899,Chile,"Areas, nes",False,False,False,False,3984.21,4.724
2846,M,156,40,China,Austria,False,False,False,False,77694.0,2618.57
2846,M,156,104,China,Myanmar,False,False,False,False,1441901598.0,72073760.0
2846,M,156,124,China,Canada,False,False,False,False,9160.0,520.316
2846,M,156,156,China,China,False,False,False,False,1963701.0,117496.267
2846,M,156,203,China,Czechia,False,False,False,False,23.0,1.306
2846,M,156,233,China,Estonia,False,False,False,False,4100500.0,110000.0
2846,M,156,246,China,Finland,False,False,False,False,3040.0,172.681
2846,M,156,251,China,France,False,False,False,False,1364810.0,13716.635
2846,M,156,276,China,Germany,False,False,False,False,2684985.0,6150.196
2846,M,156,372,China,Ireland,False,False,False,False,1841.0,1.0
2846,M,156,380,China,Italy,False,False,False,False,69321.0,1617.459
2846,M,156,392,China,Japan,False,False,False,False,33039038.0,435865.992
2846,M,156,398,China,Kazakhstan,False,False,False,False,9029723.0,1255554.0
2846,M,156,410,China,Rep. of Korea,False,False,False,False,4593861.0,32654.0
2846,M,156,418,China,Lao People's Dem. Rep.,False,False,False,False,103657219.0,11307691.0
2846,M,156,458,China,Malaysia,False,False,False,False,214676059.0,19084528.174
2846,M,156,484,China,Mexico,False,False,False,False,195.0,11.077
2846,M,156,490,China,"Other Asia, nes",False,False,False,False,1423794.0,1142.101
2846,M,156,579,China,Norway,False,False,False,False,3489.0,4.363
2846,M,156,620,China,Portugal,False,False,False,False,13986.0,152.0
2846,M,156,643,China,Russian Federation,False,False,False,False,1001323.0,242701.078
2846,M,156,699,China,India,False,False,False,False,4336897.0,805860.172
2846,M,156,702,China,Singapore,False,False,True,False,581.0,196.825
2846,M,156,704,China,Viet Nam,False,False,False,False,45875578.0,3205314.0
2846,M,156,710,China,South Africa,False,False,False,False,439000.0,20000.0
2846,M,156,757,China,Switzerland,False,False,False,False,280291.0,4131.277
2846,M,156,764,China,Thailand,False,False,False,False,1420459.0,38800.0
2846,M,156,792,China,Türkiye,False,False,False,False,6387.0,251.706
2846,M,156,804,China,Ukraine,False,False,False,False,268.0,15.223
2846,M,156,826,China,United Kingdom,False,False,False,False,640536.0,21193.822
2846,M,156,842,China,USA,False,False,False,False,8718934.0,503646.443
2846,M,156,899,China,"Areas, nes",False,False,False,False,86.0,4.885
2846,M,203,40,Czechia,Austria,False,False,False,False,1364639.0,46917.248
2846,M,203,56,Czechia,Belgium,False,False,True,False,1990.0,43.48
2846,M,203,156,Czechia,China,False,False,False,False,837217.0,23063.704
2846,M,203,251,Czechia,France,False,False,False,False,31332.0,1205.097
2846,M,203,276,Czechia,Germany,False,False,False,False,226680.0,3018.461
2846,M,203,392,Czechia,Japan,False,False,False,False,136983.0,1151.062
2846,M,203,528,Czechia,Netherlands,False,False,True,False,2828.0,1000.0
2846,M,203,568,Czechia,"Other Europe, nes",False,False,False,False,1150.0,35.0
2846,M,203,643,Czechia,Russian Federation,False,False,False,False,263.0,5.11
2846,M,203,699,Czechia,India,False,False,False,False,238.0,4.624
2846,M,203,724,Czechia,Spain,False,False,False,False,854.0,4.691
2846,M,203,757,Czechia,Switzerland,False,False,False,False,22032.0,32.0
2846,M,203,764,Czechia,Thailand,False,False,False,False,9.0,0.175
2846,M,203,792,Czechia,Türkiye,False,False,False,False,1426.0,5.4
2846,M,203,804,Czechia,Ukraine,False,False,False,False,553.0,10.745
2846,M,203,826,Czechia,United Kingdom,False,False,False,False,54977.0,241.231
2846,M,203,842,Czechia,USA,False,False,False,False,29428.0,349.084
2846,M,208,40,Denmark,Austria,False,False,False,False,76283.115,40000.0
2846,M,208,56,Denmark,Belgium,False,False,True,False,853.593,14.0
2846,M,208,156,Denmark,China,False,False,False,False,24982.209,49.0
2846,M,208,251,Denmark,France,False,False,False,False,3229.167,98.0
2846,M,208,276,Denmark,Germany,False,False,False,False,16120.289,101.0
2846,M,208,372,Denmark,Ireland,False,False,False,False,1166.088,14.0
2846,M,208,392,Denmark,Japan,False,False,False,False,422425.618,468.0
2846,M,208,410,Denmark,Rep. of Korea,False,False,False,False,5174.824,9.0
2846,M,208,699,Denmark,India,False,False,False,False,14.805,1.0
2846,M,208,752,Denmark,Sweden,False,False,False,False,1877.004,12.0
2846,M,208,826,Denmark,United Kingdom,False,False,False,False,1099.031,7.0
2846,M,208,842,Denmark,USA,False,False,False,False,2736.548,15.0
2846,M,208,899,Denmark,"Areas, nes",False,False,False,False,6.967,1.0
2846,M,246,40,Finland,Austria,False,False,False,False,172799.701,2784.923
2846,M,246,51,Finland,Armenia,False,False,False,False,10711.047,6.0
2846,M,246,56,Finland,Belgium,False,False,True,False,4221.273,15.0
2846,M,246,124,Finland,Canada,False,False,False,False,83.258,0.505
2846,M,246,156,Finland,China,False,False,False,False,358.981,2.929
2846,M,246,208,Finland,Denmark,False,False,False,False,835.821,5.072
2846,M,246,251,Finland,France,False,False,False,False,337360.135,576.398
2846,M,246,276,Finland,Germany,False,False,False,False,179587.905,1024.297
2846,M,246,380,Finland,Italy,False,False,False,False,1884.651,80.0
2846,M,246,392,Finland,Japan,False,False,False,False,603872.305,6201.0
2846,M,246,579,Finland,Norway,False,False,False,False,3860.129,2.012
2846,M,246,616,Finland,Poland,False,False,False,False,293922.33,3360.0
2846,M,246,699,Finland,India,False,False,False,False,449.808,2.73
2846,M,246,752,Finland,Sweden,False,False,False,False,3106.485,32.487
2846,M,246,826,Finland,United Kingdom,False,False,False,False,13271.491,42.0
2846,M,246,842,Finland,USA,False,False,False,False,300320.197,2205.928
2846,M,276,40,Germany,Austria,False,False,False,False,7508734.98,1155383.846
2846,M,276,56,Germany,Belgium,False,False,True,False,26684.131,884.84
2846,M,276,124,Germany,Canada,False,False,False,False,7132.777,144.347
2846,M,276,152,Germany,Chile,False,False,False,False,459.019,1.0
2846,M,276,156,Germany,China,False,False,False,False,21205134.392,3894300.48
2846,M,276,233,Germany,Estonia,False,False,False,False,3105253.708,224500.0
2846,M,276,251,Germany,France,False,False,False,False,9597855.805,211656.832
2846,M,276,380,Germany,Italy,False,False,False,False,18516139.606,27724.0
2846,M,276,392,Germany,Japan,False,False,False,False,1857772.223,18367.364
2846,M,276,410,Germany,Rep. of Korea,False,False,False,False,671840.65,34478.568
2846,M,276,428,Germany,Latvia,False,False,False,False,3189.143,329.0
2846,M,276,458,Germany,Malaysia,False,False,False,False,819508.323,7001.0
2846,M,276,490,Germany,"Other Asia, nes",False,False,False,False,27432.08,1001.0
2846,M,276,528,Germany,Netherlands,False,False,True,False,475.373,9.0
2846,M,276,579,Germany,Norway,False,False,False,False,15143.25,49.778
2846,M,276,643,Germany,Russian Federation,False,False,False,False,33748.219,219.416
2846,M,276,699,Germany,India,False,False,False,False,9470891.938,10594.625
2846,M,276,724,Germany,Spain,False,False,False,False,14336.424,587.972
2846,M,276,757,Germany,Switzerland,False,False,False,False,93443.522,2077.175
2846,M,276,792,Germany,Türkiye,False,False,False,False,13623.364,165.0
2846,M,276,807,Germany,North Macedonia,False,False,False,False,153145.367,6142.0
2846,M,276,826,Germany,United Kingdom,False,False,False,False,690064.012,20636.012
2846,M,276,842,Germany,USA,False,False,False,False,3702274.34,110216.943
2846,M,360,40,Indonesia,Austria,False,False,False,False,14451.0,1303.0
2846,M,360,156,Indonesia,China,False,False,False,False,407582.0,249950.0
2846,M,360,276,Indonesia,Germany,False,False,False,False,100998.0,456.0
2846,M,360,372,Indonesia,Ireland,False,False,False,False,106.0,28.0
2846,M,360,380,Indonesia,Italy,False,False,False,False,32.0,2.0
2846,M,360,392,Indonesia,Japan,False,False,False,False,244102.0,10739.0
2846,M,360,699,Indonesia,India,False,False,False,False,1840.0,51.0
2846,M,360,826,Indonesia,United Kingdom,False,False,False,False,2374.0,25.0
2846,M,360,842,Indonesia,USA,False,False,False,False,346.0,2.0
2846,M,372,56,Ireland,Belgium,False,False,True,False,1714.892,13.0
2846,M,372,156,Ireland,China,False,False,False,False,4926.26,52.505
2846,M,372,203,Ireland,Czechia,False,False,False,False,1467.282,50.0
2846,M,372,251,Ireland,France,False,False,False,False,370.875,2.0
2846,M,372,276,Ireland,Germany,False,False,False,False,79571.639,393.0
2846,M,372,380,Ireland,Italy,False,False,False,False,2890.231,80.0
2846,M,372,528,Ireland,Netherlands,False,False,True,False,89424.159,325.0
2846,M,372,579,Ireland,Norway,False,False,False,False,17296726.49,71357.0
2846,M,372,643,Ireland,Russian Federation,False,False,False,False,4281.824,25.0
2846,M,372,682,Ireland,Saudi Arabia,False,False,False,False,64.876,0.525
2846,M,372,699,Ireland,India,False,False,False,False,4.325,0.035
2846,M,372,724,Ireland,Spain,False,False,False,False,213.01,1.0
2846,M,372,826,Ireland,United Kingdom,False,False,False,False,10011.466,161.0
2846,M,372,842,Ireland,USA,False,False,False,False,14188.407,105.0
2846,M,380,40,Italy,Austria,False,False,False,False,1988031.297,126264.0
2846,M,380,56,Italy,Belgium,False,False,True,False,14569.013,110.0
2846,M,380,156,Italy,China,False,False,False,False,1077223.594,194142.0
2846,M,380,233,Italy,Estonia,False,False,False,False,973456.407,10000.0
2846,M,380,251,Italy,France,False,False,False,False,1114254.882,72386.0
2846,M,380,276,Italy,Germany,False,False,False,False,330432.446,2815.0
2846,M,380,372,Italy,Ireland,False,False,False,False,3674.151,42.0
2846,M,380,392,Italy,Japan,False,False,False,False,163434.833,6803.0
2846,M,380,410,Italy,Rep. of Korea,False,False,False,False,419970.138,1053.0
2846,M,380,490,Italy,"Other Asia, nes",False,False,False,False,27734.54,2322.0
2846,M,380,528,Italy,Netherlands,False,False,True,False,964066.67,29238.0
2846,M,380,616,Italy,Poland,False,False,False,False,41728.319,480.0
2846,M,380,699,Italy,India,False,False,False,False,12833.577,23.0
2846,M,380,724,Italy,Spain,False,False,False,False,29126.133,1042.0
2846,M,380,757,Italy,Switzerland,False,False,False,False,12363.225,46.0
2846,M,380,842,Italy,USA,False,False,False,False,1125456.825,31186.331
2846,M,392,40,Japan,Austria,False,False,False,False,3165719.837,47413.0
2846,M,392,51,Japan,Armenia,False,False,False,False,4306.317,77.23
2846,M,392,156,Japan,China,False,False,False,False,218567082.694,7357770.0
2846,M,392,203,Japan,Czechia,False,False,False,False,14271.349,13.0
2846,M,392,233,Japan,Estonia,False,False,False,False,19560211.837,990000.0
2846,M,392,251,Japan,France,False,False,False,False,36334307.496,2462798.0
2846,M,392,276,Japan,Germany,False,False,False,False,659314.989,4002.19
2846,M,392,380,Japan,Italy,False,False,False,False,10193188.526,28446.0
2846,M,392,410,Japan,Rep. of Korea,False,False,False,False,593353.595,1304.0
2846,M,392,490,Japan,"Other Asia, nes",False,False,False,False,3522346.979,193670.0
2846,M,392,608,Japan,Philippines,False,False,False,False,5157587.376,27768.0
2846,M,392,643,Japan,Russian Federation,False,False,False,False,33340.15,679.997
2846,M,392,699,Japan,India,False,False,False,False,1425768.307,14129.0
2846,M,392,704,Japan,Viet Nam,False,False,False,False,2169138.341,358104.0
2846,M,392,826,Japan,United Kingdom,False,False,False,False,108120.597,61.572
2846,M,392,842,Japan,USA,False,False,False,False,1541163.378,33845.501
2846,M,410,36,Rep. of Korea,Australia,False,False,False,False,247.0,0.1
2846,M,410,40,Rep. of Korea,Austria,False,False,False,False,266531.0,3695.9
2846,M,410,51,Rep. of Korea,Armenia,False,False,False,False,567.0,0.783
2846,M,410,76,Rep. of Korea,Brazil,False,False,False,False,46.0,1.36
2846,M,410,96,Rep. of Korea,Brunei Darussalam,False,False,False,False,46.0,0.425
2846,M,410,124,Rep. of Korea,Canada,False,False,False,False,6920.0,1.93
2846,M,410,152,Rep. of Korea,Chile,False,False,False,False,28.0,2.0
2846,M,410,156,Rep. of Korea,China,False,False,False,False,41386757.0,1840753.55
2846,M,410,203,Rep. of Korea,Czechia,False,False,False,False,20715.0,6.216
2846,M,410,251,Rep. of Korea,France,False,False,False,False,9492895.0,650489.926
2846,M,410,276,Rep. of Korea,Germany,False,False,False,False,984371.0,4856.284
2846,M,410,344,Rep. of Korea,"China, Hong Kong SAR",False,False,True,False,8257.0,48.375
2846,M,410,376,Rep. of Korea,Israel,False,False,False,False,1241.0,4.675
2846,M,410,392,Rep. of Korea,Japan,False,False,False,False,19596722.0,300174.97
2846,M,410,458,Rep. of Korea,Malaysia,False,False,False,False,599.0,2.9
2846,M,410,490,Rep. of Korea,"Other Asia, nes",False,False,False,False,7815316.0,124001.5
2846,M,410,579,Rep. of Korea,Norway,False,False,False,False,3465.0,0.816
2846,M,410,643,Rep. of Korea,Russian Federation,False,False,False,False,86862.0,50.865
2846,M,410,699,Rep. of Korea,India,False,False,False,False,410714.0,55421.983
2846,M,410,702,Rep. of Korea,Singapore,False,False,True,False,79.0,19.105
2846,M,410,704,Rep. of Korea,Viet Nam,False,False,False,False,217147.0,2740.0
2846,M,410,724,Rep. of Korea,Spain,False,False,False,False,1766.0,1.8
2846,M,410,757,Rep. of Korea,Switzerland,False,False,False,False,1572.0,0.45
2846,M,410,792,Rep. of Korea,Türkiye,False,False,False,False,6368.0,8.497
2846,M,410,804,Rep. of Korea,Ukraine,False,False,False,False,240.0,0.04
2846,M,410,826,Rep. of Korea,United Kingdom,False,False,False,False,6472.0,160.248
2846,M,410,842,Rep. of Korea,USA,False,False,False,False,3515999.0,2598.557
2846,M,458,40,Malaysia,Austria,False,False,False,False,227.6,1.1
2846,M,458,56,Malaysia,Belgium,False,False,True,False,1.096,660.8
2846,M,458,156,Malaysia,China,False,False,False,False,379423.332,12458.7
2846,M,458,203,Malaysia,Czechia,False,False,False,False,956.887,1.0
2846,M,458,251,Malaysia,France,False,False,False,False,53606.266,1301.9
2846,M,458,276,Malaysia,Germany,False,False,False,False,119281.933,3109.3
2846,M,458,344,Malaysia,"China, Hong Kong SAR",False,False,True,False,92591.504,38373.0
2846,M,458,392,Malaysia,Japan,False,False,False,False,6239429.853,125017.23
2846,M,458,410,Malaysia,Rep. of Korea,False,False,False,False,2795.232,102.55
2846,M,458,490,Malaysia,"Other Asia, nes",False,False,False,False,400.822,0.5
2846,M,458,643,Malaysia,Russian Federation,False,False,False,False,864.575,9.0
2846,M,458,699,Malaysia,India,False,False,False,False,1841.415,14.7
2846,M,458,702,Malaysia,Singapore,False,False,True,False,314265.795,24087.0
2846,M,458,724,Malaysia,Spain,False,False,False,False,1232.726,32.4
2846,M,458,792,Malaysia,Türkiye,False,False,False,False,56.79,1.0
2846,M,458,826,Malaysia,United Kingdom,False,False,False,False,8749.023,307.0
2846,M,458,842,Malaysia,USA,False,False,False,False,77199.53,748.7
2846,M,484,156,Mexico,China,False,False,False,False,1297856.0,0.0
2846,M,484,842,Mexico,USA,False,False,False,False,4660047.0,0.0
2846,M,528,36,Netherlands,Australia,False,False,False,True,9299.991,39.0
2846,M,528,40,Netherlands,Austria,False,False,False,True,138066.109,15404.0
2846,M,528,56,Netherlands,Belgium,False,False,True,True,19686.658,960.358
2846,M,528,100,Netherlands,Bulgaria,False,False,False,True,2.163,0.199
2846,M,528,124,Netherlands,Canada,False,False,False,True,119964.591,5.0
2846,M,528,156,Netherlands,China,False,False,False,True,3893745.615,978056.0
2846,M,528,203,Netherlands,Czechia,False,False,False,True,366.55,16.784
2846,M,528,208,Netherlands,Denmark,False,False,False,True,5.406,0.436
2846,M,528,218,Netherlands,Ecuador,False,False,False,True,115.696,1.0
2846,M,528,233,Netherlands,Estonia,False,False,False,True,1857432.43,23359.0
2846,M,528,246,Netherlands,Finland,False,False,False,True,33.519,2.453
2846,M,528,251,Netherlands,France,False,False,False,True,1464511.307,12335.119
2846,M,528,276,Netherlands,Germany,False,False,False,True,138230.462,1597.0
2846,M,528,300,Netherlands,Greece,False,False,False,True,1.081,0.079
2846,M,528,344,Netherlands,"China, Hong Kong SAR",False,False,True,True,44845.616,2905.0
2846,M,528,348,Netherlands,Hungary,False,False,False,True,3.244,0.237
2846,M,528,372,Netherlands,Ireland,False,False,False,True,14.056,1.069
2846,M,528,376,Netherlands,Israel,False,False,False,True,1251152.139,230.0
2846,M,528,380,Netherlands,Italy,False,False,False,True,468.189,10.754
2846,M,528,410,Netherlands,Rep. of Korea,False,False,False,True,2183.081,1.0
2846,M,528,428,Netherlands,Latvia,False,False,False,True,3.244,0.237
2846,M,528,440,Netherlands,Lithuania,False,False,False,True,27.032,2.018
2846,M,528,442,Netherlands,Luxembourg,False,False,False,True,7.569,0.554
2846,M,528,470,Netherlands,Malta,False,False,False,True,19.463,1.424
2846,M,528,554,Netherlands,New Zealand,False,False,False,True,670.387,1.0
2846,M,528,579,Netherlands,Norway,False,False,False,True,2461305.816,135077.0
2846,M,528,616,Netherlands,Poland,False,False,False,True,8.65,0.714
2846,M,528,620,Netherlands,Portugal,False,False,False,True,21.625,1.582
2846,M,528,702,Netherlands,Singapore,False,False,True,True,1921.414,53.0
2846,M,528,703,Netherlands,Slovakia,False,False,False,True,41.088,1.0
2846,M,528,705,Netherlands,Slovenia,False,False,False,True,12.975,0.99
2846,M,528,724,Netherlands,Spain,False,False,False,True,296.268,4.059
2846,M,528,752,Netherlands,Sweden,False,False,False,True,28.113,2.178
2846,M,528,826,Netherlands,United Kingdom,False,False,False,True,27375.559,4317.693
2846,M,528,842,Netherlands,USA,False,False,False,True,274556.809,10899.0
2846,M,616,36,Poland,Australia,False,False,False,False,86.0,4.405
2846,M,616,40,Poland,Austria,False,False,False,False,184707.0,5432.261
2846,M,616,56,Poland,Belgium,False,False,True,False,270.0,14.761
2846,M,616,124,Poland,Canada,False,False,False,False,3113.0,126.256
2846,M,616,156,Poland,China,False,False,False,False,2901945.0,368447.619
2846,M,616,203,Poland,Czechia,False,False,False,False,321.0,24.04
2846,M,616,233,Poland,Estonia,False,False,False,False,20673.0,22000.0
2846,M,616,251,Poland,France,False,False,False,False,2867520.0,85243.0
2846,M,616,276,Poland,Germany,False,False,False,False,135692.0,16197.119
2846,M,616,392,Poland,Japan,False,False,False,False,968494.0,35505.0
2846,M,616,410,Poland,Rep. of Korea,False,False,False,False,3138.0,4.0
2846,M,616,490,Poland,"Other Asia, nes",False,False,False,False,154.0,13.043
2846,M,616,528,Poland,Netherlands,False,False,True,False,28685.0,7565.0
2846,M,616,568,Poland,"Other Europe, nes",False,False,False,False,63289.0,1380.0
2846,M,616,699,Poland,India,False,False,False,False,15961.0,2030.741
2846,M,616,705,Poland,Slovenia,False,False,False,False,199453.0,17700.0
2846,M,616,724,Poland,Spain,False,False,False,False,1996.0,31.288
2846,M,616,757,Poland,Switzerland,False,False,False,False,2848.0,2.0
2846,M,616,792,Poland,Türkiye,False,False,False,False,297.0,15.212
2846,M,616,804,Poland,Ukraine,False,False,False,False,825.0,10.0
2846,M,616,826,Poland,United Kingdom,False,False,False,False,1096520.0,81362.564
2846,M,616,842,Poland,USA,False,False,False,False,143222.0,22119.198
2846,M,699,40,India,Austria,False,False,False,False,368783.835,4388.0
2846,M,699,156,India,China,False,False,False,False,5202388.237,831908.946
2846,M,699,233,India,Estonia,False,False,False,False,22763.221,1300.0
2846,M,699,251,India,France,False,False,False,False,771089.199,23478.0
2846,M,699,276,India,Germany,False,False,False,False,36306.095,1053.0
2846,M,699,344,India,"China, Hong Kong SAR",False,False,True,False,15900.823,494.0
2846,M,699,380,India,Italy,False,False,False,False,1869.287,160.788
2846,M,699,392,India,Japan,False,False,False,False,2791014.16,136932.0
2846,M,699,410,India,Rep. of Korea,False,False,False,False,2918529.241,92274.148
2846,M,699,699,India,India,False,False,False,False,58163.855,375.0
2846,M,699,702,India,Singapore,False,False,True,False,10707.593,127.0
2846,M,699,724,India,Spain,False,False,False,False,1697.28,117.0
2846,M,699,752,India,Sweden,False,False,False,False,749.264,36.0
2846,M,699,757,India,Switzerland,False,False,False,False,21009.381,2343.449
2846,M,699,792,India,Türkiye,False,False,False,False,552.463,45.0
2846,M,699,826,India,United Kingdom,False,False,False,False,1089.648,17.463
2846,M,699,842,India,USA,False,False,False,False,533054.86,26191.0
2846,M,702,36,Singapore,Australia,False,False,False,True,1205.49,135.0
2846,M,702,40,Singapore,Austria,False,False,False,True,1760.21,2.43
2846,M,702,56,Singapore,Belgium,False,False,True,True,172.0,1.35
2846,M,702,156,Singapore,China,False,False,False,True,77418.694,34.17
2846,M,702,251,Singapore,France,False,False,False,True,16452.45,155.5
2846,M,702,276,Singapore,Germany,False,False,False,True,24097.15,40.88
2846,M,702,372,Singapore,Ireland,False,False,False,True,32.017,0.12
2846,M,702,392,Singapore,Japan,False,False,False,True,8952414.121,346350.51
2846,M,702,410,Singapore,Rep. of Korea,False,False,False,True,252439.671,1037.45
2846,M,702,458,Singapore,Malaysia,False,False,False,True,115760.587,1643.97
2846,M,702,579,Singapore,Norway,False,False,False,True,3855.484,0.5
2846,M,702,643,Singapore,Russian Federation,False,False,False,True,996.261,0.42
2846,M,702,699,Singapore,India,False,False,False,True,5504.75,4.42
2846,M,702,724,Singapore,Spain,False,False,False,True,141.472,0.1
2846,M,702,757,Singapore,Switzerland,False,False,False,True,15544.051,23.21
2846,M,702,792,Singapore,Türkiye,False,False,False,True,179.446,0.04
2846,M,702,842,Singapore,USA,False,False,False,True,573359.239,26484.12
2846,M,710,36,South Africa,Australia,False,False,False,False,9708.489,3.92
2846,M,710,40,South Africa,Austria,False,False,False,False,64975.238,6576.17
2846,M,710,56,South Africa,Belgium,False,False,True,False,5675.318,1591.84
2846,M,710,156,South Africa,China,False,False,False,False,2363422.814,92052.05
2846,M,710,233,South Africa,Estonia,False,False,False,False,2342216.861,27990.0
2846,M,710,251,South Africa,France,False,False,False,False,8669.316,147.75
2846,M,710,276,South Africa,Germany,False,False,False,False,8473.221,584.9
2846,M,710,410,South Africa,Rep. of Korea,False,False,False,False,18.916,1.0
2846,M,710,490,South Africa,"Other Asia, nes",False,False,False,False,180.052,1.25
2846,M,710,516,South Africa,Namibia,False,False,False,False,5.42,6.0
2846,M,710,643,South Africa,Russian Federation,False,False,False,False,589.748,4.87
2846,M,710,699,South Africa,India,False,False,False,False,455663.129,4233.62
2846,M,710,724,South Africa,Spain,False,False,False,False,117.885,1.15
2846,M,710,757,South Africa,Switzerland,False,False,False,False,261.514,2.76
2846,M,710,826,South Africa,United Kingdom,False,False,False,False,831.48,4.82
2846,M,710,842,South Africa,USA,False,False,False,False,252726.845,8458.98
2846,M,710,899,South Africa,"Areas, nes",False,False,False,False,1398.355,2.67
2846,M,724,40,Spain,Austria,False,False,False,False,938024.683,96433.542
2846,M,724,56,Spain,Belgium,False,False,True,False,7448.578,22.237
2846,M,724,124,Spain,Canada,False,False,False,False,205.992,1.005
2846,M,724,152,Spain,Chile,False,False,False,False,105.38,9.0
2846,M,724,156,Spain,China,False,False,False,False,476460.725,91151.827
2846,M,724,208,Spain,Denmark,False,False,False,False,3953.118,0.12
2846,M,724,233,Spain,Estonia,False,False,False,False,3560090.296,43500.0
2846,M,724,251,Spain,France,False,False,False,False,440867.525,2897.15
2846,M,724,276,Spain,Germany,False,False,False,False,76077.801,11890.949
2846,M,724,372,Spain,Ireland,False,False,False,False,1331.626,31.0
2846,M,724,380,Spain,Italy,False,False,False,False,35958.615,530.74
2846,M,724,392,Spain,Japan,False,False,False,False,1055.707,2.401
2846,M,724,410,Spain,Rep. of Korea,False,False,False,False,7916.022,14.0
2846,M,724,442,Spain,Luxembourg,False,False,False,False,95432.768,2000.0
2846,M,724,458,Spain,Malaysia,False,False,False,False,5638106.238,73001.4
2846,M,724,490,Spain,"Other Asia, nes",False,False,False,False,462.783,4.0
2846,M,724,528,Spain,Netherlands,False,False,True,False,229423.576,5000.0
2846,M,724,568,Spain,"Other Europe, nes",False,False,False,False,43380.497,160.0
2846,M,724,579,Spain,Norway,False,False,False,False,8474.41,15.45
2846,M,724,616,Spain,Poland,False,False,False,False,613.079,1.279
2846,M,724,620,Spain,Portugal,False,False,False,False,16800.384,124.1
2846,M,724,643,Spain,Russian Federation,False,False,False,False,194.628,1.0
2846,M,724,699,Spain,India,False,False,False,False,1516022.75,15003.803
2846,M,724,704,Spain,Viet Nam,False,False,False,False,106272.108,20000.0
2846,M,724,752,Spain,Sweden,False,False,False,False,3271.054,27.0
2846,M,724,792,Spain,Türkiye,False,False,False,False,2270.664,326.0
2846,M,724,826,Spain,United Kingdom,False,False,False,False,41389.373,5701.5
2846,M,724,842,Spain,USA,False,False,False,False,50197.842,541.635
2846,M,752,40,Sweden,Austria,False,False,False,False,66822.732,2140.393
2846,M,752,56,Sweden,Belgium,False,False,True,False,8482.434,312.607
2846,M,752,124,Sweden,Canada,False,False,False,False,471.246,0.0
2846,M,752,156,Sweden,China,False,False,False,False,94.249,5.68
2846,M,752,251,Sweden,France,False,False,False,False,303671.148,4404.661
2846,M,752,276,Sweden,Germany,False,False,False,False,189441.033,7677.98
2846,M,752,528,Sweden,Netherlands,False,False,True,False,50517.609,1000.0
2846,M,752,757,Sweden,Switzerland,False,False,False,False,3204.475,0.0
2846,M,752,792,Sweden,Türkiye,False,False,False,False,94.249,0.0
2846,M,752,842,Sweden,USA,False,False,False,False,6031.953,350.551
2846,M,764,40,Thailand,Austria,False,False,False,False,2888.187,54.0
2846,M,764,56,Thailand,Belgium,False,False,True,False,3931.076,32.527
2846,M,764,156,Thailand,China,False,False,False,False,16408556.523,250456.51
2846,M,764,251,Thailand,France,False,False,False,False,1030.623,8.0
2846,M,764,276,Thailand,Germany,False,False,False,False,160167.629,201.0
2846,M,764,392,Thailand,Japan,False,False,False,False,479618.282,15559.779
2846,M,764,410,Thailand,Rep. of Korea,False,False,False,False,73.759,1.015
2846,M,764,458,Thailand,Malaysia,False,False,False,False,76982064.385,1060015.0
2846,M,764,490,Thailand,"Other Asia, nes",False,False,False,False,160.281,1.0
2846,M,764,643,Thailand,Russian Federation,False,False,False,False,565.351,7.49
2846,M,764,699,Thailand,India,False,False,False,False,2749.126,22.05
2846,M,764,704,Thailand,Viet Nam,False,False,False,False,3224112.834,46193.0
2846,M,764,710,Thailand,South Africa,False,False,False,False,11114.602,1262.0
2846,M,764,724,Thailand,Spain,False,False,False,False,21826.763,329.515
2846,M,764,757,Thailand,Switzerland,False,False,False,False,162.678,1.0
2846,M,764,842,Thailand,USA,False,False,False,False,128445.846,5898.573
2846,M,792,40,Türkiye,Austria,False,False,False,False,525276.0,49656.0
2846,M,792,56,Türkiye,Belgium,False,False,True,False,154.0,3.0
2846,M,792,124,Türkiye,Canada,False,False,False,False,360.0,3.0
2846,M,792,156,Türkiye,China,False,False,False,False,1198653.0,296086.0
2846,M,792,203,Türkiye,Czechia,False,False,False,False,901.0,6.0
2846,M,792,251,Türkiye,France,False,False,False,False,65307.0,817.0
2846,M,792,276,Türkiye,Germany,False,False,False,False,30507.0,131.0
2846,M,792,344,Türkiye,"China, Hong Kong SAR",False,False,True,False,6208.0,100.0
2846,M,792,376,Türkiye,Israel,False,False,False,False,202.0,3.0
2846,M,792,380,Türkiye,Italy,False,False,False,False,2199.0,1.0
2846,M,792,392,Türkiye,Japan,False,False,False,False,2799.0,3.0
2846,M,792,410,Türkiye,Rep. of Korea,False,False,False,False,666251.0,907.0
2846,M,792,490,Türkiye,"Other Asia, nes",False,False,False,False,3012.0,3.0
2846,M,792,579,Türkiye,Norway,False,False,False,False,5568.0,9.0
2846,M,792,643,Türkiye,Russian Federation,False,False,False,False,6608129.0,746.0
2846,M,792,699,Türkiye,India,False,False,False,False,6097981.0,13436.0
2846,M,792,724,Türkiye,Spain,False,False,False,False,21998.0,9625.0
2846,M,792,757,Türkiye,Switzerland,False,False,False,False,78.0,2.0
2846,M,792,826,Türkiye,United Kingdom,False,False,False,False,546.0,2.0
2846,M,792,842,Türkiye,USA,False,False,False,False,25239.0,144.0
2846,M,826,36,United Kingdom,Australia,False,False,False,False,17956.869,9065.0
2846,M,826,40,United Kingdom,Austria,False,False,False,False,867291.798,199804.0
2846,M,826,51,United Kingdom,Armenia,False,False,False,False,1804.76,83.356
2846,M,826,124,United Kingdom,Canada,False,False,False,False,58875.959,1694.0
2846,M,826,156,United Kingdom,China,False,False,False,False,1866640.602,350133.352
2846,M,826,203,United Kingdom,Czechia,False,False,False,False,10139.969,300.0
2846,M,826,233,United Kingdom,Estonia,False,False,False,False,360270.952,5000.0
2846,M,826,246,United Kingdom,Finland,False,False,False,False,12735.245,8.0
2846,M,826,251,United Kingdom,France,False,False,False,False,115921.056,3129.0
2846,M,826,276,United Kingdom,Germany,False,False,False,False,98287.353,178.657
2846,M,826,372,United Kingdom,Ireland,False,False,False,False,1286.451,1.0
2846,M,826,380,United Kingdom,Italy,False,False,False,False,3058375.377,51256.0
2846,M,826,392,United Kingdom,Japan,False,False,False,False,336013.58,5080.0
2846,M,826,410,United Kingdom,Rep. of Korea,False,False,False,False,8478.148,23.0
2846,M,826,458,United Kingdom,Malaysia,False,False,False,False,93033.412,5448.0
2846,M,826,490,United Kingdom,"Other Asia, nes",False,False,False,False,1169.614,9.0
2846,M,826,528,United Kingdom,Netherlands,False,False,True,False,9839.176,158.0
2846,M,826,579,United Kingdom,Norway,False,False,False,False,5804.567,4.0
2846,M,826,616,United Kingdom,Poland,False,False,False,False,492995.421,9197.041
2846,M,826,643,United Kingdom,Russian Federation,False,False,False,False,2410.076,111.313
2846,M,826,699,United Kingdom,India,False,False,False,False,30238.438,6304.0
2846,M,826,704,United Kingdom,Viet Nam,False,False,False,False,9645.276,9.0
2846,M,826,724,United Kingdom,Spain,False,False,False,False,1385.887,3.0
2846,M,826,757,United Kingdom,Switzerland,False,False,False,False,26126.766,37.0
2846,M,826,764,United Kingdom,Thailand,False,False,False,False,39164.047,25000.0
2846,M,826,826,United Kingdom,United Kingdom,False,False,False,False,9112.051,268.402
2846,M,826,842,United Kingdom,USA,False,False,False,False,974344.42,16731.822
2846,M,842,36,USA,Australia,False,False,False,False,91575.0,173.0
2846,M,842,40,USA,Austria,False,False,False,False,5929619.0,91324.0
2846,M,842,51,USA,Armenia,False,False,False,False,24549.0,40.0
2846,M,842,124,USA,Canada,False,False,False,False,138554.0,215.0
2846,M,842,156,USA,China,False,False,False,False,111168490.0,10997647.0
2846,M,842,203,USA,Czechia,False,False,False,False,14495.0,6.0
2846,M,842,233,USA,Estonia,False,False,False,False,2021606.0,667495.0
2846,M,842,251,USA,France,False,False,False,False,21075814.0,89366.0
2846,M,842,276,USA,Germany,False,False,False,False,1528945.0,2919.0
2846,M,842,380,USA,Italy,False,False,False,False,652213.0,5626.0
2846,M,842,392,USA,Japan,False,False,False,False,22472681.0,389434.0
2846,M,842,410,USA,Rep. of Korea,False,False,False,False,2405056.0,23737.0
2846,M,842,458,USA,Malaysia,False,False,False,False,5532521.0,2102358.0
2846,M,842,490,USA,"Other Asia, nes",False,False,False,False,77708.0,2323.0
2846,M,842,579,USA,Norway,False,False,False,False,22470.0,28.0
2846,M,842,616,USA,Poland,False,False,False,False,837170.0,18528.0
2846,M,842,643,USA,Russian Federation,False,False,False,False,1342765.0,5818.0
2846,M,842,699,USA,India,False,False,False,False,422574.0,2838.0
2846,M,842,702,USA,Singapore,False,False,True,False,33143.0,100.0
2846,M,842,710,USA,South Africa,False,False,False,False,5235876.0,212421.0
2846,M,842,724,USA,Spain,False,False,False,False,32819.0,2002.0
2846,M,842,757,USA,Switzerland,False,False,False,False,88595.0,82.0
2846,M,842,792,USA,Türkiye,False,False,False,False,116112.0,387.0
2846,M,842,826,USA,United Kingdom,False,False,False,False,3348.0,2.0
7403,M,36,56,Australia,Belgium,False,False,True,False,13164.136,1010.0
7403,M,36,76,Australia,Brazil,False,False,False,False,200962.607,23500.0
7403,M,36,124,Australia,Canada,False,False,False,False,400315.643,28726.0
7403,M,36,156,Australia,China,False,False,False,False,36417.908,1090.0
7403,M,36,251,Australia,France,False,False,False,False,1156.936,20.0
7403,M,36,276,Australia,Germany,False,False,False,False,52896.379,3982.0
7403,M,36,380,Australia,Italy,False,False,False,False,712794.033,104913.0
7403,M,36,392,Australia,Japan,False,False,False,False,1604921.637,192556.0
7403,M,36,410,Australia,Rep. of Korea,False,False,False,False,182960.992,12370.0
7403,M,36,458,Australia,Malaysia,False,False,False,False,18035.498,2000.0
7403,M,36,490,Australia,"Other Asia, nes",False,False,False,False,976.813,10.0
7403,M,36,528,Australia,Netherlands,False,False,True,False,23351.859,390.0
7403,M,36,554,Australia,New Zealand,False,False,False,False,6525404.091,689619.0
7403,M,36,579,Australia,Norway,False,False,False,False,9870.441,1911.0
7403,M,36,699,Australia,India,False,False,False,False,2508232.34,302660.0
7403,M,36,710,Australia,South Africa,False,False,False,False,90861.275,5120.0
7403,M,36,724,Australia,Spain,False,False,False,False,911758.069,77980.0
7403,M,36,752,Australia,Sweden,False,False,False,False,3020216.166,513480.0
7403,M,36,757,Australia,Switzerland,False,False,False,False,15539.522,3255.0
7403,M,36,792,Australia,Türkiye,False,False,False,False,91773.977,1840.0
7403,M,36,826,Australia,United Kingdom,False,False,False,False,18732.233,2267.0
7403,M,36,842,Australia,USA,False,False,False,False,1010936.574,107690.0
7403,M,40,36,Austria,Australia,False,False,False,False,276.805,25.0
7403,M,40,56,Austria,Belgium,False,False,True,False,12991.442,1396.707
7403,M,40,70,Austria,Bosnia Herzegovina,False,False,False,False,153184.407,14227.0
7403,M,40,76,Austria,Brazil,False,False,False,False,46489.144,5935.0
7403,M,40,156,Austria,China,False,False,False,False,111715.593,6886.831
7403,M,40,191,Austria,Croatia,False,False,False,False,351.412,14.0
7403,M,40,203,Austria,Czechia,False,False,False,False,3076.209,42.0
7403,M,40,208,Austria,Denmark,False,False,False,False,2829.68,46.0
7403,M,40,246,Austria,Finland,False,False,False,False,19647.732,840.0
7403,M,40,251,Austria,France,False,False,False,False,2808107.588,313717.0
7403,M,40,276,Austria,Germany,False,False,False,False,275379966.084,29295484.0
7403,M,40,348,Austria,Hungary,False,False,False,False,495.221,31.0
7403,M,40,364,Austria,Iran,False,False,False,False,48.657,6.0
7403,M,40,376,Austria,Israel,False,False,False,False,65.957,10.0
7403,M,40,380,Austria,Italy,False,False,False,False,1936411.533,158033.0
7403,M,40,392,Austria,Japan,False,False,False,False,1165.608,102.983
7403,M,40,442,Austria,Luxembourg,False,False,False,False,124.346,15.0
7403,M,40,490,Austria,"Other Asia, nes",False,False,False,False,12396.745,10404.0
7403,M,40,524,Austria,Nepal,False,False,False,False,210.847,6.0
7403,M,40,528,Austria,Netherlands,False,False,True,False,4909787.787,570081.0
7403,M,40,616,Austria,Poland,False,False,False,False,3131080.363,366296.0
7403,M,40,699,Austria,India,False,False,False,False,146753.021,18281.0
7403,M,40,703,Austria,Slovakia,False,False,False,False,2119108.086,233421.0
7403,M,40,705,Austria,Slovenia,False,False,False,False,15139.923,44.0
7403,M,40,724,Austria,Spain,False,False,False,False,1087644.861,116579.0
7403,M,40,757,Austria,Switzerland,False,False,False,False,464790.885,41174.0
7403,M,40,792,Austria,Türkiye,False,False,False,False,10818.093,362.18
7403,M,40,826,Austria,United Kingdom,False,False,False,False,3169.198,41.285
7403,M,40,842,Austria,USA,False,False,False,False,24127.428,1759.0
7403,M,56,40,Belgium,Austria,False,False,False,True,176179.211,20571.23
7403,M,56,76,Belgium,Brazil,False,False,False,True,239158.666,32996.0
7403,M,56,100,Belgium,Bulgaria,False,False,False,True,33287.772,3353.26
7403,M,56,156,Belgium,China,False,False,False,True,16622.085,495.95
7403,M,56,178,Belgium,Congo,False,False,False,True,1750408.272,202835.0
7403,M,56,180,Belgium,Dem. Rep. of the Congo,False,False,False,True,12132531.946,1448562.0
7403,M,56,203,Belgium,Czechia,False,False,False,True,137546.195,24004.82
7403,M,56,208,Belgium,Denmark,False,False,False,True,359987.396,66974.52
7403,M,56,218,Belgium,Ecuador,False,False,False,True,109253.483,17500.0
7403,M,56,246,Belgium,Finland,False,False,False,True,1845285.48,175891.62
7403,M,56,251,Belgium,France,False,False,False,True,10289845.482,1168747.94
7403,M,56,276,Belgium,Germany,False,False,False,True,267762222.75,28901866.97
7403,M,56,300,Belgium,Greece,False,False,False,True,74358.263,8837.59
7403,M,56,348,Belgium,Hungary,False,False,False,True,189240.708,23080.21
7403,M,56,380,Belgium,Italy,False,False,False,True,2862517.62,297690.42
7403,M,56,392,Belgium,Japan,False,False,False,True,25711.284,3034.03
7403,M,56,398,Belgium,Kazakhstan,False,False,False,True,1588408.154,185708.0
7403,M,56,428,Belgium,Latvia,False,False,False,True,47104.807,7728.74
7403,M,56,440,Belgium,Lithuania,False,False,False,True,79.156,1.27
7403,M,56,442,Belgium,Luxembourg,False,False,False,True,13222.448,1866.8
7403,M,56,484,Belgium,Mexico,False,False,False,True,133843.759,16971.0
7403,M,56,490,Belgium,"Other Asia, nes",False,False,False,True,1491.614,7.27
7403,M,56,516,Belgium,Namibia,False,False,False,True,742551.394,90095.0
7403,M,56,524,Belgium,Nepal,False,False,False,True,63.238,0.88
7403,M,56,528,Belgium,Netherlands,False,False,True,True,30281705.833,2469761.91
7403,M,56,554,Belgium,New Zealand,False,False,False,True,1437.905,501.05
7403,M,56,616,Belgium,Poland,False,False,False,True,351233.248,41046.81
7403,M,56,620,Belgium,Portugal,False,False,False,True,244820.578,28742.99
7403,M,56,688,Belgium,Serbia,False,False,False,True,181743.213,23705.6
7403,M,56,699,Belgium,India,False,False,False,True,25205.219,1143.46
7403,M,56,710,Belgium,South Africa,False,False,False,True,3700223.88,478725.0
7403,M,56,724,Belgium,Spain,False,False,False,True,487516.608,39750.67
7403,M,56,752,Belgium,Sweden,False,False,False,True,82910.192,13232.58
7403,M,56,757,Belgium,Switzerland,False,False,False,True,620339.121,101329.532
7403,M,56,792,Belgium,Türkiye,False,False,False,True,6515.315,125.54
7403,M,56,818,Belgium,Egypt,False,False,False,True,2089303.876,293234.0
7403,M,56,826,Belgium,United Kingdom,False,False,False,True,425851.439,64658.1
7403,M,56,842,Belgium,USA,False,False,False,True,7027586.638,1029822.561
7403,M,76,32,Brazil,Argentina,False,False,False,False,6.0,0.306
7403,M,76,36,Brazil,Australia,False,False,False,False,1516826.0,115200.0
7403,M,76,40,Brazil,Austria,False,False,False,False,1050.0,4.0
7403,M,76,56,Brazil,Belgium,False,False,True,False,21864.0,2573.345
7403,M,76,60,Brazil,Bermuda,False,False,False,False,661.0,69.0
7403,M,76,76,Brazil,Brazil,False,False,False,False,1192.0,122.386
7403,M,76,124,Brazil,Canada,False,False,False,False,3734.0,3.0
7403,M,76,152,Brazil,Chile,False,False,False,False,1635969863.0,193925061.0
7403,M,76,156,Brazil,China,False,False,False,False,100141.0,8079.68
7403,M,76,180,Brazil,Dem. Rep. of the Congo,False,False,False,False,2518282.0,295108.0
7403,M,76,246,Brazil,Finland,False,False,False,False,512.0,1.0
7403,M,76,251,Brazil,France,False,False,False,False,98078.0,9307.158
7403,M,76,276,Brazil,Germany,False,False,False,False,69867.0,2808.085
7403,M,76,380,Brazil,Italy,False,False,False,False,510256.0,24023.788
7403,M,76,392,Brazil,Japan,False,False,False,False,2967.0,20.215
7403,M,76,410,Brazil,Rep. of Korea,False,False,False,False,70129.0,1087.357
7403,M,76,458,Brazil,Malaysia,False,False,False,False,1696.0,86.54
7403,M,76,490,Brazil,"Other Asia, nes",False,False,False,False,9.0,0.623
7403,M,76,528,Brazil,Netherlands,False,False,True,False,33.0,1.684
7403,M,76,579,Brazil,Norway,False,False,False,False,35337.0,43.0
7403,M,76,604,Brazil,Peru,False,False,False,False,355781800.0,41181530.0
7403,M,76,616,Brazil,Poland,False,False,False,False,1659.0,2.0
7403,M,76,699,Brazil,India,False,False,False,False,1894.0,10.0
7403,M,76,702,Brazil,Singapore,False,False,True,False,25059.0,0.0
7403,M,76,724,Brazil,Spain,False,False,False,False,68488.0,7000.0
7403,M,76,752,Brazil,Sweden,False,False,False,False,73.0,1.306
7403,M,76,757,Brazil,Switzerland,False,False,False,False,1713.0,1.0
7403,M,76,826,Brazil,United Kingdom,False,False,False,False,21525.0,852.375
7403,M,76,842,Brazil,USA,False,False,False,False,552053.0,24885.304
7403,M,124,32,Canada,Argentina,False,False,False,False,156.307,7.0
7403,M,124,36,Canada,Australia,False,False,False,False,72.598,4.0
7403,M,124,40,Canada,Austria,False,False,False,False,1593201.886,168397.0
7403,M,124,48,Canada,Bahrain,False,False,False,False,81895.171,14451.0
7403,M,124,56,Canada,Belgium,False,False,True,False,1138.596,76.0
7403,M,124,76,Canada,Brazil,False,False,False,False,5752.982,419.0
7403,M,124,100,Canada,Bulgaria,False,False,False,False,480.773,18.0
7403,M,124,124,Canada,Canada,False,False,False,False,4688.465,179.0
7403,M,124,156,Canada,China,False,False,False,False,230298.547,31445.119
7403,M,124,180,Canada,Dem. Rep. of the Congo,False,False,False,False,121407977.15,13706854.0
7403,M,124,208,Canada,Denmark,False,False,False,False,9370.264,818.0
7403,M,124,246,Canada,Finland,False,False,False,False,1543299.25,142875.0
7403,M,124,251,Canada,France,False,False,False,False,285903.051,9723.0
7403,M,124,276,Canada,Germany,False,False,False,False,6844058.692,848698.0
7403,M,124,344,Canada,"China, Hong Kong SAR",False,False,True,False,993.401,36.0
7403,M,124,348,Canada,Hungary,False,False,False,False,399.286,3.0
7403,M,124,360,Canada,Indonesia,False,False,False,False,29.632,2.0
7403,M,124,364,Canada,Iran,False,False,False,False,711.159,72.0
7403,M,124,380,Canada,Italy,False,False,False,False,93018.146,10042.541
7403,M,124,392,Canada,Japan,False,False,False,False,4478.081,676.0
7403,M,124,410,Canada,Rep. of Korea,False,False,False,False,975.622,75.0
7403,M,124,458,Canada,Malaysia,False,False,False,False,5207.76,259.0
7403,M,124,484,Canada,Mexico,False,False,False,False,20151.734,1002.0
7403,M,124,490,Canada,"Other Asia, nes",False,False,False,False,17677.493,2502.0
7403,M,124,528,Canada,Netherlands,False,False,True,False,437.807,33.0
7403,M,124,554,Canada,New Zealand,False,False,False,False,27558.902,2490.0
7403,M,124,616,Canada,Poland,False,False,False,False,741.532,4.0
7403,M,124,699,Canada,India,False,False,False,False,30566.513,1754.361
7403,M,124,704,Canada,Viet Nam,False,False,False,False,88.154,4.0
7403,M,124,710,Canada,South Africa,False,False,False,False,9156.175,733.0
7403,M,124,724,Canada,Spain,False,False,False,False,946821.849,99107.0
7403,M,124,752,Canada,Sweden,False,False,False,False,1378303.64,49570.0
7403,M,124,757,Canada,Switzerland,False,False,False,False,5024.784,138.0
7403,M,124,826,Canada,United Kingdom,False,False,False,False,61881.965,1106.0
7403,M,124,842,Canada,USA,False,False,False,False,81600765.621,10732870.0
7403,M,152,32,Chile,Argentina,False,False,False,False,772.46,21.56
7403,M,152,56,Chile,Belgium,False,False,True,False,554.82,89.231
7403,M,152,76,Chile,Brazil,False,False,False,False,33.19,1.0
7403,M,152,152,Chile,Chile,False,False,False,False,58.88,0.41
7403,M,152,156,Chile,China,False,False,False,False,122778.16,14075.439
7403,M,152,170,Chile,Colombia,False,False,False,False,136.99,1.67
7403,M,152,251,Chile,France,False,False,False,False,190240.0,16189.231
7403,M,152,276,Chile,Germany,False,False,False,False,8498.64,30.065
7403,M,152,380,Chile,Italy,False,False,False,False,9712.86,135.025
7403,M,152,604,Chile,Peru,False,False,False,False,805.14,27.69
7403,M,152,616,Chile,Poland,False,False,False,False,5996.51,6.569
7403,M,152,620,Chile,Portugal,False,False,False,False,242648.14,20214.5
7403,M,152,699,Chile,India,False,False,False,False,1741.24,4.0
7403,M,152,724,Chile,Spain,False,False,False,False,1718133.067,128703.5
7403,M,152,792,Chile,Türkiye,False,False,False,False,1305.1,79.12
7403,M,152,826,Chile,United Kingdom,False,False,False,False,2779.731,179.291
7403,M,152,842,Chile,USA,False,False,False,False,39624.1,2541.075
7403,M,152,899,Chile,"Areas, nes",False,False,False,False,665.26,1.738
7403,M,156,12,China,Algeria,False,False,False,False,20554294.0,3233525.0
7403,M,156,24,China,Angola,False,False,False,False,26244259.0,3458734.0
7403,M,156,36,China,Australia,False,False,False,False,1678884071.0,194698277.0
7403,M,156,40,China,Austria,False,False,False,False,214158.0,21000.0
7403,M,156,50,China,Bangladesh,False,False,False,False,38742.0,6470.0
7403,M,156,56,China,Belgium,False,False,True,False,52754596.0,6284562.0
7403,M,156,68,China,Bolivia (Plurinational State of),False,False,False,False,6135894.0,731892.0
7403,M,156,76,China,Brazil,False,False,False,False,24983978.0,3619066.0
7403,M,156,100,China,Bulgaria,False,False,False,False,106510950.0,12546838.0
7403,M,156,104,China,Myanmar,False,False,False,False,56376467.0,6788365.0
7403,M,156,112,China,Belarus,False,False,False,False,10979946.0,1889476.0
7403,M,156,116,China,Cambodia,False,False,False,False,406229.0,55104.0
7403,M,156,120,China,Cameroon,False,False,False,False,14647090.0,1984849.0
7403,M,156,124,China,Canada,False,False,False,False,2006291.0,278321.546
7403,M,156,144,China,Sri Lanka,False,False,False,False,5561777.0,988634.0
7403,M,156,152,China,Chile,False,False,False,False,6510101073.0,756719270.0
7403,M,156,156,China,China,False,False,False,False,922906615.0,107968965.78
7403,M,156,178,China,Congo,False,False,False,False,84250208.0,9946391.0
7403,M,156,180,China,Dem. Rep. of the Congo,False,False,False,False,7412441723.0,870293591.0
7403,M,156,188,China,Costa Rica,False,False,False,False,149248.0,17632.0
7403,M,156,192,China,Cuba,False,False,False,False,257929.0,48755.0
7403,M,156,203,China,Czechia,False,False,False,False,59.0,1.0
7403,M,156,218,China,Ecuador,False,False,False,False,131254.0,23374.0
7403,M,156,231,China,Ethiopia,False,False,False,False,1285625.0,198645.0
7403,M,156,246,China,Finland,False,False,False,False,3949678.0,385111.0
7403,M,156,251,China,France,False,False,False,False,1650711.0,240066.0
7403,M,156,262,China,Djibouti,False,False,False,False,405091.0,77924.0
7403,M,156,266,China,Gabon,False,False,False,False,10420510.0,1342315.0
7403,M,156,276,China,Germany,False,False,False,False,10258181.0,1099705.973
7403,M,156,288,China,Ghana,False,False,False,False,3476347.0,525840.0
7403,M,156,300,China,Greece,False,False,False,False,1876078.0,249870.0
7403,M,156,324,China,Guinea,False,False,False,False,7254496.0,893280.0
7403,M,156,344,China,"China, Hong Kong SAR",False,False,True,False,1973507.0,191302.036
7403,M,156,360,China,Indonesia,False,False,False,False,275417804.0,39687044.0
7403,M,156,364,China,Iran,False,False,False,False,445557510.0,52412998.0
7403,M,156,380,China,Italy,False,False,False,False,16721107.0,2718771.0
7403,M,156,392,China,Japan,False,False,False,False,1747757580.0,203312427.0
7403,M,156,398,China,Kazakhstan,False,False,False,False,2154233161.0,251927241.0
7403,M,156,410,China,Rep. of Korea,False,False,False,False,1550313702.0,187001558.0
7403,M,156,418,China,Lao People's Dem. Rep.,False,False,False,False,57875668.0,6713512.0
7403,M,156,422,China,Lebanon,False,False,False,False,4868503.0,781515.0
7403,M,156,428,China,Latvia,False,False,False,False,9762029.0,1633673.0
7403,M,156,458,China,Malaysia,False,False,False,False,839769670.0,131346431.0
7403,M,156,480,China,Mauritius,False,False,False,False,7020067.0,830330.0
7403,M,156,484,China,Mexico,False,False,False,False,190119462.0,22542143.0
7403,M,156,490,China,"Other Asia, nes",False,False,False,False,60493834.0,8995866.0
7403,M,156,496,China,Mongolia,False,False,False,False,82396372.0,9992406.0
7403,M,156,504,China,Morocco,False,False,False,False,35252475.0,5686870.0
7403,M,156,512,China,Oman,False,False,False,False,1511625.0,175209.0
7403,M,156,516,China,Namibia,False,False,False,False,2565924.0,434480.0
7403,M,156,528,China,Netherlands,False,False,True,False,238731.0,10579.0
7403,M,156,554,China,New Zealand,False,False,False,False,1050501.0,99597.0
7403,M,156,566,China,Nigeria,False,False,False,False,40499682.0,6804137.0
7403,M,156,586,China,Pakistan,False,False,False,False,649429625.0,79205155.0
7403,M,156,600,China,Paraguay,False,False,False,False,199066.0,24400.0
7403,M,156,604,China,Peru,False,False,False,False,1206237217.0,140463793.0
7403,M,156,608,China,Philippines,False,False,False,False,844716275.0,98497276.0
7403,M,156,616,China,Poland,False,False,False,False,795339681.0,97418861.0
7403,M,156,620,China,Portugal,False,False,False,False,538354.0,89080.0
7403,M,156,626,China,Timor-Leste,False,False,False,False,28007.0,4093.0
7403,M,156,634,China,Qatar,False,False,False,False,123591222.0,14987942.0
7403,M,156,642,China,Romania,False,False,False,False,25746092.0,4428257.0
7403,M,156,643,China,Russian Federation,False,False,False,False,3161844043.0,383310832.0
7403,M,156,682,China,Saudi Arabia,False,False,False,False,1140341.0,142784.0
7403,M,156,688,China,Serbia,False,False,False,False,270276494.0,31791942.0
7403,M,156,699,China,India,False,False,False,False,284178498.0,39183790.0
7403,M,156,702,China,Singapore,False,False,True,False,1874066.0,142429.0
7403,M,156,704,China,Viet Nam,False,False,False,False,73893355.0,12461632.0
7403,M,156,710,China,South Africa,False,False,False,False,302701087.0,39181649.0
7403,M,156,724,China,Spain,False,False,False,False,1171324.0,169498.0
7403,M,156,757,China,Switzerland,False,False,False,False,295917.0,22537.196
7403,M,156,762,China,Tajikistan,False,False,False,False,5523094.0,650090.0
7403,M,156,764,China,Thailand,False,False,False,False,397772110.0,57680566.0
7403,M,156,784,China,United Arab Emirates,False,False,True,False,230707068.0,28671864.0
7403,M,156,792,China,Türkiye,False,False,False,False,170611209.0,24505432.0
7403,M,156,804,China,Ukraine,False,False,False,False,821622.0,146958.0
7403,M,156,818,China,Egypt,False,False,False,False,15298702.0,2118060.0
7403,M,156,826,China,United Kingdom,False,False,False,False,284052.0,43330.303
7403,M,156,834,China,United Rep. of Tanzania,False,False,False,False,53520005.0,6174438.0
7403,M,156,842,China,USA,False,False,False,False,21816043.0,2859470.74
7403,M,156,860,China,Uzbekistan,False,False,False,False,423086212.0,50467400.0
7403,M,156,862,China,Venezuela,False,False,False,False,10321375.0,1639867.0
7403,M,156,887,China,Yemen,False,False,False,False,2064060.0,332480.0
7403,M,156,894,China,Zambia,False,False,False,False,625511012.0,72562659.0
7403,M,156,899,China,"Areas, nes",False,False,False,False,24510649.0,3508783.0
7403,M,203,40,Czechia,Austria,False,False,False,False,155528.0,19465.0
7403,M,203,56,Czechia,Belgium,False,False,True,False,15886.0,1017.329
7403,M,203,100,Czechia,Bulgaria,False,False,False,False,2899.0,23.0
7403,M,203,156,Czechia,China,False,False,False,False,166204.0,0.0
7403,M,203,178,Czechia,Congo,False,False,False,False,186620.0,20334.0
7403,M,203,180,Czechia,Dem. Rep. of the Congo,False,False,False,False,44027.0,5029.0
7403,M,203,208,Czechia,Denmark,False,False,False,False,97496.0,7633.989
7403,M,203,246,Czechia,Finland,False,False,False,False,130823.0,14023.0
7403,M,203,251,Czechia,France,False,False,False,False,142695.0,9876.0
7403,M,203,276,Czechia,Germany,False,False,False,False,7921540.0,3034081.0
7403,M,203,300,Czechia,Greece,False,False,False,False,196761.0,19198.0
7403,M,203,348,Czechia,Hungary,False,False,False,False,33213.0,23240.0
7403,M,203,380,Czechia,Italy,False,False,False,False,1345635.0,128550.8
7403,M,203,392,Czechia,Japan,False,False,False,False,753.0,523.531
7403,M,203,410,Czechia,Rep. of Korea,False,False,False,False,701.0,11.0
7403,M,203,484,Czechia,Mexico,False,False,False,False,3249.0,12.0
7403,M,203,528,Czechia,Netherlands,False,False,True,False,1188075.0,73685.0
7403,M,203,568,Czechia,"Other Europe, nes",False,False,False,False,7831.0,47.0
7403,M,203,616,Czechia,Poland,False,False,False,False,17318085.0,2010197.323
7403,M,203,642,Czechia,Romania,False,False,False,False,17595.0,42075.0
7403,M,203,643,Czechia,Russian Federation,False,False,False,False,596.0,30.0
7403,M,203,699,Czechia,India,False,False,False,False,7082.0,450.0
7403,M,203,703,Czechia,Slovakia,False,False,False,False,3944037.0,598897.0
7403,M,203,705,Czechia,Slovenia,False,False,False,False,1271.0,299.0
7403,M,203,724,Czechia,Spain,False,False,False,False,1407781.0,107819.0
7403,M,203,752,Czechia,Sweden,False,False,False,False,532.0,19.0
7403,M,203,757,Czechia,Switzerland,False,False,False,False,3652.0,262.336
7403,M,203,792,Czechia,Türkiye,False,False,False,False,29039.0,1744.0
7403,M,203,826,Czechia,United Kingdom,False,False,False,False,27992.0,1107.904
7403,M,203,842,Czechia,USA,False,False,False,False,55256.0,2048.893
7403,M,208,40,Denmark,Austria,False,False,False,False,8124.298,261.0
7403,M,208,56,Denmark,Belgium,False,False,True,False,1005.413,32.0
7403,M,208,124,Denmark,Canada,False,False,False,False,43.543,1.0
7403,M,208,156,Denmark,China,False,False,False,False,310909.198,78944.0
7403,M,208,203,Denmark,Czechia,False,False,False,False,212.781,8.0
7403,M,208,251,Denmark,France,False,False,False,False,4573.492,285.0
7403,M,208,276,Denmark,Germany,False,False,False,False,6332073.056,620406.0
7403,M,208,360,Denmark,Indonesia,False,False,False,False,498.135,1.0
7403,M,208,380,Denmark,Italy,False,False,False,False,557802.864,50718.0
7403,M,208,392,Denmark,Japan,False,False,False,False,4397.722,19.0
7403,M,208,490,Denmark,"Other Asia, nes",False,False,False,False,8285.698,293.0
7403,M,208,524,Denmark,Nepal,False,False,False,False,510.907,3.0
7403,M,208,528,Denmark,Netherlands,False,False,True,False,672641.343,17540.0
7403,M,208,579,Denmark,Norway,False,False,False,False,52133.017,578.0
7403,M,208,616,Denmark,Poland,False,False,False,False,1810.383,239.0
7403,M,208,699,Denmark,India,False,False,False,False,39765.721,2607.0
7403,M,208,703,Denmark,Slovakia,False,False,False,False,183340.272,8525.0
7403,M,208,724,Denmark,Spain,False,False,False,False,4401685.459,472563.0
7403,M,208,752,Denmark,Sweden,False,False,False,False,410229.446,29438.0
7403,M,208,757,Denmark,Switzerland,False,False,False,False,13198.537,368.0
7403,M,208,764,Denmark,Thailand,False,False,False,False,1234.596,2.0
7403,M,208,792,Denmark,Türkiye,False,False,False,False,69817.67,1479.0
7403,M,208,804,Denmark,Ukraine,False,False,False,False,5.951,1.0
7403,M,208,807,Denmark,North Macedonia,False,False,False,False,334.993,374.0
7403,M,208,826,Denmark,United Kingdom,False,False,False,False,2723221.351,314280.0
7403,M,208,842,Denmark,USA,False,False,False,False,6767.055,45.0
7403,M,208,899,Denmark,"Areas, nes",False,False,False,False,1877.585,25.0
7403,M,246,36,Finland,Australia,False,False,False,False,127055.55,450.0
7403,M,246,56,Finland,Belgium,False,False,True,False,174581611.922,11530367.0
7403,M,246,156,Finland,China,False,False,False,False,4384.544,146.647
7403,M,246,208,Finland,Denmark,False,False,False,False,658556.384,68803.0
7403,M,246,233,Finland,Estonia,False,False,False,False,91.908,18.959
7403,M,246,251,Finland,France,False,False,False,False,21445.882,2559.0
7403,M,246,276,Finland,Germany,False,False,False,False,67658166.215,8041402.911
7403,M,246,360,Finland,Indonesia,False,False,False,False,19482708.877,2250157.0
7403,M,246,376,Finland,Israel,False,False,False,False,1594.871,216.35
7403,M,246,380,Finland,Italy,False,False,False,False,96931.407,7222.576
7403,M,246,392,Finland,Japan,False,False,False,False,3694.695,221.0
7403,M,246,528,Finland,Netherlands,False,False,True,False,11387.921,123.346
7403,M,246,579,Finland,Norway,False,False,False,False,9237.278,270.65
7403,M,246,616,Finland,Poland,False,False,False,False,73.526,15.167
7403,M,246,699,Finland,India,False,False,False,False,484269.939,43961.0
7403,M,246,724,Finland,Spain,False,False,False,False,2561550.23,127972.0
7403,M,246,752,Finland,Sweden,False,False,False,False,1472835.994,121882.0
7403,M,246,757,Finland,Switzerland,False,False,False,False,9.731,2.007
7403,M,246,792,Finland,Türkiye,False,False,False,False,3141.085,73.497
7403,M,246,826,Finland,United Kingdom,False,False,False,False,1227864.857,22121.0
7403,M,246,842,Finland,USA,False,False,False,False,16458776.829,428076.682
7403,M,276,40,Germany,Austria,False,False,False,False,302659310.126,33664347.0
7403,M,276,56,Germany,Belgium,False,False,True,False,777688016.395,90288219.0
7403,M,276,76,Germany,Brazil,False,False,False,False,2766.104,250.0
7403,M,276,100,Germany,Bulgaria,False,False,False,False,28853437.168,3517534.634
7403,M,276,152,Germany,Chile,False,False,False,False,328108531.883,38465582.0
7403,M,276,156,Germany,China,False,False,False,False,18528385.915,2119421.122
7403,M,276,178,Germany,Congo,False,False,False,False,39189744.733,4551460.0
7403,M,276,180,Germany,Dem. Rep. of the Congo,False,False,False,False,168415095.562,19175336.0
7403,M,276,191,Germany,Croatia,False,False,False,False,107383.075,9484.0
7403,M,276,203,Germany,Czechia,False,False,False,False,6552613.589,716675.469
7403,M,276,208,Germany,Denmark,False,False,False,False,1118285.764,223840.0
7403,M,276,246,Germany,Finland,False,False,False,False,307804348.346,38093084.0
7403,M,276,251,Germany,France,False,False,False,False,106077648.993,12364620.242
7403,M,276,300,Germany,Greece,False,False,False,False,338828.714,34256.0
7403,M,276,344,Germany,"China, Hong Kong SAR",False,False,True,False,9893490.986,855893.0
7403,M,276,348,Germany,Hungary,False,False,False,False,3305805.548,326296.484
7403,M,276,360,Germany,Indonesia,False,False,False,False,9052.805,356.0
7403,M,276,372,Germany,Ireland,False,False,False,False,138153.67,1755.0
7403,M,276,380,Germany,Italy,False,False,False,False,72703265.426,8018698.0
7403,M,276,384,Germany,Côte d'Ivoire,False,False,False,False,16542175.733,2003030.0
7403,M,276,392,Germany,Japan,False,False,False,False,6181689.559,589240.0
7403,M,276,398,Germany,Kazakhstan,False,False,False,False,22611273.828,2575576.0
7403,M,276,410,Germany,Rep. of Korea,False,False,False,False,3205.497,314.0
7403,M,276,428,Germany,Latvia,False,False,False,False,30417.336,3284.0
7403,M,276,442,Germany,Luxembourg,False,False,False,False,17498479.205,1928370.0
7403,M,276,470,Germany,Malta,False,False,False,False,114361.028,20390.0
7403,M,276,490,Germany,"Other Asia, nes",False,False,False,False,1477388.704,193543.0
7403,M,276,528,Germany,Netherlands,False,False,True,False,38166570.658,4298697.0
7403,M,276,554,Germany,New Zealand,False,False,False,False,6187.482,974.0
7403,M,276,579,Germany,Norway,False,False,False,False,36542263.32,4528422.0
7403,M,276,586,Germany,Pakistan,False,False,False,False,1346.527,61.0
7403,M,276,616,Germany,Poland,False,False,False,False,956779296.02,110218315.903
7403,M,276,620,Germany,Portugal,False,False,False,False,5277752.357,564553.0
7403,M,276,642,Germany,Romania,False,False,False,False,1461560.743,175390.0
7403,M,276,643,Germany,Russian Federation,False,False,False,False,109706952.474,12426258.0
7403,M,276,688,Germany,Serbia,False,False,False,False,8845303.128,1051048.0
7403,M,276,699,Germany,India,False,False,False,False,1657545.294,166601.239
7403,M,276,702,Germany,Singapore,False,False,True,False,21169770.341,2572500.0
7403,M,276,703,Germany,Slovakia,False,False,False,False,152710.335,9311.0
7403,M,276,704,Germany,Viet Nam,False,False,False,False,64640164.736,7211081.916
7403,M,276,705,Germany,Slovenia,False,False,False,False,70609.259,18503.0
7403,M,276,710,Germany,South Africa,False,False,False,False,7061892.995,874000.0
7403,M,276,724,Germany,Spain,False,False,False,False,87817092.204,9864853.452
7403,M,276,752,Germany,Sweden,False,False,False,False,633157261.251,69184688.434
7403,M,276,757,Germany,Switzerland,False,False,False,False,9565241.504,815334.104
7403,M,276,764,Germany,Thailand,False,False,False,False,6798.053,270.0
7403,M,276,784,Germany,United Arab Emirates,False,False,True,False,741.408,215.0
7403,M,276,788,Germany,Tunisia,False,False,False,False,455308.206,54114.0
7403,M,276,792,Germany,Türkiye,False,False,False,False,3171000.206,283763.746
7403,M,276,804,Germany,Ukraine,False,False,False,False,160732.801,22950.0
7403,M,276,826,Germany,United Kingdom,False,False,False,False,8405603.733,1027964.647
7403,M,276,842,Germany,USA,False,False,False,False,9894991.246,600638.492
7403,M,276,860,Germany,Uzbekistan,False,False,False,False,2524361.962,297000.0
7403,M,276,894,Germany,Zambia,False,False,False,False,10635927.811,1285939.0
7403,M,360,36,Indonesia,Australia,False,False,False,False,80864677.0,9413075.0
7403,M,360,152,Indonesia,Chile,False,False,False,False,78472494.0,9024059.0
7403,M,360,156,Indonesia,China,False,False,False,False,127149137.0,14972207.0
7403,M,360,246,Indonesia,Finland,False,False,False,False,372.0,8.0
7403,M,360,251,Indonesia,France,False,False,False,False,4057.0,430.0
7403,M,360,276,Indonesia,Germany,False,False,False,False,268410.0,19728.0
7403,M,360,344,Indonesia,"China, Hong Kong SAR",False,False,True,False,30052.0,343.0
7403,M,360,380,Indonesia,Italy,False,False,False,False,404960.0,15988.0
7403,M,360,392,Indonesia,Japan,False,False,False,False,331752172.0,38247696.0
7403,M,360,410,Indonesia,Rep. of Korea,False,False,False,False,15185961.0,1847362.0
7403,M,360,458,Indonesia,Malaysia,False,False,False,False,154712.0,16954.0
7403,M,360,490,Indonesia,"Other Asia, nes",False,False,False,False,7322914.0,915896.0
7403,M,360,528,Indonesia,Netherlands,False,False,True,False,13216.0,509.0
7403,M,360,554,Indonesia,New Zealand,False,False,False,False,705584.0,70595.0
7403,M,360,608,Indonesia,Philippines,False,False,False,False,127894588.0,14982728.0
7403,M,360,616,Indonesia,Poland,False,False,False,False,1833.0,10.0
7403,M,360,699,Indonesia,India,False,False,False,False,36256855.0,3045597.0
7403,M,360,702,Indonesia,Singapore,False,False,True,False,228028.0,28749.0
7403,M,360,704,Indonesia,Viet Nam,False,False,False,False,6098.0,223.0
7403,M,360,710,Indonesia,South Africa,False,False,False,False,3085692.0,368975.0
7403,M,360,724,Indonesia,Spain,False,False,False,False,618219.0,65252.0
7403,M,360,752,Indonesia,Sweden,False,False,False,False,1658.0,33.0
7403,M,360,757,Indonesia,Switzerland,False,False,False,False,3508253.0,391093.0
7403,M,360,764,Indonesia,Thailand,False,False,False,False,1409516.0,37983.0
7403,M,360,792,Indonesia,Türkiye,False,False,False,False,74.0,1.0
7403,M,360,826,Indonesia,United Kingdom,False,False,False,False,208031.0,24005.0
7403,M,360,842,Indonesia,USA,False,False,False,False,12104.0,212.0
7403,M,372,32,Ireland,Argentina,False,False,False,False,18.382,1.0
7403,M,372,124,Ireland,Canada,False,False,False,False,9.731,0.459
7403,M,372,156,Ireland,China,False,False,False,False,134255.718,6277.044
7403,M,372,251,Ireland,France,False,False,False,False,3857.966,264.0
7403,M,372,276,Ireland,Germany,False,False,False,False,82414.294,8504.0
7403,M,372,372,Ireland,Ireland,False,False,False,False,475.758,2.0
7403,M,372,380,Ireland,Italy,False,False,False,False,156515.795,24293.0
7403,M,372,392,Ireland,Japan,False,False,False,False,528.74,60.72
7403,M,372,490,Ireland,"Other Asia, nes",False,False,False,False,342.762,31.0
7403,M,372,528,Ireland,Netherlands,False,False,True,False,54783.556,4164.0
7403,M,372,554,Ireland,New Zealand,False,False,False,False,657.411,83.0
7403,M,372,579,Ireland,Norway,False,False,False,False,973.142,7.0
7403,M,372,608,Ireland,Philippines,False,False,False,False,35.682,4.0
7403,M,372,616,Ireland,Poland,False,False,False,False,7961.381,163.0
7403,M,372,642,Ireland,Romania,False,False,False,False,1125.601,124.0
7403,M,372,688,Ireland,Serbia,False,False,False,False,1460.794,142.0
7403,M,372,699,Ireland,India,False,False,False,False,199949.274,8918.0
7403,M,372,724,Ireland,Spain,False,False,False,False,201493.326,18364.0
7403,M,372,757,Ireland,Switzerland,False,False,False,False,1481.338,187.0
7403,M,372,792,Ireland,Türkiye,False,False,False,False,633.623,56.679
7403,M,372,804,Ireland,Ukraine,False,False,False,False,441.158,17.67
7403,M,372,826,Ireland,United Kingdom,False,False,False,False,255328.609,21834.051
7403,M,372,842,Ireland,USA,False,False,False,False,24995.687,351.0
7403,M,380,12,Italy,Algeria,False,False,False,False,401928.09,50378.0
7403,M,380,40,Italy,Austria,False,False,False,False,388079989.918,45355422.0
7403,M,380,56,Italy,Belgium,False,False,True,False,54336240.479,5908173.0
7403,M,380,100,Italy,Bulgaria,False,False,False,False,832454162.069,96156383.0
7403,M,380,152,Italy,Chile,False,False,False,False,290238615.652,33448830.0
7403,M,380,156,Italy,China,False,False,False,False,5215960.89,554955.0
7403,M,380,178,Italy,Congo,False,False,False,False,66646435.061,7372318.0
7403,M,380,180,Italy,Dem. Rep. of the Congo,False,False,False,False,502769304.726,57044261.0
7403,M,380,191,Italy,Croatia,False,False,False,False,257890.135,49556.0
7403,M,380,203,Italy,Czechia,False,False,False,False,479418.287,42341.0
7403,M,380,208,Italy,Denmark,False,False,False,False,5799.925,120.0
7403,M,380,233,Italy,Estonia,False,False,False,False,18165.313,800.0
7403,M,380,246,Italy,Finland,False,False,False,False,96928290.492,11173709.0
7403,M,380,251,Italy,France,False,False,False,False,215638654.077,27260949.0
7403,M,380,276,Italy,Germany,False,False,False,False,344413946.06,38923089.0
7403,M,380,300,Italy,Greece,False,False,False,False,2383223.084,316136.0
7403,M,380,348,Italy,Hungary,False,False,False,False,269499.716,39599.0
7403,M,380,364,Italy,Iran,False,False,False,False,241175.884,25000.0
7403,M,380,376,Italy,Israel,False,False,False,False,5665.848,592.0
7403,M,380,392,Italy,Japan,False,False,False,False,1272047.655,117326.0
7403,M,380,398,Italy,Kazakhstan,False,False,False,False,72838768.54,8658167.0
7403,M,380,410,Italy,Rep. of Korea,False,False,False,False,124488.619,19980.0
7403,M,380,440,Italy,Lithuania,False,False,False,False,77508.578,10139.0
7403,M,380,490,Italy,"Other Asia, nes",False,False,False,False,198712.303,20853.0
7403,M,380,504,Italy,Morocco,False,False,False,False,601117.233,74750.0
7403,M,380,516,Italy,Namibia,False,False,False,False,75029.23,9299.0
7403,M,380,528,Italy,Netherlands,False,False,True,False,59886073.331,6978717.0
7403,M,380,554,Italy,New Zealand,False,False,False,False,823194.67,75710.0
7403,M,380,579,Italy,Norway,False,False,False,False,8645483.286,1010672.0
7403,M,380,604,Italy,Peru,False,False,False,False,491287841.991,56496484.0
7403,M,380,616,Italy,Poland,False,False,False,False,519556401.203,60123540.0
7403,M,380,620,Italy,Portugal,False,False,False,False,3121431.121,285178.0
7403,M,380,642,Italy,Romania,False,False,False,False,87335.148,11751.0
7403,M,380,643,Italy,Russian Federation,False,False,False,False,246349224.947,28605267.0
7403,M,380,682,Italy,Saudi Arabia,False,False,False,False,409200.703,45956.0
7403,M,380,688,Italy,Serbia,False,False,False,False,2015670.686,234191.0
7403,M,380,699,Italy,India,False,False,False,False,717858.562,101469.0
7403,M,380,702,Italy,Singapore,False,False,True,False,1981.965,35.0
7403,M,380,703,Italy,Slovakia,False,False,False,False,10286428.438,1027130.0
7403,M,380,705,Italy,Slovenia,False,False,False,False,27068253.729,3507343.0
7403,M,380,710,Italy,South Africa,False,False,False,False,43265969.062,5438216.0
7403,M,380,724,Italy,Spain,False,False,False,False,531218538.518,61211940.0
7403,M,380,752,Italy,Sweden,False,False,False,False,134427030.077,15116003.863
7403,M,380,757,Italy,Switzerland,False,False,False,False,1305662.134,73989.966
7403,M,380,764,Italy,Thailand,False,False,False,False,44863.998,447.0
7403,M,380,788,Italy,Tunisia,False,False,False,False,147145.521,19550.0
7403,M,380,792,Italy,Türkiye,False,False,False,False,13773695.984,1819122.0
7403,M,380,826,Italy,United Kingdom,False,False,False,False,385383.599,37984.0
7403,M,380,842,Italy,USA,False,False,False,False,1285904.113,124889.0
7403,M,380,860,Italy,Uzbekistan,False,False,False,False,222277.471,24377.0
7403,M,380,894,Italy,Zambia,False,False,False,False,7182190.569,811360.0
7403,M,392,36,Japan,Australia,False,False,False,False,2622034.809,297190.0
7403,M,392,40,Japan,Austria,False,False,False,False,16394655.711,1814349.494
7403,M,392,56,Japan,Belgium,False,False,True,False,11331.665,0.0
7403,M,392,156,Japan,China,False,False,False,False,11979.392,600.0
7403,M,392,180,Japan,Dem. Rep. of the Congo,False,False,False,False,34723232.301,4042880.0
7403,M,392,246,Japan,Finland,False,False,False,False,127146.69,12654.0
7403,M,392,251,Japan,France,False,False,False,False,10185.686,295.0
7403,M,392,276,Japan,Germany,False,False,False,False,5204366.084,565212.0
7403,M,392,344,Japan,"China, Hong Kong SAR",False,False,True,False,117053.537,57.0
7403,M,392,360,Japan,Indonesia,False,False,False,False,13510127.723,1540001.0
7403,M,392,380,Japan,Italy,False,False,False,False,17054.44,86.0
7403,M,392,398,Japan,Kazakhstan,False,False,False,False,165006.694,23000.0
7403,M,392,410,Japan,Rep. of Korea,False,False,False,False,3220669.871,367308.0
7403,M,392,608,Japan,Philippines,False,False,False,False,4144634.756,492358.0
7403,M,392,699,Japan,India,False,False,False,False,1310828.781,177090.0
7403,M,392,704,Japan,Viet Nam,False,False,False,False,2771211.338,362874.0
7403,M,392,724,Japan,Spain,False,False,False,False,62744.112,7025.0
7403,M,392,818,Japan,Egypt,False,False,False,False,1061453.855,105459.0
7403,M,392,826,Japan,United Kingdom,False,False,False,False,2128.246,18.0
7403,M,392,842,Japan,USA,False,False,False,False,1816817.516,82865.09
7403,M,410,36,Rep. of Korea,Australia,False,False,False,False,71068994.0,8086584.1
7403,M,410,40,Rep. of Korea,Austria,False,False,False,False,964682.0,110199.2
7403,M,410,50,Rep. of Korea,Bangladesh,False,False,False,False,9827210.0,1216877.0
7403,M,410,56,Rep. of Korea,Belgium,False,False,True,False,16714210.0,2006064.743
7403,M,410,124,Rep. of Korea,Canada,False,False,False,False,7.0,0.1
7403,M,410,152,Rep. of Korea,Chile,False,False,False,False,1190154338.0,136092000.0
7403,M,410,156,Rep. of Korea,China,False,False,False,False,13966542.0,1503112.782
7403,M,410,178,Rep. of Korea,Congo,False,False,False,False,777948.0,93596.0
7403,M,410,180,Rep. of Korea,Dem. Rep. of the Congo,False,False,False,False,638823951.0,75495790.0
7403,M,410,251,Rep. of Korea,France,False,False,False,False,98983.0,5051.0
7403,M,410,276,Rep. of Korea,Germany,False,False,False,False,40941038.0,4501090.829
7403,M,410,344,Rep. of Korea,"China, Hong Kong SAR",False,False,True,False,4400.0,7.99
7403,M,410,360,Rep. of Korea,Indonesia,False,False,False,False,1823568.0,202562.45
7403,M,410,380,Rep. of Korea,Italy,False,False,False,False,289307.0,2387.239
7403,M,410,392,Rep. of Korea,Japan,False,False,False,False,114480536.0,13359179.889
7403,M,410,440,Rep. of Korea,Lithuania,False,False,False,False,676.0,0.4
7403,M,410,458,Rep. of Korea,Malaysia,False,False,False,False,10.0,0.425
7403,M,410,490,Rep. of Korea,"Other Asia, nes",False,False,False,False,193438.0,20182.7
7403,M,410,496,Rep. of Korea,Mongolia,False,False,False,False,659763.0,80124.0
7403,M,410,524,Rep. of Korea,Nepal,False,False,False,False,3356.0,19.901
7403,M,410,528,Rep. of Korea,Netherlands,False,False,True,False,834.0,16.2
7403,M,410,604,Rep. of Korea,Peru,False,False,False,False,52169637.0,6087309.0
7403,M,410,608,Rep. of Korea,Philippines,False,False,False,False,82852594.0,9866836.0
7403,M,410,699,Rep. of Korea,India,False,False,False,False,6174455.0,757004.95
7403,M,410,724,Rep. of Korea,Spain,False,False,False,False,268677.0,22035.0
7403,M,410,752,Rep. of Korea,Sweden,False,False,False,False,12483255.0,2374910.48
7403,M,410,792,Rep. of Korea,Türkiye,False,False,False,False,729.0,5.9
7403,M,410,826,Rep. of Korea,United Kingdom,False,False,False,False,1014.0,0.4
7403,M,410,834,Rep. of Korea,United Rep. of Tanzania,False,False,False,False,140.0,0.5
7403,M,410,842,Rep. of Korea,USA,False,False,False,False,9592880.0,975974.091
7403,M,410,894,Rep. of Korea,Zambia,False,False,False,False,26384288.0,3097537.0
7403,M,458,36,Malaysia,Australia,False,False,False,False,792799452.832,91795086.8
7403,M,458,50,Malaysia,Bangladesh,False,False,False,False,238402.485,77500.0
7403,M,458,56,Malaysia,Belgium,False,False,True,False,308839.563,418754.0
7403,M,458,76,Malaysia,Brazil,False,False,False,False,175839.988,290030.0
7403,M,458,100,Malaysia,Bulgaria,False,False,False,False,15985.752,42660.0
7403,M,458,124,Malaysia,Canada,False,False,False,False,1188501.065,1389168.0
7403,M,458,152,Malaysia,Chile,False,False,False,False,214257216.109,24452192.0
7403,M,458,156,Malaysia,China,False,False,False,False,58080621.988,7429180.21
7403,M,458,170,Malaysia,Colombia,False,False,False,False,232298.496,70423.5
7403,M,458,178,Malaysia,Congo,False,False,False,False,1787149.681,226420.0
7403,M,458,180,Malaysia,Dem. Rep. of the Congo,False,False,False,False,58980051.62,6696710.0
7403,M,458,191,Malaysia,Croatia,False,False,False,False,1591.888,1452.0
7403,M,458,192,Malaysia,Cuba,False,False,False,False,13981.202,14682.0
7403,M,458,196,Malaysia,Cyprus,False,False,False,False,19959.113,24600.0
7403,M,458,208,Malaysia,Denmark,False,False,False,False,21943.49,50645.0
7403,M,458,218,Malaysia,Ecuador,False,False,False,False,27179.397,25294.8
7403,M,458,233,Malaysia,Estonia,False,False,False,False,14560.947,30230.0
7403,M,458,246,Malaysia,Finland,False,False,False,False,355907.907,140568.0
7403,M,458,251,Malaysia,France,False,False,False,False,3802777.327,306871.7
7403,M,458,268,Malaysia,Georgia,False,False,False,False,24187.043,23120.0
7403,M,458,276,Malaysia,Germany,False,False,False,False,304604.616,342079.67
7403,M,458,288,Malaysia,Ghana,False,False,False,False,7237.826,18830.0
7403,M,458,320,Malaysia,Guatemala,False,False,False,False,35267.545,45382.0
7403,M,458,344,Malaysia,"China, Hong Kong SAR",False,False,True,False,2016714.34,1908092.05
7403,M,458,360,Malaysia,Indonesia,False,False,False,False,465250691.316,52748662.5
7403,M,458,380,Malaysia,Italy,False,False,False,False,333761.813,156859.57
7403,M,458,392,Malaysia,Japan,False,False,False,False,209227140.391,32465349.69
7403,M,458,400,Malaysia,Jordan,False,False,False,False,7149.461,18600.0
7403,M,458,404,Malaysia,Kenya,False,False,False,False,10292.014,25000.0
7403,M,458,410,Malaysia,Rep. of Korea,False,False,False,False,121753630.515,16880842.5
7403,M,458,414,Malaysia,Kuwait,False,False,False,False,8194.932,21320.0
7403,M,458,422,Malaysia,Lebanon,False,False,False,False,116929.404,243991.0
7403,M,458,434,Malaysia,Libya,False,False,False,False,26363.5,67980.0
7403,M,458,440,Malaysia,Lithuania,False,False,False,False,9453.312,2314.8
7403,M,458,454,Malaysia,Malawi,False,False,False,False,1565747.283,171283.0
7403,M,458,484,Malaysia,Mexico,False,False,False,False,311223.009,431689.0
7403,M,458,490,Malaysia,"Other Asia, nes",False,False,False,False,2343356.074,533832.8
7403,M,458,516,Malaysia,Namibia,False,False,False,False,10988.19,27220.0
7403,M,458,528,Malaysia,Netherlands,False,False,True,False,121364.105,198630.38
7403,M,458,554,Malaysia,New Zealand,False,False,False,False,316109.403,197487.1
7403,M,458,566,Malaysia,Nigeria,False,False,False,False,162829.268,200670.0
7403,M,458,579,Malaysia,Norway,False,False,False,False,11088.615,27900.0
7403,M,458,586,Malaysia,Pakistan,False,False,False,False,7586.024,2129.5
7403,M,458,591,Malaysia,Panama,False,False,False,False,35468.176,28205.2
7403,M,458,598,Malaysia,Papua New Guinea,False,False,False,False,130555.392,336186.0
7403,M,458,600,Malaysia,Paraguay,False,False,False,False,53970.032,81920.9
7403,M,458,604,Malaysia,Peru,False,False,False,False,66139.42,127751.0
7403,M,458,608,Malaysia,Philippines,False,False,False,False,65922978.688,7758275.0
7403,M,458,616,Malaysia,Poland,False,False,False,False,15596185.814,2034297.0
7403,M,458,642,Malaysia,Romania,False,False,False,False,6934.797,352.0
7403,M,458,682,Malaysia,Saudi Arabia,False,False,False,False,271670.304,520256.0
7403,M,458,686,Malaysia,Senegal,False,False,False,False,3842.676,9420.0
7403,M,458,699,Malaysia,India,False,False,False,False,6868920.303,1712707.8
7403,M,458,702,Malaysia,Singapore,False,False,True,False,27435206.922,2723235.38
7403,M,458,704,Malaysia,Viet Nam,False,False,False,False,51624.3,43808.0
7403,M,458,710,Malaysia,South Africa,False,False,False,False,1093965.528,122288.0
7403,M,458,724,Malaysia,Spain,False,False,False,False,423162.087,365642.0
7403,M,458,729,Malaysia,Sudan,False,False,False,False,31419.607,60991.0
7403,M,458,740,Malaysia,Suriname,False,False,False,False,5809.951,15330.0
7403,M,458,752,Malaysia,Sweden,False,False,False,False,612.416,1.74
7403,M,458,757,Malaysia,Switzerland,False,False,False,False,15662863.757,1753401.23
7403,M,458,764,Malaysia,Thailand,False,False,False,False,178486.337,135252.77
7403,M,458,784,Malaysia,United Arab Emirates,False,False,True,False,495951.914,910418.0
7403,M,458,788,Malaysia,Tunisia,False,False,False,False,133860.642,95426.0
7403,M,458,792,Malaysia,Türkiye,False,False,False,False,73611.644,95975.0
7403,M,458,800,Malaysia,Uganda,False,False,False,False,10171.416,25000.0
7403,M,458,826,Malaysia,United Kingdom,False,False,False,False,842224.955,1904813.552
7403,M,458,834,Malaysia,United Rep. of Tanzania,False,False,False,False,29065652.375,3447370.0
7403,M,458,842,Malaysia,USA,False,False,False,False,15417672.287,20890399.54
7403,M,458,858,Malaysia,Uruguay,False,False,False,False,9924.52,2520.0
7403,M,458,862,Malaysia,Venezuela,False,False,False,False,18179.97,44993.0
7403,M,458,887,Malaysia,Yemen,False,False,False,False,23657.291,57622.0
7403,M,458,894,Malaysia,Zambia,False,False,False,False,8969727.309,998286.0
7403,M,484,152,Mexico,Chile,False,False,False,False,285199000.0,0.0
7403,M,484,156,Mexico,China,False,False,False,False,551947.0,0.0
7403,M,484,276,Mexico,Germany,False,False,False,False,271443.0,0.0
7403,M,484,380,Mexico,Italy,False,False,False,False,348275.0,0.0
7403,M,484,604,Mexico,Peru,False,False,False,False,240974231.0,0.0
7403,M,484,842,Mexico,USA,False,False,False,False,655114643.0,0.0
7403,M,528,36,Netherlands,Australia,False,False,False,True,5401551.999,617990.0
7403,M,528,40,Netherlands,Austria,False,False,False,True,160484.051,13094.0
7403,M,528,56,Netherlands,Belgium,False,False,True,True,2924718.084,329896.0
7403,M,528,76,Netherlands,Brazil,False,False,False,True,304626.89,37564.0
7403,M,528,100,Netherlands,Bulgaria,False,False,False,True,29089796.785,3500213.0
7403,M,528,124,Netherlands,Canada,False,False,False,True,55.145,1.0
7403,M,528,152,Netherlands,Chile,False,False,False,True,289365087.928,33346405.0
7403,M,528,156,Netherlands,China,False,False,False,True,226027.311,14124.0
7403,M,528,178,Netherlands,Congo,False,False,False,True,67996642.218,7993440.0
7403,M,528,180,Netherlands,Dem. Rep. of the Congo,False,False,False,True,34720550.699,4015606.0
7403,M,528,191,Netherlands,Croatia,False,False,False,True,515.765,39.29
7403,M,528,196,Netherlands,Cyprus,False,False,False,True,158.946,11.136
7403,M,528,203,Netherlands,Czechia,False,False,False,True,106236.804,7644.405
7403,M,528,208,Netherlands,Denmark,False,False,False,True,24887.56,1821.0
7403,M,528,218,Netherlands,Ecuador,False,False,False,True,34959.577,5923.0
7403,M,528,233,Netherlands,Estonia,False,False,False,True,4161.803,322.695
7403,M,528,246,Netherlands,Finland,False,False,False,True,101237.018,10722.772
7403,M,528,251,Netherlands,France,False,False,False,True,7126948.555,563182.0
7403,M,528,276,Netherlands,Germany,False,False,False,True,34618055.084,7434210.0
7403,M,528,300,Netherlands,Greece,False,False,False,True,56084.322,4883.126
7403,M,528,344,Netherlands,"China, Hong Kong SAR",False,False,True,True,1745.168,61.0
7403,M,528,348,Netherlands,Hungary,False,False,False,True,2184.163,206.0
7403,M,528,360,Netherlands,Indonesia,False,False,False,True,79133.725,2401.0
7403,M,528,372,Netherlands,Ireland,False,False,False,True,521.171,41.0
7403,M,528,380,Netherlands,Italy,False,False,False,True,3092405.547,299536.0
7403,M,528,392,Netherlands,Japan,False,False,False,True,6046.454,151.0
7403,M,528,398,Netherlands,Kazakhstan,False,False,False,True,4939364.808,573219.0
7403,M,528,400,Netherlands,Jordan,False,False,False,True,75.689,1.0
7403,M,528,410,Netherlands,Rep. of Korea,False,False,False,True,740.669,21.0
7403,M,528,428,Netherlands,Latvia,False,False,False,True,4223.435,297.31
7403,M,528,440,Netherlands,Lithuania,False,False,False,True,4649.455,345.0
7403,M,528,442,Netherlands,Luxembourg,False,False,False,True,5901.564,561.316
7403,M,528,470,Netherlands,Malta,False,False,False,True,4405.088,262.0
7403,M,528,484,Netherlands,Mexico,False,False,False,True,444.401,109.0
7403,M,528,490,Netherlands,"Other Asia, nes",False,False,False,True,8947.498,271.0
7403,M,528,504,Netherlands,Morocco,False,False,False,True,2.163,2.0
7403,M,528,516,Netherlands,Namibia,False,False,False,True,7799218.669,884535.0
7403,M,528,524,Netherlands,Nepal,False,False,False,True,1038.018,46.0
7403,M,528,554,Netherlands,New Zealand,False,False,False,True,1753.818,46.0
7403,M,528,579,Netherlands,Norway,False,False,False,True,35547730.925,4100800.0
7403,M,528,604,Netherlands,Peru,False,False,False,True,560.097,15.0
7403,M,528,616,Netherlands,Poland,False,False,False,True,659729.561,68731.0
7403,M,528,620,Netherlands,Portugal,False,False,False,True,2628161.783,247401.0
7403,M,528,642,Netherlands,Romania,False,False,False,True,4662.43,288.405
7403,M,528,643,Netherlands,Russian Federation,False,False,False,True,95571976.33,10279600.0
7403,M,528,699,Netherlands,India,False,False,False,True,174066.948,16610.0
7403,M,528,703,Netherlands,Slovakia,False,False,False,True,14016.485,915.0
7403,M,528,705,Netherlands,Slovenia,False,False,False,True,15037.203,696.0
7403,M,528,710,Netherlands,South Africa,False,False,False,True,6013246.201,686010.0
7403,M,528,724,Netherlands,Spain,False,False,False,True,3026865.53,290785.0
7403,M,528,752,Netherlands,Sweden,False,False,False,True,30756.686,2802.0
7403,M,528,757,Netherlands,Switzerland,False,False,False,True,19751.534,692.0
7403,M,528,764,Netherlands,Thailand,False,False,False,True,509.278,15.0
7403,M,528,784,Netherlands,United Arab Emirates,False,False,True,True,108.127,7.0
7403,M,528,792,Netherlands,Türkiye,False,False,False,True,456700.833,36765.0
7403,M,528,826,Netherlands,United Kingdom,False,False,False,True,1617969.275,166193.232
7403,M,528,834,Netherlands,United Rep. of Tanzania,False,False,False,True,3342837.09,359530.0
7403,M,528,842,Netherlands,USA,False,False,False,True,12208212.569,1324191.0
7403,M,528,858,Netherlands,Uruguay,False,False,False,True,117756.64,18183.0
7403,M,528,894,Netherlands,Zambia,False,False,False,True,23682471.893,2799373.0
7403,M,528,899,Netherlands,"Areas, nes",False,False,False,True,654597.86,81300.0
7403,M,616,40,Poland,Austria,False,False,False,False,1448442.0,167731.0
7403,M,616,56,Poland,Belgium,False,False,True,False,6433500.0,747855.0
7403,M,616,124,Poland,Canada,False,False,False,False,7908.0,907.0
7403,M,616,156,Poland,China,False,False,False,False,22437.0,1190.799
7403,M,616,191,Poland,Croatia,False,False,False,False,237957.0,27810.0
7403,M,616,203,Poland,Czechia,False,False,False,False,6753.0,331.938
7403,M,616,208,Poland,Denmark,False,False,False,False,29632.0,1643.742
7403,M,616,218,Poland,Ecuador,False,False,False,False,10926.0,661.0
7403,M,616,246,Poland,Finland,False,False,False,False,16690638.0,1975201.0
7403,M,616,251,Poland,France,False,False,False,False,8260993.0,1088189.0
7403,M,616,276,Poland,Germany,False,False,False,False,32340140.0,4832327.104
7403,M,616,344,Poland,"China, Hong Kong SAR",False,False,True,False,1089.0,5.0
7403,M,616,380,Poland,Italy,False,False,False,False,3091115.0,351374.953
7403,M,616,392,Poland,Japan,False,False,False,False,228.0,5.311
7403,M,616,398,Poland,Kazakhstan,False,False,False,False,10734584.0,1316991.0
7403,M,616,440,Poland,Lithuania,False,False,False,False,189847.0,43877.0
7403,M,616,490,Poland,"Other Asia, nes",False,False,False,False,92503.0,12020.0
7403,M,616,528,Poland,Netherlands,False,False,True,False,18377.0,647.057
7403,M,616,568,Poland,"Other Europe, nes",False,False,False,False,4737.0,202.0
7403,M,616,579,Poland,Norway,False,False,False,False,9.0,0.993
7403,M,616,620,Poland,Portugal,False,False,False,False,102243.0,10592.0
7403,M,616,642,Poland,Romania,False,False,False,False,19558.0,1725.0
7403,M,616,643,Poland,Russian Federation,False,False,False,False,7399.0,194.0
7403,M,616,699,Poland,India,False,False,False,False,149082.0,8797.0
7403,M,616,703,Poland,Slovakia,False,False,False,False,2675945.0,288367.0
7403,M,616,724,Poland,Spain,False,False,False,False,4011783.0,448491.0
7403,M,616,752,Poland,Sweden,False,False,False,False,2602627.0,264394.0
7403,M,616,757,Poland,Switzerland,False,False,False,False,25940.0,916.728
7403,M,616,792,Poland,Türkiye,False,False,False,False,284305.0,31270.438
7403,M,616,826,Poland,United Kingdom,False,False,False,False,10781.0,27.0
7403,M,616,842,Poland,USA,False,False,False,False,26480.0,9053.504
7403,M,699,36,India,Australia,False,False,False,False,15577770.579,1796810.0
7403,M,699,40,India,Austria,False,False,False,False,8543180.08,904634.0
7403,M,699,50,India,Bangladesh,False,False,False,False,215663.534,32770.0
7403,M,699,56,India,Belgium,False,False,True,False,54.733,7.901
7403,M,699,76,India,Brazil,False,False,False,False,48535.28,2911.0
7403,M,699,144,India,Sri Lanka,False,False,False,False,405821.435,74754.0
7403,M,699,152,India,Chile,False,False,False,False,17803676.153,2059771.0
7403,M,699,156,India,China,False,False,False,False,1381880.291,127406.0
7403,M,699,178,India,Congo,False,False,False,False,366501665.451,42391030.0
7403,M,699,180,India,Dem. Rep. of the Congo,False,False,False,False,250068837.382,29321892.0
7403,M,699,246,India,Finland,False,False,False,False,126789.169,11589.0
7403,M,699,251,India,France,False,False,False,False,87078.806,6654.34
7403,M,699,276,India,Germany,False,False,False,False,2191854.743,223858.308
7403,M,699,324,India,Guinea,False,False,False,False,3028778.43,361300.0
7403,M,699,344,India,"China, Hong Kong SAR",False,False,True,False,9806.83,40.0
7403,M,699,360,India,Indonesia,False,False,False,False,15720040.782,1839755.0
7403,M,699,376,India,Israel,False,False,False,False,14160.772,82.0
7403,M,699,380,India,Italy,False,False,False,False,2474946.329,98174.322
7403,M,699,392,India,Japan,False,False,False,False,1907753615.148,249485853.0
7403,M,699,410,India,Rep. of Korea,False,False,False,False,42822.723,2763.0
7403,M,699,454,India,Malawi,False,False,False,False,162022.311,24000.0
7403,M,699,458,India,Malaysia,False,False,False,False,27906043.843,3196473.0
7403,M,699,480,India,Mauritius,False,False,False,False,176288.058,23550.0
7403,M,699,490,India,"Other Asia, nes",False,False,False,False,366.448,15.0
7403,M,699,528,India,Netherlands,False,False,True,False,484266.859,22643.0
7403,M,699,554,India,New Zealand,False,False,False,False,10906.368,500.0
7403,M,699,608,India,Philippines,False,False,False,False,8605233.501,994956.0
7403,M,699,643,India,Russian Federation,False,False,False,False,98195444.005,11044250.0
7403,M,699,646,India,Rwanda,False,False,False,False,119078.888,21385.0
7403,M,699,682,India,Saudi Arabia,False,False,False,False,2358.773,110.0
7403,M,699,699,India,India,False,False,False,False,6765.426,682.0
7403,M,699,704,India,Viet Nam,False,False,False,False,4544411.582,504561.0
7403,M,699,705,India,Slovenia,False,False,False,False,197030.335,19622.0
7403,M,699,724,India,Spain,False,False,False,False,3410799.138,326650.0
7403,M,699,757,India,Switzerland,False,False,False,False,161827.205,7264.0
7403,M,699,764,India,Thailand,False,False,False,False,19279636.424,2255582.0
7403,M,699,784,India,United Arab Emirates,False,False,True,False,400606.523,46531.0
7403,M,699,792,India,Türkiye,False,False,False,False,48694.806,939.0
7403,M,699,826,India,United Kingdom,False,False,False,False,37429.362,621.919
7403,M,699,842,India,USA,False,False,False,False,725844.387,32940.0
7403,M,699,894,India,Zambia,False,False,False,False,122729289.693,14198548.0
7403,M,702,36,Singapore,Australia,False,False,False,True,2616338.62,298390.0
7403,M,702,40,Singapore,Austria,False,False,False,True,789.265,50.0
7403,M,702,100,Singapore,Bulgaria,False,False,False,True,116427815.424,13985600.0
7403,M,702,156,Singapore,China,False,False,False,True,232388898.316,27218680.0
7403,M,702,180,Singapore,Dem. Rep. of the Congo,False,False,False,True,446027.731,186630.0
7403,M,702,251,Singapore,France,False,False,False,True,13104.031,1491.544
7403,M,702,276,Singapore,Germany,False,False,False,True,6194.985,284.152
7403,M,702,344,Singapore,"China, Hong Kong SAR",False,False,True,True,75.948,10.0
7403,M,702,348,Singapore,Hungary,False,False,False,True,157.853,17.396
7403,M,702,360,Singapore,Indonesia,False,False,False,True,3162478.645,391610.0
7403,M,702,372,Singapore,Ireland,False,False,False,True,1463.863,70.0
7403,M,702,376,Singapore,Israel,False,False,False,True,3792764.73,345160.0
7403,M,702,380,Singapore,Italy,False,False,False,True,300846.179,10850.0
7403,M,702,392,Singapore,Japan,False,False,False,True,16515130.103,1877940.0
7403,M,702,410,Singapore,Rep. of Korea,False,False,False,True,28436952.297,3341930.0
7403,M,702,458,Singapore,Malaysia,False,False,False,True,1641583.835,244010.0
7403,M,702,484,Singapore,Mexico,False,False,False,True,29.039,1.8
7403,M,702,490,Singapore,"Other Asia, nes",False,False,False,True,667050.192,47991.947
7403,M,702,524,Singapore,Nepal,False,False,False,True,23.082,30.0
7403,M,702,528,Singapore,Netherlands,False,False,True,True,26053.187,571.701
7403,M,702,554,Singapore,New Zealand,False,False,False,True,110214.139,9870.0
7403,M,702,579,Singapore,Norway,False,False,False,True,1245960.346,49050.0
7403,M,702,581,Singapore,United States Minor Outlying Islands,False,False,False,True,181.68,11.261
7403,M,702,616,Singapore,Poland,False,False,False,True,2175873.717,250690.0
7403,M,702,699,Singapore,India,False,False,False,True,46034.991,6390.0
7403,M,702,704,Singapore,Viet Nam,False,False,False,True,25950.434,3290.0
7403,M,702,705,Singapore,Slovenia,False,False,False,True,398.355,45.893
7403,M,702,724,Singapore,Spain,False,False,False,True,583505.76,58360.0
7403,M,702,752,Singapore,Sweden,False,False,False,True,3985.788,426.672
7403,M,702,757,Singapore,Switzerland,False,False,False,True,84182.545,390.23
7403,M,702,764,Singapore,Thailand,False,False,False,True,32123.081,3790.0
7403,M,702,792,Singapore,Türkiye,False,False,False,True,211332.373,11070.932
7403,M,702,826,Singapore,United Kingdom,False,False,False,True,410265.097,41240.0
7403,M,702,842,Singapore,USA,False,False,False,True,10710107.754,1083055.324
7403,M,704,36,Viet Nam,Australia,False,False,False,False,136146870.36,15541058.487
7403,M,704,40,Viet Nam,Austria,False,False,False,False,450970.39,43487.619
7403,M,704,76,Viet Nam,Brazil,False,False,False,False,4122.0,1000.0
7403,M,704,144,Viet Nam,Sri Lanka,False,False,False,False,119190.17,21657.0
7403,M,704,152,Viet Nam,Chile,False,False,False,False,63482041.173,7110873.095
7403,M,704,156,Viet Nam,China,False,False,False,False,464657555.949,52687222.84
7403,M,704,178,Viet Nam,Congo,False,False,False,False,288006930.75,32738820.614
7403,M,704,246,Viet Nam,Finland,False,False,False,False,15218.0,1697.215
7403,M,704,251,Viet Nam,France,False,False,False,False,4142.227,306.166
7403,M,704,276,Viet Nam,Germany,False,False,False,False,4607.235,1430.728
7403,M,704,344,Viet Nam,"China, Hong Kong SAR",False,False,True,False,134313.61,33219.728
7403,M,704,360,Viet Nam,Indonesia,False,False,False,False,257193743.199,29291501.402
7403,M,704,380,Viet Nam,Italy,False,False,False,False,305553.585,32695.612
7403,M,704,392,Viet Nam,Japan,False,False,False,False,130113478.723,14927950.332
7403,M,704,410,Viet Nam,Rep. of Korea,False,False,False,False,164356441.412,18869051.287
7403,M,704,458,Viet Nam,Malaysia,False,False,False,False,992142.19,109117.0
7403,M,704,484,Viet Nam,Mexico,False,False,False,False,39905781.251,4574043.217
7403,M,704,490,Viet Nam,"Other Asia, nes",False,False,False,False,1455699.25,213090.774
7403,M,704,528,Viet Nam,Netherlands,False,False,True,False,4494.831,426.467
7403,M,704,554,Viet Nam,New Zealand,False,False,False,False,1618.4,119.0
7403,M,704,579,Viet Nam,Norway,False,False,False,False,3045.697,346.545
7403,M,704,608,Viet Nam,Philippines,False,False,False,False,170279752.417,19360512.433
7403,M,704,616,Viet Nam,Poland,False,False,False,False,4529412.02,548846.817
7403,M,704,699,Viet Nam,India,False,False,False,False,1166778.82,187384.251
7403,M,704,724,Viet Nam,Spain,False,False,False,False,61279.0,6481.139
7403,M,704,757,Viet Nam,Switzerland,False,False,False,False,132116.336,6000.0
7403,M,704,764,Viet Nam,Thailand,False,False,False,False,47408790.109,5554945.869
7403,M,704,792,Viet Nam,Türkiye,False,False,False,False,1247.404,145.175
7403,M,704,842,Viet Nam,USA,False,False,False,False,231619.141,18893.679
7403,M,710,36,South Africa,Australia,False,False,False,False,11659.791,400.0
7403,M,710,56,South Africa,Belgium,False,False,True,False,11597.787,1000.0
7403,M,710,152,South Africa,Chile,False,False,False,False,71122.582,7750.0
7403,M,710,156,South Africa,China,False,False,False,False,1686289.228,87307.18
7403,M,710,180,South Africa,Dem. Rep. of the Congo,False,False,False,False,102911464.201,11541322.0
7403,M,710,203,South Africa,Czechia,False,False,False,False,452.569,60.0
7403,M,710,208,South Africa,Denmark,False,False,False,False,2750.208,131.25
7403,M,710,251,South Africa,France,False,False,False,False,243419.976,23630.95
7403,M,710,276,South Africa,Germany,False,False,False,False,212721.141,19986.76
7403,M,710,376,South Africa,Israel,False,False,False,False,25.528,0.16
7403,M,710,380,South Africa,Italy,False,False,False,False,400852.635,14860.08
7403,M,710,392,South Africa,Japan,False,False,False,False,226.176,0.25
7403,M,710,404,South Africa,Kenya,False,False,False,False,345.632,0.49
7403,M,710,410,South Africa,Rep. of Korea,False,False,False,False,98042.388,7365.0
7403,M,710,490,South Africa,"Other Asia, nes",False,False,False,False,539.017,3.35
7403,M,710,508,South Africa,Mozambique,False,False,False,False,3414.589,3000.0
7403,M,710,528,South Africa,Netherlands,False,False,True,False,14017.104,965.38
7403,M,710,554,South Africa,New Zealand,False,False,False,False,197035.333,16144.0
7403,M,710,643,South Africa,Russian Federation,False,False,False,False,402.488,5.8
7403,M,710,699,South Africa,India,False,False,False,False,3549.98,161.48
7403,M,710,710,South Africa,South Africa,False,False,False,False,55941.373,39808.34
7403,M,710,716,South Africa,Zimbabwe,False,False,False,False,41122.003,53478.38
7403,M,710,724,South Africa,Spain,False,False,False,False,436094.771,43313.0
7403,M,710,757,South Africa,Switzerland,False,False,False,False,4388.885,11.7
7403,M,710,792,South Africa,Türkiye,False,False,False,False,65073.556,4018.26
7403,M,710,826,South Africa,United Kingdom,False,False,False,False,526.389,8.54
7403,M,710,842,South Africa,USA,False,False,False,False,131666.875,8202.85
7403,M,710,894,South Africa,Zambia,False,False,False,False,102843523.962,12133792.1
7403,M,710,899,South Africa,"Areas, nes",False,False,False,False,488.666,4.02
7403,M,724,40,Spain,Austria,False,False,False,False,215869.722,25147.0
7403,M,724,56,Spain,Belgium,False,False,True,False,45080982.091,5202673.725
7403,M,724,152,Spain,Chile,False,False,False,False,223750049.442,25599357.0
7403,M,724,156,Spain,China,False,False,False,False,897896.48,103245.66
7403,M,724,170,Spain,Colombia,False,False,False,False,314.282,8.0
7403,M,724,180,Spain,Dem. Rep. of the Congo,False,False,False,False,578089175.164,64607046.0
7403,M,724,208,Spain,Denmark,False,False,False,False,4301.557,155.398
7403,M,724,251,Spain,France,False,False,False,False,29017954.476,3500556.3
7403,M,724,276,Spain,Germany,False,False,False,False,7064435.701,622918.93
7403,M,724,344,Spain,"China, Hong Kong SAR",False,False,True,False,27926.336,73.8
7403,M,724,380,Spain,Italy,False,False,False,False,8505266.685,1306715.601
7403,M,724,392,Spain,Japan,False,False,False,False,2861.696,36.0
7403,M,724,404,Spain,Kenya,False,False,False,False,2136.133,0.0
7403,M,724,442,Spain,Luxembourg,False,False,False,False,19066088.715,2203105.0
7403,M,724,484,Spain,Mexico,False,False,False,False,631.688,26.6
7403,M,724,504,Spain,Morocco,False,False,False,False,122353.113,22860.0
7403,M,724,528,Spain,Netherlands,False,False,True,False,73360.821,0.0
7403,M,724,568,Spain,"Other Europe, nes",False,False,False,False,68027.626,3232.1
7403,M,724,579,Spain,Norway,False,False,False,False,6673.038,79.897
7403,M,724,608,Spain,Philippines,False,False,False,False,460.88,5.0
7403,M,724,616,Spain,Poland,False,False,False,False,789908.886,73428.7
7403,M,724,620,Spain,Portugal,False,False,False,False,1409021.434,945356.64
7403,M,724,642,Spain,Romania,False,False,False,False,1110.03,63.39
7403,M,724,643,Spain,Russian Federation,False,False,False,False,60297989.716,7023152.0
7403,M,724,652,Spain,Saint Barthélemy,False,False,False,False,13230845.073,1492250.0
7403,M,724,699,Spain,India,False,False,False,False,2239.145,84.0
7403,M,724,703,Spain,Slovakia,False,False,False,False,1300235.82,143058.0
7403,M,724,752,Spain,Sweden,False,False,False,False,280.697,2.5
7403,M,724,757,Spain,Switzerland,False,False,False,False,335.204,18.0
7403,M,724,792,Spain,Türkiye,False,False,False,False,5695251.642,856041.0
7403,M,724,826,Spain,United Kingdom,False,False,False,False,44292.169,0.0
7403,M,724,842,Spain,USA,False,False,False,False,593085.905,0.0
7403,M,724,894,Spain,Zambia,False,False,False,False,8445323.488,948833.0
7403,M,752,32,Sweden,Argentina,False,False,False,False,94.249,11.456
7403,M,752,40,Sweden,Austria,False,False,False,False,5725454.654,652718.364
7403,M,752,56,Sweden,Belgium,False,False,True,False,14346152.633,1584080.073
7403,M,752,100,Sweden,Bulgaria,False,False,False,False,4434616.652,500000.0
7403,M,752,152,Sweden,Chile,False,False,False,False,82476970.681,9501000.0
7403,M,752,156,Sweden,China,False,False,False,False,439955.592,23746.056
7403,M,752,208,Sweden,Denmark,False,False,False,False,107726.916,7638.526
7403,M,752,233,Sweden,Estonia,False,False,False,False,1602.238,194.754
7403,M,752,246,Sweden,Finland,False,False,False,False,87276897.504,8382000.0
7403,M,752,251,Sweden,France,False,False,False,False,84824.343,5034.368
7403,M,752,276,Sweden,Germany,False,False,False,False,219252830.795,25622824.355
7403,M,752,360,Sweden,Indonesia,False,False,False,False,7634.191,1131.008
7403,M,752,380,Sweden,Italy,False,False,False,False,81242.871,8500.732
7403,M,752,392,Sweden,Japan,False,False,False,False,376.997,26.233
7403,M,752,398,Sweden,Kazakhstan,False,False,False,False,5260523.005,617000.0
7403,M,752,410,Sweden,Rep. of Korea,False,False,False,False,3864.22,435.862
7403,M,752,490,Sweden,"Other Asia, nes",False,False,False,False,6691.698,774.168
7403,M,752,528,Sweden,Netherlands,False,False,True,False,3864.22,433.766
7403,M,752,554,Sweden,New Zealand,False,False,False,False,17153.367,2085.018
7403,M,752,579,Sweden,Norway,False,False,False,False,132626347.503,15082282.429
7403,M,752,616,Sweden,Poland,False,False,False,False,33585633.115,4024416.3
7403,M,752,699,Sweden,India,False,False,False,False,304707.89,27630.088
7403,M,752,703,Sweden,Slovakia,False,False,False,False,1225.241,148.93
7403,M,752,724,Sweden,Spain,False,False,False,False,4538479.348,521000.0
7403,M,752,757,Sweden,Switzerland,False,False,False,False,13100.649,1572.37
7403,M,752,764,Sweden,Thailand,False,False,False,False,4712.463,415.936
7403,M,752,792,Sweden,Türkiye,False,False,False,False,375394.842,17387.996
7403,M,752,807,Sweden,North Macedonia,False,False,False,False,94.249,11.456
7403,M,752,826,Sweden,United Kingdom,False,False,False,False,1490834.953,175655.573
7403,M,752,842,Sweden,USA,False,False,False,False,1635696.081,7525.093
7403,M,764,36,Thailand,Australia,False,False,False,False,258908314.698,28569325.0
7403,M,764,40,Thailand,Austria,False,False,False,False,254730.049,22149.568
7403,M,764,56,Thailand,Belgium,False,False,True,False,119786.836,11995.0
7403,M,764,76,Thailand,Brazil,False,False,False,False,855375.958,101782.0
7403,M,764,104,Thailand,Myanmar,False,False,False,False,2597.725,512.0
7403,M,764,124,Thailand,Canada,False,False,False,False,271.179,30.597
7403,M,764,144,Thailand,Sri Lanka,False,False,False,False,420.997,3.0
7403,M,764,152,Thailand,Chile,False,False,False,False,376918921.301,41306953.0
7403,M,764,156,Thailand,China,False,False,False,False,504639123.68,56179770.789
7403,M,764,178,Thailand,Congo,False,False,False,False,58070658.143,6569651.0
7403,M,764,180,Thailand,Dem. Rep. of the Congo,False,False,False,False,245368431.221,27453549.0
7403,M,764,251,Thailand,France,False,False,False,False,33424.999,345.0
7403,M,764,276,Thailand,Germany,False,False,False,False,24840.01,1621.842
7403,M,764,344,Thailand,"China, Hong Kong SAR",False,False,True,False,68984.375,1817.0
7403,M,764,360,Thailand,Indonesia,False,False,False,False,71578233.701,8329392.663
7403,M,764,380,Thailand,Italy,False,False,False,False,3700990.894,221289.0
7403,M,764,392,Thailand,Japan,False,False,False,False,776207447.027,89089814.621
7403,M,764,398,Thailand,Kazakhstan,False,False,False,False,56.258,3.0
7403,M,764,410,Thailand,Rep. of Korea,False,False,False,False,59758908.94,6634388.0
7403,M,764,418,Thailand,Lao People's Dem. Rep.,False,False,False,False,54734869.192,6328365.0
7403,M,764,458,Thailand,Malaysia,False,False,False,False,3.518,1.0
7403,M,764,490,Thailand,"Other Asia, nes",False,False,False,False,1624910.365,209346.863
7403,M,764,504,Thailand,Morocco,False,False,False,False,49.158,2.0
7403,M,764,528,Thailand,Netherlands,False,False,True,False,1510.577,17.0
7403,M,764,554,Thailand,New Zealand,False,False,False,False,849013.616,84670.0
7403,M,764,566,Thailand,Nigeria,False,False,False,False,8383.647,24500.0
7403,M,764,579,Thailand,Norway,False,False,False,False,147.187,13.0
7403,M,764,604,Thailand,Peru,False,False,False,False,2772912.021,302149.0
7403,M,764,608,Thailand,Philippines,False,False,False,False,537853535.291,61528286.0
7403,M,764,616,Thailand,Poland,False,False,False,False,66642568.952,7576683.0
7403,M,764,682,Thailand,Saudi Arabia,False,False,False,False,39.98,1.0
7403,M,764,699,Thailand,India,False,False,False,False,3015119.863,373835.408
7403,M,764,702,Thailand,Singapore,False,False,True,False,10923.197,393.219
7403,M,764,704,Thailand,Viet Nam,False,False,False,False,34.455,3.0
7403,M,764,710,Thailand,South Africa,False,False,False,False,34453503.241,3956829.0
7403,M,764,724,Thailand,Spain,False,False,False,False,795352.116,82494.0
7403,M,764,752,Thailand,Sweden,False,False,False,False,73331.237,7711.0
7403,M,764,757,Thailand,Switzerland,False,False,False,False,3641998.719,0.0
7403,M,764,764,Thailand,Thailand,False,False,False,False,12.547,1.141
7403,M,764,784,Thailand,United Arab Emirates,False,False,True,False,121.607,615.0
7403,M,764,792,Thailand,Türkiye,False,False,False,False,3703.557,16.0
7403,M,764,826,Thailand,United Kingdom,False,False,False,False,815.928,43.0
7403,M,764,834,Thailand,United Rep. of Tanzania,False,False,False,False,50919941.396,5643831.0
7403,M,764,842,Thailand,USA,False,False,False,False,1385499.846,97645.0
7403,M,764,894,Thailand,Zambia,False,False,False,False,9649739.774,1119071.0
7403,M,792,12,Türkiye,Algeria,False,False,False,False,7503822.0,994889.0
7403,M,792,31,Türkiye,Azerbaijan,False,False,False,False,16267543.0,2035000.0
7403,M,792,40,Türkiye,Austria,False,False,False,False,1603303.0,159614.0
7403,M,792,56,Türkiye,Belgium,False,False,True,False,369433.0,39916.0
7403,M,792,100,Türkiye,Bulgaria,False,False,False,False,491095146.0,55976614.0
7403,M,792,152,Türkiye,Chile,False,False,False,False,9308475.0,980061.0
7403,M,792,156,Türkiye,China,False,False,False,False,10078.0,1075.0
7403,M,792,180,Türkiye,Dem. Rep. of the Congo,False,False,False,False,3530522.0,415926.0
7403,M,792,203,Türkiye,Czechia,False,False,False,False,531709.0,80963.0
7403,M,792,246,Türkiye,Finland,False,False,False,False,66406.0,2596.0
7403,M,792,251,Türkiye,France,False,False,False,False,1029258.0,104502.0
7403,M,792,276,Türkiye,Germany,False,False,False,False,4121433.0,343379.0
7403,M,792,344,Türkiye,"China, Hong Kong SAR",False,False,True,False,170530.0,4768.0
7403,M,792,364,Türkiye,Iran,False,False,False,False,106953183.0,13180873.0
7403,M,792,368,Türkiye,Iraq,False,False,False,False,8604782.0,816505.0
7403,M,792,380,Türkiye,Italy,False,False,False,False,3099384.0,207771.0
7403,M,792,392,Türkiye,Japan,False,False,False,False,2626564.0,218425.0
7403,M,792,398,Türkiye,Kazakhstan,False,False,False,False,1257883692.0,142760887.0
7403,M,792,417,Türkiye,Kyrgyzstan,False,False,False,False,754980.0,125861.0
7403,M,792,434,Türkiye,Libya,False,False,False,False,1066446.0,146000.0
7403,M,792,528,Türkiye,Netherlands,False,False,True,False,45333.0,4095.0
7403,M,792,616,Türkiye,Poland,False,False,False,False,53597548.0,6120790.0
7403,M,792,642,Türkiye,Romania,False,False,False,False,830.0,85.0
7403,M,792,643,Türkiye,Russian Federation,False,False,False,False,1509944687.0,171262297.0
7403,M,792,688,Türkiye,Serbia,False,False,False,False,43219352.0,5124650.0
7403,M,792,699,Türkiye,India,False,False,False,False,12685.0,1000.0
7403,M,792,724,Türkiye,Spain,False,False,False,False,18115664.0,2047841.0
7403,M,792,752,Türkiye,Sweden,False,False,False,False,1123.0,3.0
7403,M,792,757,Türkiye,Switzerland,False,False,False,False,765.0,1.0
7403,M,792,795,Türkiye,Turkmenistan,False,False,False,False,6749804.0,879031.0
7403,M,792,807,Türkiye,North Macedonia,False,False,False,False,5686440.0,654840.0
7403,M,792,826,Türkiye,United Kingdom,False,False,False,False,507.0,30.0
7403,M,792,842,Türkiye,USA,False,False,False,False,264736.0,24331.0
7403,M,792,860,Türkiye,Uzbekistan,False,False,False,False,119529343.0,13268841.0
7403,M,826,32,United Kingdom,Argentina,False,False,False,False,28452.322,43.0
7403,M,826,36,United Kingdom,Australia,False,False,False,False,10730.37,678.648
7403,M,826,40,United Kingdom,Austria,False,False,False,False,424382.208,16832.0
7403,M,826,56,United Kingdom,Belgium,False,False,True,False,116946866.76,13502652.0
7403,M,826,76,United Kingdom,Brazil,False,False,False,False,3425.565,84.0
7403,M,826,124,United Kingdom,Canada,False,False,False,False,6862.316,263.986
7403,M,826,156,United Kingdom,China,False,False,False,False,1591270.453,52987.0
7403,M,826,203,United Kingdom,Czechia,False,False,False,False,5074.957,261.0
7403,M,826,208,United Kingdom,Denmark,False,False,False,False,78814.087,1414.0
7403,M,826,246,United Kingdom,Finland,False,False,False,False,524741.555,36000.0
7403,M,826,251,United Kingdom,France,False,False,False,False,4348233.436,533827.0
7403,M,826,276,United Kingdom,Germany,False,False,False,False,6009809.998,479431.0
7403,M,826,360,United Kingdom,Indonesia,False,False,False,False,2557.987,197.0
7403,M,826,372,United Kingdom,Ireland,False,False,False,False,396286.612,74399.0
7403,M,826,380,United Kingdom,Italy,False,False,False,False,1541729.034,85964.0
7403,M,826,392,United Kingdom,Japan,False,False,False,False,937402.764,2181.0
7403,M,826,490,United Kingdom,"Other Asia, nes",False,False,False,False,490318.111,25488.44
7403,M,826,524,United Kingdom,Nepal,False,False,False,False,1148.484,3.0
7403,M,826,528,United Kingdom,Netherlands,False,False,True,False,5836633.788,1072835.0
7403,M,826,554,United Kingdom,New Zealand,False,False,False,False,561818.693,0.0
7403,M,826,579,United Kingdom,Norway,False,False,False,False,58215.954,669.581
7403,M,826,616,United Kingdom,Poland,False,False,False,False,1418566.563,298996.0
7403,M,826,620,United Kingdom,Portugal,False,False,False,False,430802.034,32631.0
7403,M,826,642,United Kingdom,Romania,False,False,False,False,1095.037,3.0
7403,M,826,674,United Kingdom,San Marino,False,False,False,False,10703.025,9.0
7403,M,826,688,United Kingdom,Serbia,False,False,False,False,8427.187,440.0
7403,M,826,699,United Kingdom,India,False,False,False,False,1036510.462,72078.227
7403,M,826,703,United Kingdom,Slovakia,False,False,False,False,182613.914,16629.0
7403,M,826,710,United Kingdom,South Africa,False,False,False,False,6350.221,0.0
7403,M,826,724,United Kingdom,Spain,False,False,False,False,14288484.773,1445483.0
7403,M,826,752,United Kingdom,Sweden,False,False,False,False,509417.25,40835.0
7403,M,826,757,United Kingdom,Switzerland,False,False,False,False,44880.365,2996.504
7403,M,826,764,United Kingdom,Thailand,False,False,False,False,1387.13,9.0
7403,M,826,792,United Kingdom,Türkiye,False,False,False,False,519451.568,34311.0
7403,M,826,826,United Kingdom,United Kingdom,False,False,False,False,232077.028,26074.0
7403,M,826,834,United Kingdom,United Rep. of Tanzania,False,False,False,False,6351.464,0.0
7403,M,826,842,United Kingdom,USA,False,False,False,False,1934643.528,0.0
7403,M,842,36,USA,Australia,False,False,False,False,4514.0,26.0
7403,M,842,40,USA,Austria,False,False,False,False,97944.0,7519.0
7403,M,842,56,USA,Belgium,False,False,True,False,25058.0,2058.975
7403,M,842,76,USA,Brazil,False,False,False,False,76808.0,3185.0
7403,M,842,124,USA,Canada,False,False,False,False,1222850924.0,142802159.078
7403,M,842,152,USA,Chile,False,False,False,False,4628819330.0,528737575.0
7403,M,842,156,USA,China,False,False,False,False,4740449.0,455346.0
7403,M,842,180,USA,Dem. Rep. of the Congo,False,False,False,False,106093795.0,11798631.0
7403,M,842,203,USA,Czechia,False,False,False,False,15958.0,1141.354
7403,M,842,208,USA,Denmark,False,False,False,False,9382.0,126.0
7403,M,842,218,USA,Ecuador,False,False,False,False,3711.0,468.0
7403,M,842,246,USA,Finland,False,False,False,False,390357.0,41079.0
7403,M,842,251,USA,France,False,False,False,False,2602893.0,191272.0
7403,M,842,276,USA,Germany,False,False,False,False,24088722.0,2246126.0
7403,M,842,360,USA,Indonesia,False,False,False,False,110699.0,930.0
7403,M,842,372,USA,Ireland,False,False,False,False,5423.0,455.0
7403,M,842,376,USA,Israel,False,False,False,False,9382198.0,1041436.0
7403,M,842,380,USA,Italy,False,False,False,False,2630526.0,240818.81
7403,M,842,392,USA,Japan,False,False,False,False,20688556.0,1895772.725
7403,M,842,410,USA,Rep. of Korea,False,False,False,False,1113121.0,57852.0
7403,M,842,458,USA,Malaysia,False,False,False,False,4050.0,32.0
7403,M,842,484,USA,Mexico,False,False,False,False,121035940.0,13969634.0
7403,M,842,490,USA,"Other Asia, nes",False,False,False,False,75151.0,4027.0
7403,M,842,528,USA,Netherlands,False,False,True,False,78665.0,5598.0
7403,M,842,554,USA,New Zealand,False,False,False,False,3090576.0,341222.0
7403,M,842,579,USA,Norway,False,False,False,False,94824.0,2517.0
7403,M,842,604,USA,Peru,False,False,False,False,680958539.0,77538875.0
7403,M,842,616,USA,Poland,False,False,False,False,13879.0,216.0
7403,M,842,642,USA,Romania,False,False,False,False,13033.0,28.0
7403,M,842,643,USA,Russian Federation,False,False,False,False,22396.0,1482.0
7403,M,842,699,USA,India,False,False,False,False,3182844.0,130668.0
7403,M,842,704,USA,Viet Nam,False,False,False,False,536266.0,52358.0
7403,M,842,710,USA,South Africa,False,False,False,False,427979.0,52788.0
7403,M,842,724,USA,Spain,False,False,False,False,5193455.0,404740.0
7403,M,842,752,USA,Sweden,False,False,False,False,89451.0,14257.662
7403,M,842,757,USA,Switzerland,False,False,False,False,965561.0,70746.0
7403,M,842,764,USA,Thailand,False,False,False,False,4130.0,0.0
7403,M,842,792,USA,Türkiye,False,False,False,False,73421.0,2011.0
7403,M,842,826,USA,United Kingdom,False,False,False,False,181336.0,7410.0
7403,M,842,834,USA,United Rep. of Tanzania,False,False,False,False,30538.0,13347.0
7403,M,842,894,USA,Zambia,False,False,False,False,18209478.0,2034689.0
7502,M,36,36,Australia,Australia,False,False,False,False,3346514.043,226111.4
7502,M,36,56,Australia,Belgium,False,False,True,False,1155229.312,34750.0
7502,M,36,76,Australia,Brazil,False,False,False,False,5026077.832,507995.0
7502,M,36,124,Australia,Canada,False,False,False,False,34421282.014,1784481.0
7502,M,36,156,Australia,China,False,False,False,False,6130354.397,450588.7
7502,M,36,276,Australia,Germany,False,False,False,False,538701.689,18471.0
7502,M,36,344,Australia,"China, Hong Kong SAR",False,False,True,False,378880.305,13000.0
7502,M,36,380,Australia,Italy,False,False,False,False,1040931.796,72119.0
7502,M,36,410,Australia,Rep. of Korea,False,False,False,False,43321.583,8400.0
7502,M,36,450,Australia,Madagascar,False,False,False,False,712450.727,30015.0
7502,M,36,490,Australia,"Other Asia, nes",False,False,False,False,1986890.553,116469.2
7502,M,36,702,Australia,Singapore,False,False,True,False,1800570.573,123233.0
7502,M,36,710,Australia,South Africa,False,False,False,False,1321498.097,72800.0
7502,M,36,757,Australia,Switzerland,False,False,False,False,96913.71,10000.0
7502,M,36,764,Australia,Thailand,False,False,False,False,49947.207,5560.0
7502,M,36,792,Australia,Türkiye,False,False,False,False,150022.356,5152.4
7502,M,36,826,Australia,United Kingdom,False,False,False,False,13719043.951,798710.2
7502,M,36,842,Australia,USA,False,False,False,False,15252188.614,741353.936
7502,M,40,36,Austria,Australia,False,False,False,False,21677087.316,959857.0
7502,M,40,56,Austria,Belgium,False,False,True,False,572293.855,21783.0
7502,M,40,76,Austria,Brazil,False,False,False,False,425974.423,24000.0
7502,M,40,124,Austria,Canada,False,False,False,False,7141223.463,360236.0
7502,M,40,156,Austria,China,False,False,False,False,2455.561,15.0
7502,M,40,203,Austria,Czechia,False,False,False,False,2545.306,101.0
7502,M,40,233,Austria,Estonia,False,False,False,False,524326.617,23201.0
7502,M,40,246,Austria,Finland,False,False,False,False,2200786.036,105711.0
7502,M,40,251,Austria,France,False,False,False,False,2368441.061,90858.0
7502,M,40,276,Austria,Germany,False,False,False,False,213770380.848,7893340.0
7502,M,40,380,Austria,Italy,False,False,False,False,3607020.208,174716.0
7502,M,40,392,Austria,Japan,False,False,False,False,24811.871,879.0
7502,M,40,410,Austria,Rep. of Korea,False,False,False,False,44.332,1.639
7502,M,40,442,Austria,Luxembourg,False,False,False,False,6659827.536,286748.0
7502,M,40,450,Austria,Madagascar,False,False,False,False,1854642.757,96224.0
7502,M,40,528,Austria,Netherlands,False,False,True,False,6940972.515,301600.0
7502,M,40,579,Austria,Norway,False,False,False,False,91637385.793,3889240.0
7502,M,40,643,Austria,Russian Federation,False,False,False,False,13231743.607,549006.0
7502,M,40,710,Austria,South Africa,False,False,False,False,32341791.092,1321622.0
7502,M,40,724,Austria,Spain,False,False,False,False,213036.95,10003.0
7502,M,40,757,Austria,Switzerland,False,False,False,False,5718.83,3.0
7502,M,40,826,Austria,United Kingdom,False,False,False,False,139831.82,3486.0
7502,M,40,842,Austria,USA,False,False,False,False,230009.623,350.433
7502,M,56,124,Belgium,Canada,False,False,False,True,18689184.386,692516.23
7502,M,56,203,Belgium,Czechia,False,False,False,True,165148.952,7194.1
7502,M,56,233,Belgium,Estonia,False,False,False,True,9820214.743,459935.33
7502,M,56,246,Belgium,Finland,False,False,False,True,60307708.489,2716470.65
7502,M,56,251,Belgium,France,False,False,False,True,7963082.791,292864.12
7502,M,56,276,Belgium,Germany,False,False,False,True,26549569.187,7212958.81
7502,M,56,352,Belgium,Iceland,False,False,False,True,9560.287,503.54
7502,M,56,380,Belgium,Italy,False,False,False,True,23838.521,2157.43
7502,M,56,392,Belgium,Japan,False,False,False,True,2014170.537,59849.35
7502,M,56,442,Belgium,Luxembourg,False,False,False,True,3728286.069,198904.8
7502,M,56,528,Belgium,Netherlands,False,False,True,True,237812958.634,11679372.04
7502,M,56,579,Belgium,Norway,False,False,False,True,26496.893,1000.0
7502,M,56,616,Belgium,Poland,False,False,False,True,2316389.221,385448.09
7502,M,56,699,Belgium,India,False,False,False,True,48995.963,1521.0
7502,M,56,710,Belgium,South Africa,False,False,False,True,5143075.213,220504.02
7502,M,56,804,Belgium,Ukraine,False,False,False,True,210.505,0.18
7502,M,56,826,Belgium,United Kingdom,False,False,False,True,17246717.188,681974.17
7502,M,56,842,Belgium,USA,False,False,False,True,22567620.437,1016680.61
7502,M,76,36,Brazil,Australia,False,False,False,False,12453436.0,504554.0
7502,M,76,56,Brazil,Belgium,False,False,True,False,1529628.0,49072.0
7502,M,76,124,Brazil,Canada,False,False,False,False,8384413.0,330000.0
7502,M,76,156,Brazil,China,False,False,False,False,13938.0,312.0
7502,M,76,246,Brazil,Finland,False,False,False,False,14760224.0,610945.0
7502,M,76,251,Brazil,France,False,False,False,False,2185236.0,107451.0
7502,M,76,276,Brazil,Germany,False,False,False,False,253353.0,10000.0
7502,M,76,380,Brazil,Italy,False,False,False,False,139896.0,486.0
7502,M,76,392,Brazil,Japan,False,False,False,False,810558.0,29550.0
7502,M,76,528,Brazil,Netherlands,False,False,True,False,517391.0,23711.0
7502,M,76,579,Brazil,Norway,False,False,False,False,63758440.0,2501820.0
7502,M,76,643,Brazil,Russian Federation,False,False,False,False,38093514.0,1569208.0
7502,M,76,699,Brazil,India,False,False,False,False,1474756.0,77586.0
7502,M,76,710,Brazil,South Africa,False,False,False,False,12649876.0,530149.0
7502,M,76,724,Brazil,Spain,False,False,False,False,3042.0,3.0
7502,M,76,757,Brazil,Switzerland,False,False,False,False,497054.0,23999.0
7502,M,76,826,Brazil,United Kingdom,False,False,False,False,854638.0,34000.0
7502,M,76,842,Brazil,USA,False,False,False,False,1542862.0,34612.338
7502,M,124,36,Canada,Australia,False,False,False,False,1149970.411,117696.0
7502,M,124,40,Canada,Austria,False,False,False,False,8707.997,107.0
7502,M,124,56,Canada,Belgium,False,False,True,False,311278.101,10420.0
7502,M,124,124,Canada,Canada,False,False,False,False,1932741.159,152902.0
7502,M,124,156,Canada,China,False,False,False,False,3477.272,165.0
7502,M,124,246,Canada,Finland,False,False,False,False,871134.505,75079.0
7502,M,124,276,Canada,Germany,False,False,False,False,7482.729,353.0
7502,M,124,380,Canada,Italy,False,False,False,False,23831.242,1034.0
7502,M,124,392,Canada,Japan,False,False,False,False,174769.604,18093.0
7502,M,124,428,Canada,Latvia,False,False,False,False,315917.674,43921.0
7502,M,124,442,Canada,Luxembourg,False,False,False,False,309921.713,52837.0
7502,M,124,450,Canada,Madagascar,False,False,False,False,858335.121,87848.0
7502,M,124,579,Canada,Norway,False,False,False,False,4040126.728,345797.0
7502,M,124,620,Canada,Portugal,False,False,False,False,91.858,4.0
7502,M,124,710,Canada,South Africa,False,False,False,False,1918443.154,177072.0
7502,M,124,757,Canada,Switzerland,False,False,False,False,141.491,7.0
7502,M,124,826,Canada,United Kingdom,False,False,False,False,3547442.277,330948.0
7502,M,124,842,Canada,USA,False,False,False,False,2726295.599,176459.0
7502,M,152,124,Chile,Canada,False,False,False,False,126345.0,4500.0
7502,M,152,246,Chile,Finland,False,False,False,False,436300.0,14000.0
7502,M,152,276,Chile,Germany,False,False,False,False,1396.94,31.339
7502,M,152,376,Chile,Israel,False,False,False,False,25489.16,725.76
7502,M,152,643,Chile,Russian Federation,False,False,False,False,145140.0,6000.0
7502,M,152,792,Chile,Türkiye,False,False,False,False,74118.86,2177.28
7502,M,152,842,Chile,USA,False,False,False,False,506421.21,20039.92
7502,M,152,899,Chile,"Areas, nes",False,False,False,False,185.06,0.6
7502,M,156,36,China,Australia,False,False,False,False,366792826.0,14150994.0
7502,M,156,40,China,Austria,False,False,False,False,118.0,6.673
7502,M,156,56,China,Belgium,False,False,True,False,5521551.0,152344.0
7502,M,156,116,China,Cambodia,False,False,False,False,307607.0,48910.0
7502,M,156,124,China,Canada,False,False,False,False,190187725.0,8211252.0
7502,M,156,156,China,China,False,False,False,False,1809322.0,76589.0
7502,M,156,246,China,Finland,False,False,False,False,81950584.0,3424478.0
7502,M,156,251,China,France,False,False,False,False,1709.0,2.0
7502,M,156,276,China,Germany,False,False,False,False,2333.0,99.836
7502,M,156,344,China,"China, Hong Kong SAR",False,False,True,False,431615.0,25161.0
7502,M,156,360,China,Indonesia,False,False,False,False,17642032.0,945077.0
7502,M,156,392,China,Japan,False,False,False,False,153346267.0,7756265.0
7502,M,156,410,China,Rep. of Korea,False,False,False,False,3135965.0,436019.0
7502,M,156,450,China,Madagascar,False,False,False,False,27087684.0,984008.0
7502,M,156,458,China,Malaysia,False,False,False,False,545787.0,59880.0
7502,M,156,490,China,"Other Asia, nes",False,False,False,False,25763.0,1019.0
7502,M,156,579,China,Norway,False,False,False,False,320713557.0,14638199.0
7502,M,156,643,China,Russian Federation,False,False,False,False,874294253.0,38026291.0
7502,M,156,710,China,South Africa,False,False,False,False,31317073.0,1200470.0
7502,M,156,757,China,Switzerland,False,False,False,False,488641.0,20007.874
7502,M,156,764,China,Thailand,False,False,False,False,5691838.0,358173.0
7502,M,156,826,China,United Kingdom,False,False,False,False,100541107.0,3847468.0
7502,M,156,842,China,USA,False,False,False,False,4276313.0,43587.0
7502,M,203,36,Czechia,Australia,False,False,False,False,749745.0,29025.0
7502,M,203,56,Czechia,Belgium,False,False,True,False,726651.0,26500.0
7502,M,203,124,Czechia,Canada,False,False,False,False,76483.0,3440.0
7502,M,203,156,Czechia,China,False,False,False,False,828.0,25.0
7502,M,203,246,Czechia,Finland,False,False,False,False,1995806.0,88198.0
7502,M,203,251,Czechia,France,False,False,False,False,2961579.0,135310.0
7502,M,203,276,Czechia,Germany,False,False,False,False,6860297.0,245792.399
7502,M,203,380,Czechia,Italy,False,False,False,False,10966748.0,505006.0
7502,M,203,392,Czechia,Japan,False,False,False,False,314304.0,13744.0
7502,M,203,450,Czechia,Madagascar,False,False,False,False,2832976.0,144000.0
7502,M,203,490,Czechia,"Other Asia, nes",False,False,False,False,424505.0,14454.0
7502,M,203,528,Czechia,Netherlands,False,False,True,False,2283963.0,105005.0
7502,M,203,558,Czechia,Nicaragua,False,False,False,False,5598.0,118.0
7502,M,203,568,Czechia,"Other Europe, nes",False,False,False,False,91385.0,2739.0
7502,M,203,579,Czechia,Norway,False,False,False,False,42579.0,1783.0
7502,M,203,616,Czechia,Poland,False,False,False,False,1019710.0,39871.0
7502,M,203,643,Czechia,Russian Federation,False,False,False,False,25996497.0,1131824.0
7502,M,203,703,Czechia,Slovakia,False,False,False,False,20736.0,900.0
7502,M,203,705,Czechia,Slovenia,False,False,False,False,7033.0,54.0
7502,M,203,710,Czechia,South Africa,False,False,False,False,1239772.0,52125.0
7502,M,203,724,Czechia,Spain,False,False,False,False,243246.0,9498.0
7502,M,203,752,Czechia,Sweden,False,False,False,False,3592365.0,170020.0
7502,M,203,757,Czechia,Switzerland,False,False,False,False,645.0,3.0
7502,M,203,826,Czechia,United Kingdom,False,False,False,False,11312302.0,319707.602
7502,M,203,842,Czechia,USA,False,False,False,False,3992.0,122.376
7502,M,208,156,Denmark,China,False,False,False,False,1025.879,12.0
7502,M,208,251,Denmark,France,False,False,False,False,116376.862,3987.0
7502,M,208,276,Denmark,Germany,False,False,False,False,983396.398,30576.0
7502,M,208,380,Denmark,Italy,False,False,False,False,111068.36,3700.0
7502,M,208,442,Denmark,Luxembourg,False,False,False,False,2286971.48,96000.0
7502,M,208,450,Denmark,Madagascar,False,False,False,False,8826929.117,360400.0
7502,M,208,490,Denmark,"Other Asia, nes",False,False,False,False,53.994,1.0
7502,M,208,528,Denmark,Netherlands,False,False,True,False,1973.235,57.0
7502,M,208,579,Denmark,Norway,False,False,False,False,30.916,1.0
7502,M,208,752,Denmark,Sweden,False,False,False,False,593234.871,18174.0
7502,M,208,804,Denmark,Ukraine,False,False,False,False,150.66,5.0
7502,M,208,842,Denmark,USA,False,False,False,False,6513.634,135.0
7502,M,208,899,Denmark,"Areas, nes",False,False,False,False,274.613,5.0
7502,M,276,36,Germany,Australia,False,False,False,False,123617507.464,5253846.0
7502,M,276,40,Germany,Austria,False,False,False,False,5028592.528,155823.0
7502,M,276,51,Germany,Armenia,False,False,False,False,99060.775,3948.0
7502,M,276,56,Germany,Belgium,False,False,True,False,13170949.688,532026.0
7502,M,276,76,Germany,Brazil,False,False,False,False,264818.793,10629.0
7502,M,276,124,Germany,Canada,False,False,False,False,53823085.977,2265533.0
7502,M,276,152,Germany,Chile,False,False,False,False,988798.931,36000.0
7502,M,276,156,Germany,China,False,False,False,False,320176.862,12269.362
7502,M,276,203,Germany,Czechia,False,False,False,False,7837.114,250.0
7502,M,276,214,Germany,Dominican Rep.,False,False,False,False,5491749.842,479980.0
7502,M,276,233,Germany,Estonia,False,False,False,False,4655.603,701.0
7502,M,276,246,Germany,Finland,False,False,False,False,48125247.725,2094888.0
7502,M,276,251,Germany,France,False,False,False,False,56219271.653,2423129.0
7502,M,276,380,Germany,Italy,False,False,False,False,7015076.377,257192.0
7502,M,276,392,Germany,Japan,False,False,False,False,11771531.984,491673.55
7502,M,276,398,Germany,Kazakhstan,False,False,False,False,8049372.656,256595.0
7502,M,276,442,Germany,Luxembourg,False,False,False,False,27095197.822,1181540.0
7502,M,276,450,Germany,Madagascar,False,False,False,False,2526039.942,96000.0
7502,M,276,484,Germany,Mexico,False,False,False,False,337460.381,12070.0
7502,M,276,504,Germany,Morocco,False,False,False,False,37420.367,289.0
7502,M,276,528,Germany,Netherlands,False,False,True,False,78891213.337,3402431.0
7502,M,276,579,Germany,Norway,False,False,False,False,353336591.761,14811597.795
7502,M,276,608,Germany,Philippines,False,False,False,False,22007.812,901.0
7502,M,276,616,Germany,Poland,False,False,False,False,185064.054,7931.0
7502,M,276,642,Germany,Romania,False,False,False,False,1114519.85,41600.0
7502,M,276,643,Germany,Russian Federation,False,False,False,False,284508102.232,11841925.0
7502,M,276,699,Germany,India,False,False,False,False,6439.343,249.0
7502,M,276,705,Germany,Slovenia,False,False,False,False,19797416.194,989724.0
7502,M,276,710,Germany,South Africa,False,False,False,False,55944686.995,2309539.0
7502,M,276,724,Germany,Spain,False,False,False,False,436861.331,12213.0
7502,M,276,752,Germany,Sweden,False,False,False,False,743531.491,24000.0
7502,M,276,757,Germany,Switzerland,False,False,False,False,1138300.498,46462.009
7502,M,276,826,Germany,United Kingdom,False,False,False,False,120590539.854,4952360.803
7502,M,276,842,Germany,USA,False,False,False,False,18061772.334,1535591.549
7502,M,360,36,Indonesia,Australia,False,False,False,False,1263518.0,43997.0
7502,M,360,56,Indonesia,Belgium,False,False,True,False,300000.0,10000.0
7502,M,360,124,Indonesia,Canada,False,False,False,False,2676258.0,109000.0
7502,M,360,156,Indonesia,China,False,False,False,False,211920.0,10737.0
7502,M,360,246,Indonesia,Finland,False,False,False,False,295725.0,12000.0
7502,M,360,251,Indonesia,France,False,False,False,False,400250.0,17000.0
7502,M,360,276,Indonesia,Germany,False,False,False,False,8528.0,314.0
7502,M,360,380,Indonesia,Italy,False,False,False,False,10158.0,205.0
7502,M,360,392,Indonesia,Japan,False,False,False,False,2213792.0,88442.0
7502,M,360,410,Indonesia,Rep. of Korea,False,False,False,False,552180.0,22413.0
7502,M,360,458,Indonesia,Malaysia,False,False,False,False,66465.0,3000.0
7502,M,360,490,Indonesia,"Other Asia, nes",False,False,False,False,460943.0,20266.0
7502,M,360,579,Indonesia,Norway,False,False,False,False,190050.0,7000.0
7502,M,360,702,Indonesia,Singapore,False,False,True,False,10959.0,114.0
7502,M,360,710,Indonesia,South Africa,False,False,False,False,131121.0,5990.0
7502,M,360,842,Indonesia,USA,False,False,False,False,21435.0,165.0
7502,M,372,124,Ireland,Canada,False,False,False,False,25942.878,2061.0
7502,M,372,380,Ireland,Italy,False,False,False,False,26577.583,1000.0
7502,M,372,392,Ireland,Japan,False,False,False,False,153.54,3.0
7502,M,372,699,Ireland,India,False,False,False,False,20.544,1.0
7502,M,372,757,Ireland,Switzerland,False,False,False,False,31.357,0.749
7502,M,372,826,Ireland,United Kingdom,False,False,False,False,33466948.406,883945.0
7502,M,372,842,Ireland,USA,False,False,False,False,490835.402,13951.278
7502,M,380,36,Italy,Australia,False,False,False,False,5601011.459,183716.0
7502,M,380,40,Italy,Austria,False,False,False,False,3325879.555,147000.0
7502,M,380,56,Italy,Belgium,False,False,True,False,92881590.781,4055229.0
7502,M,380,100,Italy,Bulgaria,False,False,False,False,1648322.647,66340.0
7502,M,380,124,Italy,Canada,False,False,False,False,37185010.576,1520000.0
7502,M,380,156,Italy,China,False,False,False,False,468679.127,13189.0
7502,M,380,203,Italy,Czechia,False,False,False,False,515116.371,24000.0
7502,M,380,233,Italy,Estonia,False,False,False,False,2668896.416,109008.0
7502,M,380,246,Italy,Finland,False,False,False,False,17192464.082,666385.0
7502,M,380,251,Italy,France,False,False,False,False,6587298.199,263586.0
7502,M,380,276,Italy,Germany,False,False,False,False,21206002.366,741939.0
7502,M,380,392,Italy,Japan,False,False,False,False,6984990.96,297903.0
7502,M,380,442,Italy,Luxembourg,False,False,False,False,9096466.371,354774.0
7502,M,380,450,Italy,Madagascar,False,False,False,False,11270763.488,483120.0
7502,M,380,528,Italy,Netherlands,False,False,True,False,434813273.876,20445270.0
7502,M,380,616,Italy,Poland,False,False,False,False,2641747.924,113006.0
7502,M,380,705,Italy,Slovenia,False,False,False,False,5139216.769,218158.0
7502,M,380,710,Italy,South Africa,False,False,False,False,80336451.666,3660000.0
7502,M,380,724,Italy,Spain,False,False,False,False,1582676.667,87302.0
7502,M,380,757,Italy,Switzerland,False,False,False,False,400749.507,33190.0
7502,M,380,826,Italy,United Kingdom,False,False,False,False,28223197.83,796655.0
7502,M,380,842,Italy,USA,False,False,False,False,30738879.564,562686.0
7502,M,392,36,Japan,Australia,False,False,False,False,390567150.897,17428087.0
7502,M,392,56,Japan,Belgium,False,False,True,False,2442578.819,80200.0
7502,M,392,124,Japan,Canada,False,False,False,False,148113181.829,6258000.0
7502,M,392,156,Japan,China,False,False,False,False,74616.736,2492.0
7502,M,392,246,Japan,Finland,False,False,False,False,19753924.942,797895.0
7502,M,392,360,Japan,Indonesia,False,False,False,False,48586.649,2340.0
7502,M,392,410,Japan,Rep. of Korea,False,False,False,False,110312.904,3000.0
7502,M,392,450,Japan,Madagascar,False,False,False,False,297759078.112,12460000.0
7502,M,392,579,Japan,Norway,False,False,False,False,80666165.309,3188000.0
7502,M,392,710,Japan,South Africa,False,False,False,False,36847214.811,1540000.0
7502,M,392,826,Japan,United Kingdom,False,False,False,False,86936234.622,2869316.0
7502,M,392,842,Japan,USA,False,False,False,False,2417253.402,60701.0
7502,M,410,36,Rep. of Korea,Australia,False,False,False,False,261848062.0,10477308.0
7502,M,410,40,Rep. of Korea,Austria,False,False,False,False,127.0,0.02
7502,M,410,56,Rep. of Korea,Belgium,False,False,True,False,5580008.0,117000.0
7502,M,410,124,Rep. of Korea,Canada,False,False,False,False,107814577.0,4382009.0
7502,M,410,156,Rep. of Korea,China,False,False,False,False,512520.0,19563.135
7502,M,410,246,Rep. of Korea,Finland,False,False,False,False,165322845.0,6993821.0
7502,M,410,251,Rep. of Korea,France,False,False,False,False,1479.0,1.53
7502,M,410,276,Rep. of Korea,Germany,False,False,False,False,61202.0,5559.799
7502,M,410,360,Rep. of Korea,Indonesia,False,False,False,False,343.0,18.23
7502,M,410,380,Rep. of Korea,Italy,False,False,False,False,132.0,0.45
7502,M,410,392,Rep. of Korea,Japan,False,False,False,False,40224705.0,1708253.4
7502,M,410,450,Rep. of Korea,Madagascar,False,False,False,False,192859146.0,8112000.0
7502,M,410,528,Rep. of Korea,Netherlands,False,False,True,False,21529.0,511.0
7502,M,410,579,Rep. of Korea,Norway,False,False,False,False,80306230.0,3335637.0
7502,M,410,699,Rep. of Korea,India,False,False,False,False,2258977.0,94880.0
7502,M,410,704,Rep. of Korea,Viet Nam,False,False,False,False,5289497.0,200660.74
7502,M,410,710,Rep. of Korea,South Africa,False,False,False,False,14251498.0,638246.0
7502,M,410,757,Rep. of Korea,Switzerland,False,False,False,False,264.0,0.488
7502,M,410,804,Rep. of Korea,Ukraine,False,False,False,False,52647.0,0.0
7502,M,410,826,Rep. of Korea,United Kingdom,False,False,False,False,5363170.0,150653.6
7502,M,410,842,Rep. of Korea,USA,False,False,False,False,725519.0,6165.296
7502,M,458,36,Malaysia,Australia,False,False,False,False,264473.262,12002.0
7502,M,458,124,Malaysia,Canada,False,False,False,False,10161218.974,689723.0
7502,M,458,144,Malaysia,Sri Lanka,False,False,False,False,8401485.72,313283.0
7502,M,458,156,Malaysia,China,False,False,False,False,3343077.911,178929.54
7502,M,458,246,Malaysia,Finland,False,False,False,False,17630008.34,16022800.0
7502,M,458,251,Malaysia,France,False,False,False,False,1370.207,112.0
7502,M,458,276,Malaysia,Germany,False,False,False,False,24583.919,1040.92
7502,M,458,344,Malaysia,"China, Hong Kong SAR",False,False,True,False,417194.263,42001.0
7502,M,458,380,Malaysia,Italy,False,False,False,False,24051.097,3000.0
7502,M,458,392,Malaysia,Japan,False,False,False,False,2086447.567,158663.3
7502,M,458,410,Malaysia,Rep. of Korea,False,False,False,False,7133.016,7080.0
7502,M,458,490,Malaysia,"Other Asia, nes",False,False,False,False,7831.824,11250.0
7502,M,458,528,Malaysia,Netherlands,False,False,True,False,4042054.693,639656.0
7502,M,458,579,Malaysia,Norway,False,False,False,False,15383319.09,785096.0
7502,M,458,699,Malaysia,India,False,False,False,False,3359331.39,192867.0
7502,M,458,702,Malaysia,Singapore,False,False,True,False,2027393.362,192489.25
7502,M,458,710,Malaysia,South Africa,False,False,False,False,18146380.488,864013.0
7502,M,458,764,Malaysia,Thailand,False,False,False,False,14461.619,20400.0
7502,M,458,826,Malaysia,United Kingdom,False,False,False,False,6531770.795,394627.2
7502,M,458,842,Malaysia,USA,False,False,False,False,37298.408,2747.88
7502,M,484,124,Mexico,Canada,False,False,False,False,23062566.0,0.0
7502,M,484,246,Mexico,Finland,False,False,False,False,878548.0,32001.0
7502,M,484,579,Mexico,Norway,False,False,False,False,17802930.0,724314.0
7502,M,484,826,Mexico,United Kingdom,False,False,False,False,76322.0,0.0
7502,M,484,842,Mexico,USA,False,False,False,False,16642752.0,0.0
7502,M,528,36,Netherlands,Australia,False,False,False,True,373047677.797,15818300.0
7502,M,528,40,Netherlands,Austria,False,False,False,True,44523.398,1728.135
7502,M,528,56,Netherlands,Belgium,False,False,True,True,10157307.664,411236.0
7502,M,528,68,Netherlands,Bolivia (Plurinational State of),False,False,False,True,632366.977,25474.0
7502,M,528,100,Netherlands,Bulgaria,False,False,False,True,555.772,21.0
7502,M,528,144,Netherlands,Sri Lanka,False,False,False,True,30983.752,1400.0
7502,M,528,156,Netherlands,China,False,False,False,True,26342687.885,1174934.0
7502,M,528,191,Netherlands,Croatia,False,False,False,True,255.179,9.0
7502,M,528,196,Netherlands,Cyprus,False,False,False,True,63.795,2.0
7502,M,528,203,Netherlands,Czechia,False,False,False,True,9605.99,371.0
7502,M,528,208,Netherlands,Denmark,False,False,False,True,16603.961,629.0
7502,M,528,246,Netherlands,Finland,False,False,False,True,989009.375,34434.045
7502,M,528,251,Netherlands,France,False,False,False,True,59291425.329,2812740.0
7502,M,528,276,Netherlands,Germany,False,False,False,True,3042990.489,121127.0
7502,M,528,300,Netherlands,Greece,False,False,False,True,190.303,7.0
7502,M,528,348,Netherlands,Hungary,False,False,False,True,3279.488,134.0
7502,M,528,372,Netherlands,Ireland,False,False,False,True,1358.073,52.09
7502,M,528,380,Netherlands,Italy,False,False,False,True,187065.959,7044.0
7502,M,528,392,Netherlands,Japan,False,False,False,True,46284842.936,2180020.0
7502,M,528,410,Netherlands,Rep. of Korea,False,False,False,True,3961333.554,170944.0
7502,M,528,428,Netherlands,Latvia,False,False,False,True,10.813,0.475
7502,M,528,440,Netherlands,Lithuania,False,False,False,True,91.908,2.18
7502,M,528,442,Netherlands,Luxembourg,False,False,False,True,816.358,32.0
7502,M,528,450,Netherlands,Madagascar,False,False,False,True,10950108.954,526602.0
7502,M,528,458,Netherlands,Malaysia,False,False,False,True,904418.487,44092.0
7502,M,528,579,Netherlands,Norway,False,False,False,True,19068128.863,947516.0
7502,M,528,616,Netherlands,Poland,False,False,False,True,1806.8,69.0
7502,M,528,620,Netherlands,Portugal,False,False,False,True,460.62,17.09
7502,M,528,642,Netherlands,Romania,False,False,False,True,1469.444,55.045
7502,M,528,643,Netherlands,Russian Federation,False,False,False,True,112355109.956,4911800.0
7502,M,528,699,Netherlands,India,False,False,False,True,12719905.643,461641.0
7502,M,528,702,Netherlands,Singapore,False,False,True,True,11986597.915,698444.0
7502,M,528,703,Netherlands,Slovakia,False,False,False,True,351.412,13.0
7502,M,528,704,Netherlands,Viet Nam,False,False,False,True,3680.638,131.0
7502,M,528,705,Netherlands,Slovenia,False,False,False,True,3533.586,134.0
7502,M,528,710,Netherlands,South Africa,False,False,False,True,107191883.618,4813132.0
7502,M,528,724,Netherlands,Spain,False,False,False,True,5293.891,205.0
7502,M,528,752,Netherlands,Sweden,False,False,False,True,2204.707,82.0
7502,M,528,826,Netherlands,United Kingdom,False,False,False,True,11506859.573,423166.045
7502,M,528,842,Netherlands,USA,False,False,False,True,709.312,32.0
7502,M,616,36,Poland,Australia,False,False,False,False,3781350.0,144043.0
7502,M,616,56,Poland,Belgium,False,False,True,False,1331022.0,58218.0
7502,M,616,124,Poland,Canada,False,False,False,False,341185.0,13000.0
7502,M,616,156,Poland,China,False,False,False,False,80822.0,4008.0
7502,M,616,203,Poland,Czechia,False,False,False,False,44818.0,2330.0
7502,M,616,246,Poland,Finland,False,False,False,False,5505978.0,262219.0
7502,M,616,251,Poland,France,False,False,False,False,1608377.0,75879.0
7502,M,616,276,Poland,Germany,False,False,False,False,2514104.0,101253.162
7502,M,616,380,Poland,Italy,False,False,False,False,715553.0,28507.0
7502,M,616,392,Poland,Japan,False,False,False,False,4638813.0,205048.0
7502,M,616,440,Poland,Lithuania,False,False,False,False,80713.0,8009.0
7502,M,616,450,Poland,Madagascar,False,False,False,False,669393.0,24000.0
7502,M,616,528,Poland,Netherlands,False,False,True,False,14982767.0,757354.0
7502,M,616,579,Poland,Norway,False,False,False,False,2875816.0,115265.0
7502,M,616,620,Poland,Portugal,False,False,False,False,8583.0,240.0
7502,M,616,643,Poland,Russian Federation,False,False,False,False,12792656.0,571673.0
7502,M,616,710,Poland,South Africa,False,False,False,False,1566053.0,67022.0
7502,M,616,826,Poland,United Kingdom,False,False,False,False,3433737.0,105890.0
7502,M,616,842,Poland,USA,False,False,False,False,28849795.0,445617.928
7502,M,699,36,India,Australia,False,False,False,False,27473341.053,1261322.0
7502,M,699,40,India,Austria,False,False,False,False,57740.301,490.0
7502,M,699,56,India,Belgium,False,False,True,False,647956.269,22650.0
7502,M,699,100,India,Bulgaria,False,False,False,False,16310.068,250.0
7502,M,699,124,India,Canada,False,False,False,False,103864837.605,4406014.0
7502,M,699,156,India,China,False,False,False,False,53778696.763,2486720.0
7502,M,699,233,India,Estonia,False,False,False,False,258131.443,40440.0
7502,M,699,246,India,Finland,False,False,False,False,38490517.656,1856732.0
7502,M,699,251,India,France,False,False,False,False,1068920.848,48027.0
7502,M,699,276,India,Germany,False,False,False,False,615551.07,49983.0
7502,M,699,376,India,Israel,False,False,False,False,583634.207,23024.0
7502,M,699,380,India,Italy,False,False,False,False,293626.482,13270.0
7502,M,699,392,India,Japan,False,False,False,False,95608594.282,3981285.0
7502,M,699,410,India,Rep. of Korea,False,False,False,False,13713524.604,604170.0
7502,M,699,450,India,Madagascar,False,False,False,False,9993266.974,485978.0
7502,M,699,490,India,"Other Asia, nes",False,False,False,False,4.031,0.173
7502,M,699,528,India,Netherlands,False,False,True,False,6214963.888,259558.0
7502,M,699,579,India,Norway,False,False,False,False,151862756.981,6413435.0
7502,M,699,616,India,Poland,False,False,False,False,9447.427,23.0
7502,M,699,643,India,Russian Federation,False,False,False,False,150495245.001,6380280.0
7502,M,699,702,India,Singapore,False,False,True,False,8454213.065,330765.0
7502,M,699,705,India,Slovenia,False,False,False,False,544487.941,10745.0
7502,M,699,710,India,South Africa,False,False,False,False,45689268.006,1970514.0
7502,M,699,752,India,Sweden,False,False,False,False,166746.903,5000.0
7502,M,699,757,India,Switzerland,False,False,False,False,10821362.463,384000.0
7502,M,699,784,India,United Arab Emirates,False,False,True,False,733465.093,32884.0
7502,M,699,792,India,Türkiye,False,False,False,False,40762.276,1880.0
7502,M,699,826,India,United Kingdom,False,False,False,False,30059846.362,1168545.0
7502,M,699,842,India,USA,False,False,False,False,2885237.043,62235.0
7502,M,702,36,Singapore,Australia,False,False,False,True,132230661.521,6477596.0
7502,M,702,56,Singapore,Belgium,False,False,True,True,279322.33,11000.0
7502,M,702,124,Singapore,Canada,False,False,False,True,25817917.518,1068020.05
7502,M,702,156,Singapore,China,False,False,False,True,62115658.381,3757597.4
7502,M,702,276,Singapore,Germany,False,False,False,True,19389.111,150.26
7502,M,702,392,Singapore,Japan,False,False,False,True,22271.417,446.21
7502,M,702,450,Singapore,Madagascar,False,False,False,True,6434520.658,152120.0
7502,M,702,458,Singapore,Malaysia,False,False,False,True,1252208.941,87418.0
7502,M,702,528,Singapore,Netherlands,False,False,True,True,497956.148,20000.0
7502,M,702,579,Singapore,Norway,False,False,False,True,181661.97,7000.0
7502,M,702,643,Singapore,Russian Federation,False,False,False,True,62217397.602,2346950.0
7502,M,702,699,Singapore,India,False,False,False,True,2066.236,16.0
7502,M,702,710,Singapore,South Africa,False,False,False,True,50259843.302,2232970.0
7502,M,702,826,Singapore,United Kingdom,False,False,False,True,1056621.658,40005.0
7502,M,702,842,Singapore,USA,False,False,False,True,874611.219,6441.81
7502,M,704,36,Viet Nam,Australia,False,False,False,False,6000443.063,250857.691
7502,M,704,124,Viet Nam,Canada,False,False,False,False,3686742.82,154129.917
7502,M,704,156,Viet Nam,China,False,False,False,False,224690.45,9295.112
7502,M,704,246,Viet Nam,Finland,False,False,False,False,2386524.54,99772.305
7502,M,704,392,Viet Nam,Japan,False,False,False,False,1856751.274,77602.964
7502,M,704,410,Viet Nam,Rep. of Korea,False,False,False,False,4136707.203,170465.385
7502,M,704,490,Viet Nam,"Other Asia, nes",False,False,False,False,475084.55,16561.404
7502,M,704,579,Viet Nam,Norway,False,False,False,False,6479595.305,270889.382
7502,M,704,792,Viet Nam,Türkiye,False,False,False,False,49121.0,2053.578
7502,M,704,826,Viet Nam,United Kingdom,False,False,False,False,1265861.75,52921.285
7502,M,704,842,Viet Nam,USA,False,False,False,False,9442.56,313.432
7502,M,710,56,South Africa,Belgium,False,False,True,False,1670.981,55.39
7502,M,710,156,South Africa,China,False,False,False,False,79.674,2.24
7502,M,710,246,South Africa,Finland,False,False,False,False,23492.968,1004.0
7502,M,710,251,South Africa,France,False,False,False,False,14853.299,270.0
7502,M,710,276,South Africa,Germany,False,False,False,False,2234.117,11.34
7502,M,710,376,South Africa,Israel,False,False,False,False,15303.646,591.0
7502,M,710,490,South Africa,"Other Asia, nes",False,False,False,False,314.088,0.5
7502,M,710,703,South Africa,Slovakia,False,False,False,False,671.753,1040.0
7502,M,710,792,South Africa,Türkiye,False,False,False,False,206963.115,6240.0
7502,M,710,826,South Africa,United Kingdom,False,False,False,False,34960.405,1000.0
7502,M,710,842,South Africa,USA,False,False,False,False,7018.823,51.89
7502,M,710,899,South Africa,"Areas, nes",False,False,False,False,307.692,2.19
7502,M,724,36,Spain,Australia,False,False,False,False,60810987.806,2650527.0
7502,M,724,56,Spain,Belgium,False,False,True,False,6629687.454,307170.0
7502,M,724,124,Spain,Canada,False,False,False,False,26080330.24,1142501.9
7502,M,724,156,Spain,China,False,False,False,False,1570.629,34.0
7502,M,724,233,Spain,Estonia,False,False,False,False,7402770.773,452819.0
7502,M,724,246,Spain,Finland,False,False,False,False,8684130.865,304302.0
7502,M,724,251,Spain,France,False,False,False,False,350734.8,13661.0
7502,M,724,276,Spain,Germany,False,False,False,False,9666810.288,457564.79
7502,M,724,380,Spain,Italy,False,False,False,False,215155.198,33740.79
7502,M,724,392,Spain,Japan,False,False,False,False,3312139.917,149105.0
7502,M,724,450,Spain,Madagascar,False,False,False,False,26112997.603,1128000.0
7502,M,724,528,Spain,Netherlands,False,False,True,False,90267430.843,3663935.0
7502,M,724,579,Spain,Norway,False,False,False,False,30514690.594,1168221.0
7502,M,724,616,Spain,Poland,False,False,False,False,1533081.038,57000.0
7502,M,724,620,Spain,Portugal,False,False,False,False,181902.901,7167.0
7502,M,724,643,Spain,Russian Federation,False,False,False,False,9658995.386,414636.0
7502,M,724,710,Spain,South Africa,False,False,False,False,12941204.902,497072.0
7502,M,724,716,Spain,Zimbabwe,False,False,False,False,9316.21,410.0
7502,M,724,757,Spain,Switzerland,False,False,False,False,41140.638,8.866
7502,M,724,826,Spain,United Kingdom,False,False,False,False,10409941.968,438088.0
7502,M,724,842,Spain,USA,False,False,False,False,21490479.998,418766.1
7502,M,752,36,Sweden,Australia,False,False,False,False,217456156.961,9218000.0
7502,M,752,56,Sweden,Belgium,False,False,True,False,6929206.33,309000.0
7502,M,752,76,Sweden,Brazil,False,False,False,False,714880.713,103000.0
7502,M,752,124,Sweden,Canada,False,False,False,False,65161400.548,2401000.0
7502,M,752,156,Sweden,China,False,False,False,False,471.246,18.994
7502,M,752,208,Sweden,Denmark,False,False,False,False,22337.077,1000.0
7502,M,752,246,Sweden,Finland,False,False,False,False,7052578.625,288000.0
7502,M,752,251,Sweden,France,False,False,False,False,348628.05,12000.0
7502,M,752,276,Sweden,Germany,False,False,False,False,392453.96,19068.139
7502,M,752,380,Sweden,Italy,False,False,False,False,702628.308,28000.0
7502,M,752,392,Sweden,Japan,False,False,False,False,7163792.763,409000.0
7502,M,752,442,Sweden,Luxembourg,False,False,False,False,928732.307,48000.0
7502,M,752,450,Sweden,Madagascar,False,False,False,False,36683983.617,1525000.0
7502,M,752,528,Sweden,Netherlands,False,False,True,False,58570737.595,2305000.0
7502,M,752,579,Sweden,Norway,False,False,False,False,73095869.592,3155020.587
7502,M,752,702,Sweden,Singapore,False,False,True,False,542875.795,24000.0
7502,M,752,710,Sweden,South Africa,False,False,False,False,31008.01,1000.0
7502,M,752,757,Sweden,Switzerland,False,False,False,False,4048006.146,192000.0
7502,M,752,784,Sweden,United Arab Emirates,False,False,True,False,94.249,3.586
7502,M,752,826,Sweden,United Kingdom,False,False,False,False,40710972.176,1735014.345
7502,M,752,842,Sweden,USA,False,False,False,False,398674.412,6043.035
7502,M,764,36,Thailand,Australia,False,False,False,False,571716.898,20769.0
7502,M,764,40,Thailand,Austria,False,False,False,False,28.438,1.796
7502,M,764,56,Thailand,Belgium,False,False,True,False,385074.505,15003.0
7502,M,764,124,Thailand,Canada,False,False,False,False,15691903.496,625000.0
7502,M,764,156,Thailand,China,False,False,False,False,2479273.506,107725.0
7502,M,764,246,Thailand,Finland,False,False,False,False,1773783.795,78500.0
7502,M,764,251,Thailand,France,False,False,False,False,46799.998,2000.0
7502,M,764,344,Thailand,"China, Hong Kong SAR",False,False,True,False,267305.484,11000.0
7502,M,764,380,Thailand,Italy,False,False,False,False,1843.559,50.0
7502,M,764,392,Thailand,Japan,False,False,False,False,11497950.797,460998.0
7502,M,764,410,Thailand,Rep. of Korea,False,False,False,False,1110209.575,49369.0
7502,M,764,458,Thailand,Malaysia,False,False,False,False,201229.187,7000.0
7502,M,764,490,Thailand,"Other Asia, nes",False,False,False,False,604814.266,66235.0
7502,M,764,579,Thailand,Norway,False,False,False,False,5660639.569,216565.0
7502,M,764,710,Thailand,South Africa,False,False,False,False,1465030.337,48077.0
7502,M,764,826,Thailand,United Kingdom,False,False,False,False,724408.961,30000.0
7502,M,764,842,Thailand,USA,False,False,False,False,28373.933,270.016
7502,M,792,36,Türkiye,Australia,False,False,False,False,4100572.0,165259.0
7502,M,792,56,Türkiye,Belgium,False,False,True,False,2538585.0,91915.0
7502,M,792,124,Türkiye,Canada,False,False,False,False,1680976.0,75000.0
7502,M,792,156,Türkiye,China,False,False,False,False,1592241.0,100625.0
7502,M,792,246,Türkiye,Finland,False,False,False,False,5955209.0,234691.0
7502,M,792,251,Türkiye,France,False,False,False,False,780854.0,26012.0
7502,M,792,276,Türkiye,Germany,False,False,False,False,500625.0,17103.0
7502,M,792,376,Türkiye,Israel,False,False,False,False,1031531.0,40199.0
7502,M,792,380,Türkiye,Italy,False,False,False,False,78987.0,1035.0
7502,M,792,392,Türkiye,Japan,False,False,False,False,45623738.0,1942166.0
7502,M,792,450,Türkiye,Madagascar,False,False,False,False,919690.0,44000.0
7502,M,792,579,Türkiye,Norway,False,False,False,False,24912845.0,1562361.0
7502,M,792,643,Türkiye,Russian Federation,False,False,False,False,42500055.0,1902037.0
7502,M,792,699,Türkiye,India,False,False,False,False,1515681.0,101045.0
7502,M,792,710,Türkiye,South Africa,False,False,False,False,443740.0,16000.0
7502,M,792,757,Türkiye,Switzerland,False,False,False,False,415.0,1.0
7502,M,792,826,Türkiye,United Kingdom,False,False,False,False,2663328.0,165036.0
7502,M,792,842,Türkiye,USA,False,False,False,False,167241.0,5140.0
7502,M,826,36,United Kingdom,Australia,False,False,False,False,49699239.378,1440582.0
7502,M,826,40,United Kingdom,Austria,False,False,False,False,130181.398,5192.0
7502,M,826,56,United Kingdom,Belgium,False,False,True,False,13755057.497,445700.0
7502,M,826,76,United Kingdom,Brazil,False,False,False,False,236786.558,10119.0
7502,M,826,124,United Kingdom,Canada,False,False,False,False,13442341.734,495510.0
7502,M,826,156,United Kingdom,China,False,False,False,False,1880086.813,58428.0
7502,M,826,203,United Kingdom,Czechia,False,False,False,False,35272.377,12421.0
7502,M,826,233,United Kingdom,Estonia,False,False,False,False,2726166.461,143960.0
7502,M,826,246,United Kingdom,Finland,False,False,False,False,46241430.244,1992817.0
7502,M,826,251,United Kingdom,France,False,False,False,False,8615783.392,387916.0
7502,M,826,276,United Kingdom,Germany,False,False,False,False,6711391.974,321201.0
7502,M,826,352,United Kingdom,Iceland,False,False,False,False,2781.718,1.0
7502,M,826,376,United Kingdom,Israel,False,False,False,False,1253756.635,54468.0
7502,M,826,380,United Kingdom,Italy,False,False,False,False,7008829.421,330878.0
7502,M,826,392,United Kingdom,Japan,False,False,False,False,2093952.168,144987.0
7502,M,826,428,United Kingdom,Latvia,False,False,False,False,21683.227,7241.0
7502,M,826,450,United Kingdom,Madagascar,False,False,False,False,2451983.328,144551.0
7502,M,826,490,United Kingdom,"Other Asia, nes",False,False,False,False,701543.445,20274.0
7502,M,826,528,United Kingdom,Netherlands,False,False,True,False,486952.208,23083.0
7502,M,826,579,United Kingdom,Norway,False,False,False,False,78034880.634,3084106.0
7502,M,826,682,United Kingdom,Saudi Arabia,False,False,False,False,1107138.494,39789.0
7502,M,826,699,United Kingdom,India,False,False,False,False,1394204.783,57366.0
7502,M,826,706,United Kingdom,Somalia,False,False,False,False,181541.25,12520.0
7502,M,826,710,United Kingdom,South Africa,False,False,False,False,17665058.557,666034.0
7502,M,826,724,United Kingdom,Spain,False,False,False,False,29822.05,14025.404
7502,M,826,757,United Kingdom,Switzerland,False,False,False,False,10731.613,439.0
7502,M,826,826,United Kingdom,United Kingdom,False,False,False,False,7960120.885,337642.0
7502,M,826,842,United Kingdom,USA,False,False,False,False,36820508.667,674100.0
7502,M,842,36,USA,Australia,False,False,False,False,244684974.0,10679360.0
7502,M,842,56,USA,Belgium,False,False,True,False,18686091.0,637286.0
7502,M,842,76,USA,Brazil,False,False,False,False,25845168.0,3973889.0
7502,M,842,124,USA,Canada,False,False,False,False,1151632946.0,48724336.0
7502,M,842,156,USA,China,False,False,False,False,656383.0,71918.0
7502,M,842,188,USA,Costa Rica,False,False,False,False,19273.0,679.0
7502,M,842,233,USA,Estonia,False,False,False,False,201907.0,19277.0
7502,M,842,246,USA,Finland,False,False,False,False,75778745.0,3163297.0
7502,M,842,251,USA,France,False,False,False,False,9449165.0,397956.0
7502,M,842,276,USA,Germany,False,False,False,False,733607.0,12084.0
7502,M,842,376,USA,Israel,False,False,False,False,2076444.0,122662.0
7502,M,842,380,USA,Italy,False,False,False,False,4083651.0,128938.0
7502,M,842,392,USA,Japan,False,False,False,False,76213269.0,3208030.0
7502,M,842,450,USA,Madagascar,False,False,False,False,75324464.0,3190974.0
7502,M,842,458,USA,Malaysia,False,False,False,False,14677078.0,623988.0
7502,M,842,484,USA,Mexico,False,False,False,False,52101.0,7529.0
7502,M,842,490,USA,"Other Asia, nes",False,False,False,False,61091.0,2306.0
7502,M,842,579,USA,Norway,False,False,False,False,355894737.0,14853470.0
7502,M,842,604,USA,Peru,False,False,False,False,611717.0,25052.0
7502,M,842,616,USA,Poland,False,False,False,False,40220.0,9645.0
7502,M,842,643,USA,Russian Federation,False,False,False,False,19045948.0,638053.0
7502,M,842,699,USA,India,False,False,False,False,19772.0,207.0
7502,M,842,702,USA,Singapore,False,False,True,False,371639.0,10367.0
7502,M,842,710,USA,South Africa,False,False,False,False,188601623.0,8265030.0
7502,M,842,826,USA,United Kingdom,False,False,False,False,80407766.0,2516251.0
8105,M,36,40,Australia,Austria,False,False,False,False,11200.777,7.0
8105,M,36,56,Australia,Belgium,False,False,True,False,50820.073,831.37
8105,M,36,124,Australia,Canada,False,False,False,False,24917.461,87.61
8105,M,36,156,Australia,China,False,False,False,False,5705432.223,125497.95
8105,M,36,251,Australia,France,False,False,False,False,26833.583,74.9
8105,M,36,276,Australia,Germany,False,False,False,False,150764.581,1563.91
8105,M,36,380,Australia,Italy,False,False,False,False,1924.281,19.8
8105,M,36,392,Australia,Japan,False,False,False,False,812472.754,22156.0
8105,M,36,410,Australia,Rep. of Korea,False,False,False,False,14440.526,2800.0
8105,M,36,699,Australia,India,False,False,False,False,6705.534,4.2
8105,M,36,826,Australia,United Kingdom,False,False,False,False,1963737.599,59071.44
8105,M,36,842,Australia,USA,False,False,False,False,576350.664,5036.349
8105,M,40,36,Austria,Australia,False,False,False,False,2703985.745,84059.0
8105,M,40,56,Austria,Belgium,False,False,True,False,1974473.27,38157.0
8105,M,40,124,Austria,Canada,False,False,False,False,2057764.473,45714.0
8105,M,40,156,Austria,China,False,False,False,False,13079785.359,401644.0
8105,M,40,191,Austria,Croatia,False,False,False,False,4067.733,61.0
8105,M,40,203,Austria,Czechia,False,False,False,False,551782.189,11298.0
8105,M,40,246,Austria,Finland,False,False,False,False,177525.926,3584.0
8105,M,40,251,Austria,France,False,False,False,False,1011636.002,18430.0
8105,M,40,276,Austria,Germany,False,False,False,False,2310196.364,33307.0
8105,M,40,372,Austria,Ireland,False,False,False,False,74605.372,1515.0
8105,M,40,380,Austria,Italy,False,False,False,False,120903.132,1156.0
8105,M,40,392,Austria,Japan,False,False,False,False,2243478.846,62808.0
8105,M,40,410,Austria,Rep. of Korea,False,False,False,False,18.382,0.488
8105,M,40,450,Austria,Madagascar,False,False,False,False,1282603.0,40000.0
8105,M,40,504,Austria,Morocco,False,False,False,False,2306204.32,55463.0
8105,M,40,643,Austria,Russian Federation,False,False,False,False,1970741.812,51169.0
8105,M,40,705,Austria,Slovenia,False,False,False,False,10451.542,341.0
8105,M,40,752,Austria,Sweden,False,False,False,False,658.493,1.0
8105,M,40,757,Austria,Switzerland,False,False,False,False,30705.866,2004.0
8105,M,40,826,Austria,United Kingdom,False,False,False,False,2415997.417,20017.0
8105,M,40,842,Austria,USA,False,False,False,False,137672.527,989.0
8105,M,56,40,Belgium,Austria,False,False,False,True,768047.234,7090.09
8105,M,56,76,Belgium,Brazil,False,False,False,True,8266.106,40.8
8105,M,56,124,Belgium,Canada,False,False,False,True,20879207.108,324062.78
8105,M,56,156,Belgium,China,False,False,False,True,3809.112,13.472
8105,M,56,180,Belgium,Dem. Rep. of the Congo,False,False,False,True,1917158.992,563255.0
8105,M,56,246,Belgium,Finland,False,False,False,True,5560926.941,164907.04
8105,M,56,251,Belgium,France,False,False,False,True,276149.18,6066.17
8105,M,56,276,Belgium,Germany,False,False,False,True,3611983.152,156164.61
8105,M,56,348,Belgium,Hungary,False,False,False,True,129.245,0.19
8105,M,56,380,Belgium,Italy,False,False,False,True,41453.951,50160.42
8105,M,56,392,Belgium,Japan,False,False,False,True,5146318.392,161691.71
8105,M,56,410,Belgium,Rep. of Korea,False,False,False,True,9375.622,100.0
8105,M,56,442,Belgium,Luxembourg,False,False,False,True,10729005.645,301283.63
8105,M,56,504,Belgium,Morocco,False,False,False,True,142086.619,4000.0
8105,M,56,528,Belgium,Netherlands,False,False,True,True,11031701.185,696854.2
8105,M,56,699,Belgium,India,False,False,False,True,28834.813,404.95
8105,M,56,710,Belgium,South Africa,False,False,False,True,12595206.145,1553395.63
8105,M,56,752,Belgium,Sweden,False,False,False,True,25008.441,124.19
8105,M,56,757,Belgium,Switzerland,False,False,False,True,640331.591,1907.34
8105,M,56,792,Belgium,Türkiye,False,False,False,True,1358.346,3431.99
8105,M,56,826,Belgium,United Kingdom,False,False,False,True,252842.062,16456.32
8105,M,56,842,Belgium,USA,False,False,False,True,26135336.204,2798617.05
8105,M,76,32,Brazil,Argentina,False,False,False,False,32.0,1.0
8105,M,76,40,Brazil,Austria,False,False,False,False,4166.0,120.0
8105,M,76,56,Brazil,Belgium,False,False,True,False,1321098.0,25587.0
8105,M,76,124,Brazil,Canada,False,False,False,False,6526277.0,177927.792
8105,M,76,156,Brazil,China,False,False,False,False,995363.0,30225.278
8105,M,76,246,Brazil,Finland,False,False,False,False,807620.0,25000.0
8105,M,76,251,Brazil,France,False,False,False,False,568335.0,4081.702
8105,M,76,276,Brazil,Germany,False,False,False,False,5948480.0,559512.017
8105,M,76,344,Brazil,"China, Hong Kong SAR",False,False,True,False,511454.0,12813.0
8105,M,76,380,Brazil,Italy,False,False,False,False,1170010.0,2448.257
8105,M,76,392,Brazil,Japan,False,False,False,False,642398.0,16886.263
8105,M,76,410,Brazil,Rep. of Korea,False,False,False,False,2044.0,9.0
8105,M,76,450,Brazil,Madagascar,False,False,False,False,200275.0,6000.0
8105,M,76,484,Brazil,Mexico,False,False,False,False,576767.0,14189.918
8105,M,76,504,Brazil,Morocco,False,False,False,False,809254.0,23000.0
8105,M,76,616,Brazil,Poland,False,False,False,False,21565.0,112.0
8105,M,76,643,Brazil,Russian Federation,False,False,False,False,1237454.0,26000.0
8105,M,76,699,Brazil,India,False,False,False,False,875.0,8.0
8105,M,76,702,Brazil,Singapore,False,False,True,False,210288.0,9.0
8105,M,76,710,Brazil,South Africa,False,False,False,False,466585.0,16800.0
8105,M,76,757,Brazil,Switzerland,False,False,False,False,6925.0,20.0
8105,M,76,826,Brazil,United Kingdom,False,False,False,False,2761991.0,8808.038
8105,M,76,842,Brazil,USA,False,False,False,False,9055168.0,246279.781
8105,M,124,36,Canada,Australia,False,False,False,False,1871906.672,57000.0
8105,M,124,40,Canada,Austria,False,False,False,False,287234.252,2695.0
8105,M,124,56,Canada,Belgium,False,False,True,False,466079.688,81733.0
8105,M,124,76,Canada,Brazil,False,False,False,False,2065.325,1420.0
8105,M,124,124,Canada,Canada,False,False,False,False,1391607.503,35811.0
8105,M,124,156,Canada,China,False,False,False,False,26218.811,311.146
8105,M,124,180,Canada,Dem. Rep. of the Congo,False,False,False,False,10.371,0.457
8105,M,124,188,Canada,Costa Rica,False,False,False,False,175756.338,34161.0
8105,M,124,246,Canada,Finland,False,False,False,False,342220.195,7702.0
8105,M,124,251,Canada,France,False,False,False,False,1657838.112,233895.0
8105,M,124,276,Canada,Germany,False,False,False,False,2220282.839,5462.424
8105,M,124,296,Canada,Kiribati,False,False,False,False,25533.58,128.0
8105,M,124,372,Canada,Ireland,False,False,False,False,18153.08,353.0
8105,M,124,380,Canada,Italy,False,False,False,False,20916.971,178.0
8105,M,124,392,Canada,Japan,False,False,False,False,1090290.817,233657.0
8105,M,124,410,Canada,Rep. of Korea,False,False,False,False,13279.417,79.0
8105,M,124,450,Canada,Madagascar,False,False,False,False,1529381.271,42000.0
8105,M,124,484,Canada,Mexico,False,False,False,False,52762.83,284.0
8105,M,124,490,Canada,"Other Asia, nes",False,False,False,False,36488.395,426.0
8105,M,124,504,Canada,Morocco,False,False,False,False,2544137.347,73000.0
8105,M,124,528,Canada,Netherlands,False,False,True,False,20.001,0.112
8105,M,124,540,Canada,New Caledonia,False,False,False,False,6113.747,380.0
8105,M,124,554,Canada,New Zealand,False,False,False,False,5906.326,31.0
8105,M,124,616,Canada,Poland,False,False,False,False,242.239,1.0
8105,M,124,699,Canada,India,False,False,False,False,22908.958,2678.196
8105,M,124,702,Canada,Singapore,False,False,True,False,40.003,3.0
8105,M,124,710,Canada,South Africa,False,False,False,False,15784.031,250.0
8105,M,124,724,Canada,Spain,False,False,False,False,429.659,3.0
8105,M,124,757,Canada,Switzerland,False,False,False,False,301.502,30.054
8105,M,124,792,Canada,Türkiye,False,False,False,False,329440.071,36810.0
8105,M,124,826,Canada,United Kingdom,False,False,False,False,1611924.634,7456.0
8105,M,124,842,Canada,USA,False,False,False,False,27158393.362,1544866.096
8105,M,152,124,Chile,Canada,False,False,False,False,24148.97,577.692
8105,M,152,156,Chile,China,False,False,False,False,79388.77,1436.38
8105,M,152,276,Chile,Germany,False,False,False,False,44025.03,267.841
8105,M,152,380,Chile,Italy,False,False,False,False,19874.55,300.0
8105,M,152,724,Chile,Spain,False,False,False,False,8171.46,50.0
8105,M,152,764,Chile,Thailand,False,False,False,False,1275.14,15.0
8105,M,152,826,Chile,United Kingdom,False,False,False,False,18818.72,210.35
8105,M,152,842,Chile,USA,False,False,False,False,234381.0,2485.58
8105,M,152,899,Chile,"Areas, nes",False,False,False,False,351.08,0.5
8105,M,156,36,China,Australia,False,False,False,False,9895147.0,249375.011
8105,M,156,56,China,Belgium,False,False,True,False,2216295.0,40811.0
8105,M,156,76,China,Brazil,False,False,False,False,780.0,8.269
8105,M,156,124,China,Canada,False,False,False,False,65754482.0,2036498.0
8105,M,156,156,China,China,False,False,False,False,23226.0,251.643
8105,M,156,178,China,Congo,False,False,False,False,2377035.0,394800.0
8105,M,156,180,China,Dem. Rep. of the Congo,False,False,False,False,2395890502.0,387012351.0
8105,M,156,246,China,Finland,False,False,False,False,3792411.0,68850.0
8105,M,156,251,China,France,False,False,False,False,6122146.0,14497.0
8105,M,156,276,China,Germany,False,False,False,False,9536309.0,54265.927
8105,M,156,344,China,"China, Hong Kong SAR",False,False,True,False,20498.0,155.0
8105,M,156,348,China,Hungary,False,False,False,False,6351.0,41.0
8105,M,156,372,China,Ireland,False,False,False,False,826563.0,132.0
8105,M,156,376,China,Israel,False,False,False,False,5617.0,70.0
8105,M,156,392,China,Japan,False,False,False,False,28611114.0,858430.0
8105,M,156,410,China,Rep. of Korea,False,False,False,False,191371.0,212.0
8105,M,156,450,China,Madagascar,False,False,False,False,6335432.0,198117.0
8105,M,156,454,China,Malawi,False,False,False,False,292.0,10.0
8105,M,156,458,China,Malaysia,False,False,False,False,47048.0,175.0
8105,M,156,484,China,Mexico,False,False,False,False,214.0,2.707
8105,M,156,490,China,"Other Asia, nes",False,False,False,False,1325340.0,5144.0
8105,M,156,504,China,Morocco,False,False,False,False,1071285.0,31500.0
8105,M,156,608,China,Philippines,False,False,False,False,984389.0,501721.0
8105,M,156,642,China,Romania,False,False,False,False,76.0,0.806
8105,M,156,643,China,Russian Federation,False,False,False,False,58689185.0,7948640.435
8105,M,156,699,China,India,False,False,False,False,225427.0,690.392
8105,M,156,702,China,Singapore,False,False,True,False,254738.0,52523.125
8105,M,156,704,China,Viet Nam,False,False,False,False,175320.0,40261.0
8105,M,156,710,China,South Africa,False,False,False,False,733637.0,123146.0
8105,M,156,752,China,Sweden,False,False,False,False,198739.0,2619.218
8105,M,156,757,China,Switzerland,False,False,False,False,157975.0,600.357
8105,M,156,788,China,Tunisia,False,False,False,False,172591.0,571.0
8105,M,156,826,China,United Kingdom,False,False,False,False,12723851.0,207874.0
8105,M,156,842,China,USA,False,False,False,False,46821618.0,532842.442
8105,M,156,894,China,Zambia,False,False,False,False,1845202.0,267168.0
8105,M,203,40,Czechia,Austria,False,False,False,False,330.0,1.918
8105,M,203,56,Czechia,Belgium,False,False,True,False,21018.0,205.976
8105,M,203,124,Czechia,Canada,False,False,False,False,489586.0,13462.981
8105,M,203,156,Czechia,China,False,False,False,False,97382.0,695.557
8105,M,203,246,Czechia,Finland,False,False,False,False,3846.0,40.0
8105,M,203,251,Czechia,France,False,False,False,False,412248.0,5092.0
8105,M,203,276,Czechia,Germany,False,False,False,False,644158.0,6926.0
8105,M,203,348,Czechia,Hungary,False,False,False,False,4977.0,998.0
8105,M,203,372,Czechia,Ireland,False,False,False,False,1300.0,20.0
8105,M,203,380,Czechia,Italy,False,False,False,False,385332.0,5184.49
8105,M,203,410,Czechia,Rep. of Korea,False,False,False,False,134.0,0.969
8105,M,203,442,Czechia,Luxembourg,False,False,False,False,5572.0,22.359
8105,M,203,528,Czechia,Netherlands,False,False,True,False,27308.0,201.397
8105,M,203,579,Czechia,Norway,False,False,False,False,164783.0,4000.0
8105,M,203,616,Czechia,Poland,False,False,False,False,129066.0,3033.0
8105,M,203,703,Czechia,Slovakia,False,False,False,False,254.0,2.0
8105,M,203,705,Czechia,Slovenia,False,False,False,False,88439.0,495.0
8105,M,203,757,Czechia,Switzerland,False,False,False,False,24991.0,20.0
8105,M,203,792,Czechia,Türkiye,False,False,False,False,4180.0,80.0
8105,M,203,804,Czechia,Ukraine,False,False,False,False,8361.0,40.0
8105,M,203,826,Czechia,United Kingdom,False,False,False,False,1468097.0,31498.944
8105,M,203,842,Czechia,USA,False,False,False,False,3669822.0,21299.27
8105,M,208,40,Denmark,Austria,False,False,False,False,28651.018,207.0
8105,M,208,156,Denmark,China,False,False,False,False,2.758,1.0
8105,M,208,251,Denmark,France,False,False,False,False,205024.806,2166.0
8105,M,208,276,Denmark,Germany,False,False,False,False,124116.818,132198.0
8105,M,208,392,Denmark,Japan,False,False,False,False,1189.747,9.0
8105,M,208,428,Denmark,Latvia,False,False,False,False,474.186,6.0
8105,M,208,752,Denmark,Sweden,False,False,False,False,46208.669,548.0
8105,M,208,826,Denmark,United Kingdom,False,False,False,False,100082.545,1573.0
8105,M,208,842,Denmark,USA,False,False,False,False,142582.927,327.0
8105,M,208,899,Denmark,"Areas, nes",False,False,False,False,0.726,1.0
8105,M,246,124,Finland,Canada,False,False,False,False,29285.079,88.895
8105,M,246,156,Finland,China,False,False,False,False,782.838,1.0
8105,M,246,233,Finland,Estonia,False,False,False,False,1050.993,4.135
8105,M,246,276,Finland,Germany,False,False,False,False,139154.946,608.333
8105,M,246,380,Finland,Italy,False,False,False,False,628.217,1.926
8105,M,246,458,Finland,Malaysia,False,False,False,False,1133384.686,330825.0
8105,M,246,699,Finland,India,False,False,False,False,632.542,3.0
8105,M,246,752,Finland,Sweden,False,False,False,False,20145.116,68.0
8105,M,246,757,Finland,Switzerland,False,False,False,False,31627.107,5.0
8105,M,246,826,Finland,United Kingdom,False,False,False,False,119841.326,508.0
8105,M,246,842,Finland,USA,False,False,False,False,290843.958,655.273
8105,M,276,36,Germany,Australia,False,False,False,False,149043.639,1574.0
8105,M,276,40,Germany,Austria,False,False,False,False,13730957.727,228541.0
8105,M,276,56,Germany,Belgium,False,False,True,False,16127619.867,314147.0
8105,M,276,76,Germany,Brazil,False,False,False,False,5108.08,1143.0
8105,M,276,100,Germany,Bulgaria,False,False,False,False,23923.478,2856.0
8105,M,276,124,Germany,Canada,False,False,False,False,19846055.802,510028.046
8105,M,276,156,Germany,China,False,False,False,False,6117213.267,127147.021
8105,M,276,188,Germany,Costa Rica,False,False,False,False,4098866.337,2922.28
8105,M,276,191,Germany,Croatia,False,False,False,False,27131.156,208.089
8105,M,276,203,Germany,Czechia,False,False,False,False,55074.59,8878.115
8105,M,276,208,Germany,Denmark,False,False,False,False,1747.759,123.0
8105,M,276,233,Germany,Estonia,False,False,False,False,1251.67,600.0
8105,M,276,246,Germany,Finland,False,False,False,False,8736549.54,182262.0
8105,M,276,251,Germany,France,False,False,False,False,4013599.014,60274.578
8105,M,276,268,Germany,Georgia,False,False,False,False,1728.134,146.0
8105,M,276,344,Germany,"China, Hong Kong SAR",False,False,True,False,23501.53,7.0
8105,M,276,348,Germany,Hungary,False,False,False,False,4289.261,207.0
8105,M,276,372,Germany,Ireland,False,False,False,False,914903.492,17979.0
8105,M,276,376,Germany,Israel,False,False,False,False,27268.535,7194.0
8105,M,276,380,Germany,Italy,False,False,False,False,743399.565,33014.384
8105,M,276,392,Germany,Japan,False,False,False,False,2817818.713,74073.65
8105,M,276,398,Germany,Kazakhstan,False,False,False,False,31459.668,2928.0
8105,M,276,410,Germany,Rep. of Korea,False,False,False,False,440.483,4.0
8105,M,276,428,Germany,Latvia,False,False,False,False,21057.065,3552.0
8105,M,276,440,Germany,Lithuania,False,False,False,False,110748.847,662.0
8105,M,276,442,Germany,Luxembourg,False,False,False,False,410317.849,10500.0
8105,M,276,446,Germany,"China, Macao SAR",False,False,False,False,35199.415,956.0
8105,M,276,450,Germany,Madagascar,False,False,False,False,1537079.646,38000.0
8105,M,276,458,Germany,Malaysia,False,False,False,False,34194.154,14.0
8105,M,276,484,Germany,Mexico,False,False,False,False,334459.861,9500.0
8105,M,276,490,Germany,"Other Asia, nes",False,False,False,False,7836.024,51.0
8105,M,276,504,Germany,Morocco,False,False,False,False,8266699.933,217450.0
8105,M,276,528,Germany,Netherlands,False,False,True,False,3765884.93,118056.137
8105,M,276,579,Germany,Norway,False,False,False,False,1310846.756,35000.0
8105,M,276,608,Germany,Philippines,False,False,False,False,229997.714,1605.0
8105,M,276,616,Germany,Poland,False,False,False,False,154421.024,43052.268
8105,M,276,620,Germany,Portugal,False,False,False,False,3533.679,60.0
8105,M,276,643,Germany,Russian Federation,False,False,False,False,4358314.286,130404.0
8105,M,276,699,Germany,India,False,False,False,False,1331.263,665.694
8105,M,276,703,Germany,Slovakia,False,False,False,False,127654.03,19297.0
8105,M,276,704,Germany,Viet Nam,False,False,False,False,846.077,30.0
8105,M,276,705,Germany,Slovenia,False,False,False,False,71556.734,4926.0
8105,M,276,710,Germany,South Africa,False,False,False,False,7248643.751,148858.856
8105,M,276,724,Germany,Spain,False,False,False,False,16829.952,1174.743
8105,M,276,752,Germany,Sweden,False,False,False,False,31528.357,1799.0
8105,M,276,757,Germany,Switzerland,False,False,False,False,2217467.199,60165.755
8105,M,276,792,Germany,Türkiye,False,False,False,False,21546.613,2212.15
8105,M,276,826,Germany,United Kingdom,False,False,False,False,16768590.704,266556.806
8105,M,276,842,Germany,USA,False,False,False,False,27368626.756,287616.928
8105,M,276,862,Germany,Venezuela,False,False,False,False,12767.475,250.0
8105,M,360,124,Indonesia,Canada,False,False,False,False,483808.0,12019.0
8105,M,360,156,Indonesia,China,False,False,False,False,232870.0,5136.0
8105,M,360,233,Indonesia,Estonia,False,False,False,False,13314.0,186.0
8105,M,360,251,Indonesia,France,False,False,False,False,20513.0,402.0
8105,M,360,276,Indonesia,Germany,False,False,False,False,94203.0,250.0
8105,M,360,392,Indonesia,Japan,False,False,False,False,1072022.0,16692.0
8105,M,360,410,Indonesia,Rep. of Korea,False,False,False,False,117.0,1.0
8105,M,360,490,Indonesia,"Other Asia, nes",False,False,False,False,3224.0,3.0
8105,M,360,504,Indonesia,Morocco,False,False,False,False,15575.0,250.0
8105,M,360,616,Indonesia,Poland,False,False,False,False,38894.0,210.0
8105,M,360,643,Indonesia,Russian Federation,False,False,False,False,7625.0,23.0
8105,M,360,699,Indonesia,India,False,False,False,False,3512.0,15.0
8105,M,360,702,Indonesia,Singapore,False,False,True,False,3029.0,500.0
8105,M,360,792,Indonesia,Türkiye,False,False,False,False,1.0,0.0
8105,M,360,826,Indonesia,United Kingdom,False,False,False,False,1428.0,11.0
8105,M,360,842,Indonesia,USA,False,False,False,False,723021.0,5692.0
8105,M,372,40,Ireland,Austria,False,False,False,False,946071.117,9753.0
8105,M,372,56,Ireland,Belgium,False,False,True,False,707556.234,7312.0
8105,M,372,124,Ireland,Canada,False,False,False,False,135870.052,2861.0
8105,M,372,136,Ireland,Cayman Isds,False,False,False,False,12810.871,1.0
8105,M,372,156,Ireland,China,False,False,False,False,3294409.231,8203.0
8105,M,372,203,Ireland,Czechia,False,False,False,False,1694.348,12.0
8105,M,372,251,Ireland,France,False,False,False,False,1235959.234,5318.0
8105,M,372,276,Ireland,Germany,False,False,False,False,2340645.97,14836.0
8105,M,372,348,Ireland,Hungary,False,False,False,False,333.031,4.0
8105,M,372,410,Ireland,Rep. of Korea,False,False,False,False,223519.849,1682.0
8105,M,372,490,Ireland,"Other Asia, nes",False,False,False,False,578.479,4.0
8105,M,372,528,Ireland,Netherlands,False,False,True,False,861364.533,3012.0
8105,M,372,568,Ireland,"Other Europe, nes",False,False,False,False,1521.345,8.0
8105,M,372,616,Ireland,Poland,False,False,False,False,2460.967,15.0
8105,M,372,699,Ireland,India,False,False,False,False,21.625,1.0
8105,M,372,703,Ireland,Slovakia,False,False,False,False,987.198,7.0
8105,M,372,710,Ireland,South Africa,False,False,False,False,2913579.936,14158.0
8105,M,372,752,Ireland,Sweden,False,False,False,False,1331.042,1.0
8105,M,372,757,Ireland,Switzerland,False,False,False,False,3155.142,4.0
8105,M,372,826,Ireland,United Kingdom,False,False,False,False,1594201.909,37065.0
8105,M,372,842,Ireland,USA,False,False,False,False,49216469.245,1221515.0
8105,M,380,40,Italy,Austria,False,False,False,False,425547.322,3777.0
8105,M,380,56,Italy,Belgium,False,False,True,False,5027503.339,118446.0
8105,M,380,124,Italy,Canada,False,False,False,False,91300.16,371.0
8105,M,380,156,Italy,China,False,False,False,False,386382.691,3771.0
8105,M,380,203,Italy,Czechia,False,False,False,False,18883.275,385.0
8105,M,380,246,Italy,Finland,False,False,False,False,1117411.105,24025.0
8105,M,380,251,Italy,France,False,False,False,False,4374156.506,1778726.0
8105,M,380,276,Italy,Germany,False,False,False,False,12315924.224,157246.0
8105,M,380,348,Italy,Hungary,False,False,False,False,15972.5,120.0
8105,M,380,372,Italy,Ireland,False,False,False,False,55657.221,409.0
8105,M,380,392,Italy,Japan,False,False,False,False,268910.425,4366.0
8105,M,380,410,Italy,Rep. of Korea,False,False,False,False,1368.886,8.0
8105,M,380,440,Italy,Lithuania,False,False,False,False,1363.48,26.0
8105,M,380,490,Italy,"Other Asia, nes",False,False,False,False,23911.174,20.0
8105,M,380,528,Italy,Netherlands,False,False,True,False,7013668.366,194950.0
8105,M,380,616,Italy,Poland,False,False,False,False,36633.381,880.0
8105,M,380,642,Italy,Romania,False,False,False,False,6507.075,83.0
8105,M,380,699,Italy,India,False,False,False,False,291315.392,2607.0
8105,M,380,724,Italy,Spain,False,False,False,False,540248.297,38128.0
8105,M,380,752,Italy,Sweden,False,False,False,False,527322.812,4370.0
8105,M,380,757,Italy,Switzerland,False,False,False,False,78338.993,40.0
8105,M,380,792,Italy,Türkiye,False,False,False,False,631916.088,50082.0
8105,M,380,826,Italy,United Kingdom,False,False,False,False,4204952.024,67252.0
8105,M,380,842,Italy,USA,False,False,False,False,10243312.851,70239.0
8105,M,392,36,Japan,Australia,False,False,False,False,9976982.921,245000.0
8105,M,392,40,Japan,Austria,False,False,False,False,60288.444,553.0
8105,M,392,56,Japan,Belgium,False,False,True,False,8005109.506,133467.0
8105,M,392,124,Japan,Canada,False,False,False,False,18897672.449,544980.0
8105,M,392,156,Japan,China,False,False,False,False,18383491.034,480905.0
8105,M,392,246,Japan,Finland,False,False,False,False,129466307.882,3455945.0
8105,M,392,251,Japan,France,False,False,False,False,2738789.395,691.0
8105,M,392,276,Japan,Germany,False,False,False,False,4158592.918,31750.0
8105,M,392,380,Japan,Italy,False,False,False,False,79456.894,12128.0
8105,M,392,410,Japan,Rep. of Korea,False,False,False,False,475246.612,14289.228
8105,M,392,450,Japan,Madagascar,False,False,False,False,25995480.027,681000.0
8105,M,392,490,Japan,"Other Asia, nes",False,False,False,False,3393491.997,23986.0
8105,M,392,504,Japan,Morocco,False,False,False,False,16079369.217,482957.0
8105,M,392,528,Japan,Netherlands,False,False,True,False,18542.077,664.0
8105,M,392,579,Japan,Norway,False,False,False,False,14663893.364,387500.0
8105,M,392,643,Japan,Russian Federation,False,False,False,False,166195.38,4000.0
8105,M,392,699,Japan,India,False,False,False,False,68481.123,3257.0
8105,M,392,704,Japan,Viet Nam,False,False,False,False,63249.482,98.0
8105,M,392,710,Japan,South Africa,False,False,False,False,2862163.609,58010.0
8105,M,392,752,Japan,Sweden,False,False,False,False,3074.924,44.0
8105,M,392,757,Japan,Switzerland,False,False,False,False,37262.102,91.873
8105,M,392,826,Japan,United Kingdom,False,False,False,False,9121420.862,191754.0
8105,M,392,842,Japan,USA,False,False,False,False,17493862.802,185490.0
8105,M,392,894,Japan,Zambia,False,False,False,False,1071112.818,33000.0
8105,M,410,36,Rep. of Korea,Australia,False,False,False,False,2099244.0,115822.0
8105,M,410,56,Rep. of Korea,Belgium,False,False,True,False,6085511.0,94321.505
8105,M,410,124,Rep. of Korea,Canada,False,False,False,False,9134430.0,258153.47
8105,M,410,156,Rep. of Korea,China,False,False,False,False,14903804.0,362219.171
8105,M,410,180,Rep. of Korea,Dem. Rep. of the Congo,False,False,False,False,43640478.0,6374845.0
8105,M,410,246,Rep. of Korea,Finland,False,False,False,False,1567812.0,36400.0
8105,M,410,251,Rep. of Korea,France,False,False,False,False,2340150.0,385216.661
8105,M,410,276,Rep. of Korea,Germany,False,False,False,False,1066836.0,9181.668
8105,M,410,344,Rep. of Korea,"China, Hong Kong SAR",False,False,True,False,12989.0,75.1
8105,M,410,348,Rep. of Korea,Hungary,False,False,False,False,564568.0,92332.605
8105,M,410,360,Rep. of Korea,Indonesia,False,False,False,False,214348.0,52988.105
8105,M,410,380,Rep. of Korea,Italy,False,False,False,False,25471.0,150.673
8105,M,410,392,Rep. of Korea,Japan,False,False,False,False,20729736.0,1462318.01
8105,M,410,442,Rep. of Korea,Luxembourg,False,False,False,False,1795.0,0.01
8105,M,410,450,Rep. of Korea,Madagascar,False,False,False,False,13945020.0,460001.0
8105,M,410,458,Rep. of Korea,Malaysia,False,False,False,False,8662413.0,793959.0
8105,M,410,484,Rep. of Korea,Mexico,False,False,False,False,2141156.0,65005.0
8105,M,410,490,Rep. of Korea,"Other Asia, nes",False,False,False,False,5616709.0,1383219.898
8105,M,410,498,Rep. of Korea,Rep. of Moldova,False,False,False,False,3245.0,1.7
8105,M,410,579,Rep. of Korea,Norway,False,False,False,False,3276878.0,95000.0
8105,M,410,586,Rep. of Korea,Pakistan,False,False,False,False,539331.0,94000.0
8105,M,410,699,Rep. of Korea,India,False,False,False,False,5863127.0,898408.985
8105,M,410,704,Rep. of Korea,Viet Nam,False,False,False,False,194.0,1.27
8105,M,410,710,Rep. of Korea,South Africa,False,False,False,False,360849.0,8000.4
8105,M,410,752,Rep. of Korea,Sweden,False,False,False,False,202234.0,34868.0
8105,M,410,757,Rep. of Korea,Switzerland,False,False,False,False,818816.0,1760.614
8105,M,410,792,Rep. of Korea,Türkiye,False,False,False,False,364.0,33.6
8105,M,410,826,Rep. of Korea,United Kingdom,False,False,False,False,1302668.0,24925.75
8105,M,410,842,Rep. of Korea,USA,False,False,False,False,13746176.0,124490.84
8105,M,458,56,Malaysia,Belgium,False,False,True,False,172264.6,209376.0
8105,M,458,124,Malaysia,Canada,False,False,False,False,14440.569,1568.0
8105,M,458,156,Malaysia,China,False,False,False,False,485850.006,431846.0
8105,M,458,246,Malaysia,Finland,False,False,False,False,7124926.96,337924.0
8105,M,458,251,Malaysia,France,False,False,False,False,91722.325,2787.0
8105,M,458,276,Malaysia,Germany,False,False,False,False,411885.121,413704.46
8105,M,458,344,Malaysia,"China, Hong Kong SAR",False,False,True,False,7439.772,377.0
8105,M,458,392,Malaysia,Japan,False,False,False,False,64177.408,56764.21
8105,M,458,410,Malaysia,Rep. of Korea,False,False,False,False,272299.824,310740.0
8105,M,458,484,Malaysia,Mexico,False,False,False,False,897.246,59.0
8105,M,458,490,Malaysia,"Other Asia, nes",False,False,False,False,519762.254,3343.38
8105,M,458,528,Malaysia,Netherlands,False,False,True,False,2810.581,184.0
8105,M,458,608,Malaysia,Philippines,False,False,False,False,326331.689,358526.0
8105,M,458,699,Malaysia,India,False,False,False,False,347240.672,146883.0
8105,M,458,702,Malaysia,Singapore,False,False,True,False,105917.752,2847.49
8105,M,458,710,Malaysia,South Africa,False,False,False,False,41767019.59,5303540.0
8105,M,458,792,Malaysia,Türkiye,False,False,False,False,18112.874,1752.0
8105,M,458,826,Malaysia,United Kingdom,False,False,False,False,14047.421,365.0
8105,M,458,842,Malaysia,USA,False,False,False,False,2043681.485,51528.65
8105,M,484,124,Mexico,Canada,False,False,False,False,449914.0,1518.0
8105,M,484,156,Mexico,China,False,False,False,False,265032.0,0.0
8105,M,484,276,Mexico,Germany,False,False,False,False,113201.0,0.0
8105,M,484,826,Mexico,United Kingdom,False,False,False,False,256728.0,0.0
8105,M,484,842,Mexico,USA,False,False,False,False,5512997.0,0.0
8105,M,528,36,Netherlands,Australia,False,False,False,True,746688.427,20002.0
8105,M,528,40,Netherlands,Austria,False,False,False,True,11513.348,37.0
8105,M,528,56,Netherlands,Belgium,False,False,True,True,1046505.834,712291.0
8105,M,528,100,Netherlands,Bulgaria,False,False,False,True,221.66,1.396
8105,M,528,124,Netherlands,Canada,False,False,False,True,4247491.294,123255.0
8105,M,528,156,Netherlands,China,False,False,False,True,12175558.257,331992.0
8105,M,528,191,Netherlands,Croatia,False,False,False,True,124.346,1.529
8105,M,528,196,Netherlands,Cyprus,False,False,False,True,7.569,0.182
8105,M,528,203,Netherlands,Czechia,False,False,False,True,2923.75,19.0
8105,M,528,208,Netherlands,Denmark,False,False,False,True,311.405,2.0
8105,M,528,233,Netherlands,Estonia,False,False,False,True,3795.253,121.359
8105,M,528,246,Netherlands,Finland,False,False,False,True,42.169,0.28
8105,M,528,251,Netherlands,France,False,False,False,True,506231.586,8787.0
8105,M,528,276,Netherlands,Germany,False,False,False,True,3819570.587,34741.0
8105,M,528,300,Netherlands,Greece,False,False,False,True,48.657,0.353
8105,M,528,348,Netherlands,Hungary,False,False,False,True,51673.827,10165.081
8105,M,528,372,Netherlands,Ireland,False,False,False,True,2413.392,193.0
8105,M,528,380,Netherlands,Italy,False,False,False,True,3585.487,32.208
8105,M,528,392,Netherlands,Japan,False,False,False,True,634335.967,12806.0
8105,M,528,428,Netherlands,Latvia,False,False,False,True,152.459,1.041
8105,M,528,440,Netherlands,Lithuania,False,False,False,True,8820.989,48.0
8105,M,528,442,Netherlands,Luxembourg,False,False,False,True,840.146,5.0
8105,M,528,450,Netherlands,Madagascar,False,False,False,True,2537850.984,71532.0
8105,M,528,470,Netherlands,Malta,False,False,False,True,29.194,1.038
8105,M,528,484,Netherlands,Mexico,False,False,False,True,6607174.079,194094.0
8105,M,528,490,Netherlands,"Other Asia, nes",False,False,False,True,2512046.509,70000.0
8105,M,528,504,Netherlands,Morocco,False,False,False,True,7111308.004,187127.0
8105,M,528,579,Netherlands,Norway,False,False,False,True,523865.996,14000.0
8105,M,528,616,Netherlands,Poland,False,False,False,True,311.405,2.0
8105,M,528,620,Netherlands,Portugal,False,False,False,True,355.737,43.202
8105,M,528,634,Netherlands,Qatar,False,False,False,True,172695.899,4839.0
8105,M,528,642,Netherlands,Romania,False,False,False,True,18.382,0.417
8105,M,528,643,Netherlands,Russian Federation,False,False,False,True,2230300.344,76455.0
8105,M,528,699,Netherlands,India,False,False,False,True,815611.733,20043.0
8105,M,528,702,Netherlands,Singapore,False,False,True,True,3543272.936,100092.0
8105,M,528,703,Netherlands,Slovakia,False,False,False,True,111.371,1.492
8105,M,528,705,Netherlands,Slovenia,False,False,False,True,44.332,1.151
8105,M,528,710,Netherlands,South Africa,False,False,False,True,6923063.462,163460.0
8105,M,528,724,Netherlands,Spain,False,False,False,True,24.869,0.179
8105,M,528,752,Netherlands,Sweden,False,False,False,True,3323.82,6.488
8105,M,528,757,Netherlands,Switzerland,False,False,False,True,172339.08,782.0
8105,M,528,792,Netherlands,Türkiye,False,False,False,True,1856302.504,51048.0
8105,M,528,826,Netherlands,United Kingdom,False,False,False,True,4743465.966,121255.0
8105,M,528,842,Netherlands,USA,False,False,False,True,4862439.034,96813.0
8105,M,616,40,Poland,Austria,False,False,False,False,41374.0,118.819
8105,M,616,56,Poland,Belgium,False,False,True,False,11385.0,100.0
8105,M,616,76,Poland,Brazil,False,False,False,False,140.0,1.614
8105,M,616,124,Poland,Canada,False,False,False,False,32758.0,1002.797
8105,M,616,156,Poland,China,False,False,False,False,711923.0,12993.0
8105,M,616,203,Poland,Czechia,False,False,False,False,2751.0,50.0
8105,M,616,233,Poland,Estonia,False,False,False,False,1528.0,25.0
8105,M,616,246,Poland,Finland,False,False,False,False,28834.0,400.0
8105,M,616,251,Poland,France,False,False,False,False,338706.0,1572.0
8105,M,616,276,Poland,Germany,False,False,False,False,1298313.0,8415.0
8105,M,616,372,Poland,Ireland,False,False,False,False,55020.0,1032.0
8105,M,616,380,Poland,Italy,False,False,False,False,33476.0,301.686
8105,M,616,392,Poland,Japan,False,False,False,False,342643.0,93.0
8105,M,616,484,Poland,Mexico,False,False,False,False,61874.0,495.867
8105,M,616,490,Poland,"Other Asia, nes",False,False,False,False,168.0,1.346
8105,M,616,504,Poland,Morocco,False,False,False,False,38674.0,1010.0
8105,M,616,528,Poland,Netherlands,False,False,True,False,120.0,1.0
8105,M,616,568,Poland,"Other Europe, nes",False,False,False,False,610.0,13.0
8105,M,616,699,Poland,India,False,False,False,False,4162.0,4.0
8105,M,616,724,Poland,Spain,False,False,False,False,2391.0,8.0
8105,M,616,752,Poland,Sweden,False,False,False,False,1881.0,4.0
8105,M,616,757,Poland,Switzerland,False,False,False,False,31509.0,49.0
8105,M,616,792,Poland,Türkiye,False,False,False,False,15266.0,300.0
8105,M,616,826,Poland,United Kingdom,False,False,False,False,183104.0,910.498
8105,M,616,842,Poland,USA,False,False,False,False,1691480.0,13792.0
8105,M,699,56,India,Belgium,False,False,True,False,4464674.092,321251.0
8105,M,699,124,India,Canada,False,False,False,False,1708643.173,37471.0
8105,M,699,156,India,China,False,False,False,False,24667358.347,346679.455
8105,M,699,246,India,Finland,False,False,False,False,2978125.718,90770.0
8105,M,699,251,India,France,False,False,False,False,5454283.449,17754.0
8105,M,699,276,India,Germany,False,False,False,False,5172368.276,10211.378
8105,M,699,288,India,Ghana,False,False,False,False,114031.383,21000.0
8105,M,699,344,India,"China, Hong Kong SAR",False,False,True,False,2691.844,50.0
8105,M,699,372,India,Ireland,False,False,False,False,10383.505,62.0
8105,M,699,392,India,Japan,False,False,False,False,9150572.606,206874.0
8105,M,699,458,India,Malaysia,False,False,False,False,907.35,1.0
8105,M,699,484,India,Mexico,False,False,False,False,86630.53,17000.0
8105,M,699,504,India,Morocco,False,False,False,False,1696533.587,50750.0
8105,M,699,528,India,Netherlands,False,False,True,False,6066.609,5.0
8105,M,699,579,India,Norway,False,False,False,False,2955220.791,65000.0
8105,M,699,643,India,Russian Federation,False,False,False,False,56982.877,1500.0
8105,M,699,682,India,Saudi Arabia,False,False,False,False,20015.676,1665.0
8105,M,699,699,India,India,False,False,False,False,6880.63,127.0
8105,M,699,702,India,Singapore,False,False,True,False,392439.019,8399.0
8105,M,699,705,India,Slovenia,False,False,False,False,8037.614,46.0
8105,M,699,710,India,South Africa,False,False,False,False,551286.66,11950.0
8105,M,699,724,India,Spain,False,False,False,False,2189.852,11.0
8105,M,699,752,India,Sweden,False,False,False,False,890.619,8.846
8105,M,699,757,India,Switzerland,False,False,False,False,3037.808,30.341
8105,M,699,784,India,United Arab Emirates,False,False,True,False,1380.141,11.0
8105,M,699,792,India,Türkiye,False,False,False,False,967220.792,18755.0
8105,M,699,826,India,United Kingdom,False,False,False,False,23492806.667,104360.0
8105,M,699,842,India,USA,False,False,False,False,22038291.656,302692.0
8105,M,702,36,Singapore,Australia,False,False,False,True,1428.123,19.0
8105,M,702,40,Singapore,Austria,False,False,False,True,2887.518,2.24
8105,M,702,56,Singapore,Belgium,False,False,True,True,96778.766,13767.5
8105,M,702,76,Singapore,Brazil,False,False,False,True,350.702,1.0
8105,M,702,124,Singapore,Canada,False,False,False,True,10458093.989,521034.15
8105,M,702,156,Singapore,China,False,False,False,True,1683890.666,96149.43
8105,M,702,251,Singapore,France,False,False,False,True,37722.394,57.18
8105,M,702,276,Singapore,Germany,False,False,False,True,894636.21,167780.94
8105,M,702,372,Singapore,Ireland,False,False,False,True,2183.881,40.0
8105,M,702,376,Singapore,Israel,False,False,False,True,75091.852,19154.0
8105,M,702,380,Singapore,Italy,False,False,False,True,1218.148,0.67
8105,M,702,392,Singapore,Japan,False,False,False,True,14275019.159,55349.41
8105,M,702,410,Singapore,Rep. of Korea,False,False,False,True,1238.997,2.35
8105,M,702,450,Singapore,Madagascar,False,False,False,True,18281842.204,485224.0
8105,M,702,458,Singapore,Malaysia,False,False,False,True,3856.229,123.6
8105,M,702,484,Singapore,Mexico,False,False,False,True,74758.276,1.2
8105,M,702,490,Singapore,"Other Asia, nes",False,False,False,True,419541.193,2008.5
8105,M,702,528,Singapore,Netherlands,False,False,True,True,685.767,0.48
8105,M,702,554,Singapore,New Zealand,False,False,False,True,6229.236,1204.0
8105,M,702,579,Singapore,Norway,False,False,False,True,755937.799,26000.0
8105,M,702,608,Singapore,Philippines,False,False,False,True,8.935,1.0
8105,M,702,699,Singapore,India,False,False,False,True,768749.206,122122.32
8105,M,702,704,Singapore,Viet Nam,False,False,False,True,2243.448,19.0
8105,M,702,752,Singapore,Sweden,False,False,False,True,2339.5,0.4
8105,M,702,757,Singapore,Switzerland,False,False,False,True,7888.181,20.43
8105,M,702,764,Singapore,Thailand,False,False,False,True,8868.806,676.24
8105,M,702,826,Singapore,United Kingdom,False,False,False,True,271630.721,6563.52
8105,M,702,842,Singapore,USA,False,False,False,True,12562257.035,54707.89
8105,M,704,56,Viet Nam,Belgium,False,False,True,False,220647.14,0.0
8105,M,704,124,Viet Nam,Canada,False,False,False,False,30345.0,0.0
8105,M,704,156,Viet Nam,China,False,False,False,False,2739886.03,19287.855
8105,M,704,246,Viet Nam,Finland,False,False,False,False,33202.0,0.0
8105,M,704,251,Viet Nam,France,False,False,False,False,853087.258,4849.285
8105,M,704,276,Viet Nam,Germany,False,False,False,False,121741.38,692.026
8105,M,704,392,Viet Nam,Japan,False,False,False,False,1556350.646,10484.187
8105,M,704,410,Viet Nam,Rep. of Korea,False,False,False,False,18120.0,0.0
8105,M,704,490,Viet Nam,"Other Asia, nes",False,False,False,False,20131.55,0.0
8105,M,704,504,Viet Nam,Morocco,False,False,False,False,1614127.389,9175.338
8105,M,704,643,Viet Nam,Russian Federation,False,False,False,False,1499349.06,8522.893
8105,M,704,699,Viet Nam,India,False,False,False,False,8764.0,0.0
8105,M,704,710,Viet Nam,South Africa,False,False,False,False,232960.0,0.0
8105,M,704,826,Viet Nam,United Kingdom,False,False,False,False,681.8,0.0
8105,M,704,842,Viet Nam,USA,False,False,False,False,885890.99,0.0
8105,M,710,56,South Africa,Belgium,False,False,True,False,3656.808,69.62
8105,M,710,76,South Africa,Brazil,False,False,False,False,87.316,1.07
8105,M,710,124,South Africa,Canada,False,False,False,False,234120.696,6147.79
8105,M,710,156,South Africa,China,False,False,False,False,123396.741,670.31
8105,M,710,251,South Africa,France,False,False,False,False,58464.755,33.09
8105,M,710,276,South Africa,Germany,False,False,False,False,142303.537,581.78
8105,M,710,376,South Africa,Israel,False,False,False,False,126940.542,2500.0
8105,M,710,380,South Africa,Italy,False,False,False,False,800.586,37.36
8105,M,710,484,South Africa,Mexico,False,False,False,False,62.384,1.07
8105,M,710,528,South Africa,Netherlands,False,False,True,False,609573.667,15049.0
8105,M,710,705,South Africa,Slovenia,False,False,False,False,473.761,1.0
8105,M,710,710,South Africa,South Africa,False,False,False,False,2170.161,2.0
8105,M,710,716,South Africa,Zimbabwe,False,False,False,False,2.439,1.0
8105,M,710,724,South Africa,Spain,False,False,False,False,18.699,4.7
8105,M,710,826,South Africa,United Kingdom,False,False,False,False,112852.436,365.97
8105,M,710,842,South Africa,USA,False,False,False,False,53277.289,295.11
8105,M,724,56,Spain,Belgium,False,False,True,False,468219.026,10677.28
8105,M,724,124,Spain,Canada,False,False,False,False,83118.168,2013.777
8105,M,724,156,Spain,China,False,False,False,False,256546.496,5726.25
8105,M,724,191,Spain,Croatia,False,False,False,False,2308.184,6.45
8105,M,724,246,Spain,Finland,False,False,False,False,221721.699,4515.0
8105,M,724,251,Spain,France,False,False,False,False,416489.34,7140.21
8105,M,724,276,Spain,Germany,False,False,False,False,3116922.599,34499.563
8105,M,724,372,Spain,Ireland,False,False,False,False,170347.21,362.498
8105,M,724,380,Spain,Italy,False,False,False,False,172755.271,2616.13
8105,M,724,392,Spain,Japan,False,False,False,False,68335.604,21.74
8105,M,724,410,Spain,Rep. of Korea,False,False,False,False,7273.478,38.0
8105,M,724,528,Spain,Netherlands,False,False,True,False,2896582.415,88025.0
8105,M,724,568,Spain,"Other Europe, nes",False,False,False,False,4719.413,35.0
8105,M,724,579,Spain,Norway,False,False,False,False,1659.791,18.0
8105,M,724,620,Spain,Portugal,False,False,False,False,360395.914,8804.691
8105,M,724,710,Spain,South Africa,False,False,False,False,76.824,0.1
8105,M,724,752,Spain,Sweden,False,False,False,False,4717.434,5.51
8105,M,724,757,Spain,Switzerland,False,False,False,False,3206.47,7.94
8105,M,724,792,Spain,Türkiye,False,False,False,False,20406495.61,1800900.0
8105,M,724,826,Spain,United Kingdom,False,False,False,False,570261.2,17287.396
8105,M,724,842,Spain,USA,False,False,False,False,586836.691,3864.978
8105,M,724,862,Spain,Venezuela,False,False,False,False,18146.218,2376.0
8105,M,752,36,Sweden,Australia,False,False,False,False,188.499,1.974
8105,M,752,40,Sweden,Austria,False,False,False,False,3107209.933,121000.0
8105,M,752,56,Sweden,Belgium,False,False,True,False,4244421.625,82001.974
8105,M,752,124,Sweden,Canada,False,False,False,False,199431.455,1311.083
8105,M,752,156,Sweden,China,False,False,False,False,17436.115,189.6
8105,M,752,233,Sweden,Estonia,False,False,False,False,74739.671,2000.0
8105,M,752,246,Sweden,Finland,False,False,False,False,128744.503,2017.216
8105,M,752,251,Sweden,France,False,False,False,False,32233.25,1007.895
8105,M,752,276,Sweden,Germany,False,False,False,False,812617.206,16162.882
8105,M,752,380,Sweden,Italy,False,False,False,False,669264.066,20000.0
8105,M,752,392,Sweden,Japan,False,False,False,False,107632.666,1925.76
8105,M,752,490,Sweden,"Other Asia, nes",False,False,False,False,1036.742,10.855
8105,M,752,528,Sweden,Netherlands,False,False,True,False,829393.576,16000.0
8105,M,752,579,Sweden,Norway,False,False,False,False,188.499,5.836
8105,M,752,699,Sweden,India,False,False,False,False,14231.64,361.364
8105,M,752,710,Sweden,South Africa,False,False,False,False,848.243,21.538
8105,M,752,757,Sweden,Switzerland,False,False,False,False,16210.874,169.739
8105,M,752,826,Sweden,United Kingdom,False,False,False,False,3281571.083,27665.342
8105,M,752,842,Sweden,USA,False,False,False,False,413471.547,3834.985
8105,M,764,44,Thailand,Bahamas,False,False,False,False,361962.607,10000.0
8105,M,764,56,Thailand,Belgium,False,False,True,False,415145.377,7773.421
8105,M,764,124,Thailand,Canada,False,False,False,False,43356.959,501.0
8105,M,764,156,Thailand,China,False,False,False,False,1238043.506,82283.0
8105,M,764,246,Thailand,Finland,False,False,False,False,104694.081,1801.0
8105,M,764,251,Thailand,France,False,False,False,False,208576.032,4517.0
8105,M,764,276,Thailand,Germany,False,False,False,False,1003722.026,11869.0
8105,M,764,344,Thailand,"China, Hong Kong SAR",False,False,True,False,410.734,1.0
8105,M,764,380,Thailand,Italy,False,False,False,False,4665.23,30.0
8105,M,764,392,Thailand,Japan,False,False,False,False,5609776.45,75466.0
8105,M,764,458,Thailand,Malaysia,False,False,False,False,24.451,2.0
8105,M,764,490,Thailand,"Other Asia, nes",False,False,False,False,2707631.976,70000.0
8105,M,764,504,Thailand,Morocco,False,False,False,False,1625033.368,45000.0
8105,M,764,579,Thailand,Norway,False,False,False,False,96474.274,1500.0
8105,M,764,702,Thailand,Singapore,False,False,True,False,5798.642,12.0
8105,M,764,757,Thailand,Switzerland,False,False,False,False,22035.403,261.4
8105,M,764,826,Thailand,United Kingdom,False,False,False,False,38797.13,332.0
8105,M,764,842,Thailand,USA,False,False,False,False,1474898.586,16235.0
8105,M,792,36,Türkiye,Australia,False,False,False,False,2715698.0,73586.0
8105,M,792,40,Türkiye,Austria,False,False,False,False,107528.0,1566.0
8105,M,792,56,Türkiye,Belgium,False,False,True,False,1468660.0,25951.0
8105,M,792,100,Türkiye,Bulgaria,False,False,False,False,19514.0,27.0
8105,M,792,124,Türkiye,Canada,False,False,False,False,3364093.0,102850.0
8105,M,792,156,Türkiye,China,False,False,False,False,2099145.0,31396.0
8105,M,792,246,Türkiye,Finland,False,False,False,False,468099.0,13452.0
8105,M,792,251,Türkiye,France,False,False,False,False,540469.0,7813.0
8105,M,792,276,Türkiye,Germany,False,False,False,False,2625962.0,38603.0
8105,M,792,300,Türkiye,Greece,False,False,False,False,64240.0,650.0
8105,M,792,348,Türkiye,Hungary,False,False,False,False,4509.0,29.0
8105,M,792,372,Türkiye,Ireland,False,False,False,False,12662.0,222.0
8105,M,792,380,Türkiye,Italy,False,False,False,False,21259.0,291.0
8105,M,792,392,Türkiye,Japan,False,False,False,False,672415.0,21967.0
8105,M,792,410,Türkiye,Rep. of Korea,False,False,False,False,13646.0,101.0
8105,M,792,450,Türkiye,Madagascar,False,False,False,False,1619270.0,47000.0
8105,M,792,484,Türkiye,Mexico,False,False,False,False,149303.0,5000.0
8105,M,792,504,Türkiye,Morocco,False,False,False,False,331828.0,10000.0
8105,M,792,528,Türkiye,Netherlands,False,False,True,False,49362.0,1000.0
8105,M,792,616,Türkiye,Poland,False,False,False,False,1636.0,2.0
8105,M,792,642,Türkiye,Romania,False,False,False,False,5.0,1.0
8105,M,792,643,Türkiye,Russian Federation,False,False,False,False,307034.0,8900.0
8105,M,792,699,Türkiye,India,False,False,False,False,780.0,17.0
8105,M,792,710,Türkiye,South Africa,False,False,False,False,121.0,1.0
8105,M,792,724,Türkiye,Spain,False,False,False,False,10.0,1.0
8105,M,792,757,Türkiye,Switzerland,False,False,False,False,307.0,7.0
8105,M,792,826,Türkiye,United Kingdom,False,False,False,False,2371390.0,166365.0
8105,M,792,842,Türkiye,USA,False,False,False,False,7036415.0,102925.0
8105,M,792,894,Türkiye,Zambia,False,False,False,False,36368.0,1000.0
8105,M,826,36,United Kingdom,Australia,False,False,False,False,2205781.439,48789.0
8105,M,826,40,United Kingdom,Austria,False,False,False,False,314747.983,3830.0
8105,M,826,56,United Kingdom,Belgium,False,False,True,False,3947966.905,12278.068
8105,M,826,76,United Kingdom,Brazil,False,False,False,False,44204.201,55.0
8105,M,826,124,United Kingdom,Canada,False,False,False,False,39389598.823,1038640.0
8105,M,826,156,United Kingdom,China,False,False,False,False,16386542.398,390058.0
8105,M,826,203,United Kingdom,Czechia,False,False,False,False,345601.68,22347.0
8105,M,826,233,United Kingdom,Estonia,False,False,False,False,4907.159,1.0
8105,M,826,246,United Kingdom,Finland,False,False,False,False,33053.715,3862.0
8105,M,826,251,United Kingdom,France,False,False,False,False,9873869.215,324298.677
8105,M,826,276,United Kingdom,Germany,False,False,False,False,11873811.014,596597.0
8105,M,826,344,United Kingdom,"China, Hong Kong SAR",False,False,True,False,105098.708,4386.0
8105,M,826,360,United Kingdom,Indonesia,False,False,False,False,21423.451,35.0
8105,M,826,372,United Kingdom,Ireland,False,False,False,False,1078220.067,106332.0
8105,M,826,380,United Kingdom,Italy,False,False,False,False,132550.456,3963.0
8105,M,826,392,United Kingdom,Japan,False,False,False,False,7242177.985,205436.0
8105,M,826,410,United Kingdom,Rep. of Korea,False,False,False,False,277642.258,14736.0
8105,M,826,422,United Kingdom,Lebanon,False,False,False,False,5938.805,10.0
8105,M,826,450,United Kingdom,Madagascar,False,False,False,False,1754772.8,45000.0
8105,M,826,484,United Kingdom,Mexico,False,False,False,False,3030857.752,85000.0
8105,M,826,490,United Kingdom,"Other Asia, nes",False,False,False,False,26123.037,265.423
8105,M,826,504,United Kingdom,Morocco,False,False,False,False,394376.201,3000.0
8105,M,826,528,United Kingdom,Netherlands,False,False,True,False,5082452.74,209823.0
8105,M,826,579,United Kingdom,Norway,False,False,False,False,7259871.349,181335.0
8105,M,826,642,United Kingdom,Romania,False,False,False,False,53992.416,2117.0
8105,M,826,699,United Kingdom,India,False,False,False,False,1004443.648,9521.0
8105,M,826,702,United Kingdom,Singapore,False,False,True,False,785601.529,41845.0
8105,M,826,705,United Kingdom,Slovenia,False,False,False,False,3353.474,33.0
8105,M,826,710,United Kingdom,South Africa,False,False,False,False,125212.092,3912.0
8105,M,826,724,United Kingdom,Spain,False,False,False,False,283697.9,22381.0
8105,M,826,752,United Kingdom,Sweden,False,False,False,False,3557246.213,276007.0
8105,M,826,757,United Kingdom,Switzerland,False,False,False,False,146908.991,36375.377
8105,M,826,784,United Kingdom,United Arab Emirates,False,False,True,False,107021.548,2144.0
8105,M,826,788,United Kingdom,Tunisia,False,False,False,False,21094.07,2965.0
8105,M,826,792,United Kingdom,Türkiye,False,False,False,False,10401481.98,1028822.0
8105,M,826,826,United Kingdom,United Kingdom,False,False,False,False,1709585.427,0.0
8105,M,826,842,United Kingdom,USA,False,False,False,False,37898463.986,695684.244
8105,M,826,894,United Kingdom,Zambia,False,False,False,False,476881.844,14000.0
8105,M,842,8,USA,Albania,False,False,False,False,5021.0,90.0
8105,M,842,36,USA,Australia,False,False,False,False,1928935.0,58026.0
8105,M,842,40,USA,Austria,False,False,False,False,1393654.0,11923.0
8105,M,842,56,USA,Belgium,False,False,True,False,4324532.0,108182.0
8105,M,842,124,USA,Canada,False,False,False,False,84029652.0,1851979.0
8105,M,842,156,USA,China,False,False,False,False,6998425.0,113785.0
8105,M,842,170,USA,Colombia,False,False,False,False,15484.0,981.0
8105,M,842,188,USA,Costa Rica,False,False,False,False,318827.0,190.0
8105,M,842,214,USA,Dominican Rep.,False,False,False,False,7656.0,136.0
8105,M,842,246,USA,Finland,False,False,False,False,9063319.0,174093.0
8105,M,842,251,USA,France,False,False,False,False,12332059.0,356810.0
8105,M,842,276,USA,Germany,False,False,False,False,16230497.0,221765.0
8105,M,842,344,USA,"China, Hong Kong SAR",False,False,True,False,8001.0,160.0
8105,M,842,360,USA,Indonesia,False,False,False,False,5435.0,16.0
8105,M,842,372,USA,Ireland,False,False,False,False,2487507.0,530016.0
8105,M,842,376,USA,Israel,False,False,False,False,15450.0,1.0
8105,M,842,380,USA,Italy,False,False,False,False,489236.0,5587.0
8105,M,842,392,USA,Japan,False,False,False,False,62397764.0,1738713.0
8105,M,842,410,USA,Rep. of Korea,False,False,False,False,460667.0,2727.0
8105,M,842,450,USA,Madagascar,False,False,False,False,32938628.0,925000.0
8105,M,842,458,USA,Malaysia,False,False,False,False,13958.0,440.0
8105,M,842,484,USA,Mexico,False,False,False,False,1267678.0,48754.0
8105,M,842,490,USA,"Other Asia, nes",False,False,False,False,2263845.0,54939.0
8105,M,842,504,USA,Morocco,False,False,False,False,7301611.0,221750.0
8105,M,842,528,USA,Netherlands,False,False,True,False,86443.0,26104.0
8105,M,842,579,USA,Norway,False,False,False,False,89261593.0,2394903.0
8105,M,842,634,USA,Qatar,False,False,False,False,176000.0,19273.0
8105,M,842,643,USA,Russian Federation,False,False,False,False,1856119.0,50000.0
8105,M,842,699,USA,India,False,False,False,False,1410295.0,9698.0
8105,M,842,702,USA,Singapore,False,False,True,False,639724.0,50274.0
8105,M,842,704,USA,Viet Nam,False,False,False,False,65748.0,76.0
8105,M,842,710,USA,South Africa,False,False,False,False,1489273.0,137350.0
8105,M,842,724,USA,Spain,False,False,False,False,4379.0,40.0
8105,M,842,757,USA,Switzerland,False,False,False,False,840421.0,29998.0
8105,M,842,764,USA,Thailand,False,False,False,False,89399.0,3000.0
8105,M,842,784,USA,United Arab Emirates,False,False,True,False,373072.0,18022.0
8105,M,842,788,USA,Tunisia,False,False,False,False,1172819.0,95468.0
8105,M,842,792,USA,Türkiye,False,False,False,False,298680.0,15563.0
8105,M,842,826,USA,United Kingdom,False,False,False,False,47975941.0,860429.0
8105,M,842,894,USA,Zambia,False,False,False,False,2134777.0,63344.0
