commodity,importer,exporter,importer_says,importer_kg,exporter_says,exporter_kg,ratio,excess_gap,abs_gap,usd_discrepancy,importer_name,exporter_name
2504,40,276,3139066.613,1510112.0,4681247.44,3303876.353,0.67056199298023,-0.37622140187885583,0.37622140187885583,1893274.3850000007,Austria,Germany
2504,124,842,2746443.629,27915671.745,3238631.0,2475530.0,0.8480261039309511,-0.2111385079712082,0.2111385079712082,735084.6959999995,Canada,USA
2504,156,392,1114385.0,255563.0,1741133.098,172127.766,0.640034355374709,-0.4046192043025963,0.4046192043025963,757333.08035,China,Japan
2504,203,276,1061202.0,393546.0,2116171.299,1491125.0,0.5014726362187563,-0.5335138267732499,0.5335138267732499,1213682.146425,Czechia,Germany
2504,276,40,2477804.837,1396230.0,3934839.229,2391050.0,0.6297092950427123,-0.41422391158817445,0.41422391158817445,1752147.3341749995,Germany,Austria
2504,276,76,9978503.178,4280560.0,9402489.0,4154200.0,1.0612618826780866,-0.01277964402038449,0.01277964402038449,129172.49699999951,Germany,Brazil
2504,276,156,15590460.265,10615645.734,7014568.0,7091272.0,2.2225830963503386,1.0675191593956637,1.0675191593956637,8049799.665000001,Germany,China
2504,276,203,1105074.535,949383.0,1794821.0,1673922.303,0.6157018081468848,-0.42725413195638623,0.42725413195638623,824358.04,Germany,Czechia
2504,276,842,2276237.923,321525.765,2171920.0,645402.0,1.0480302787395483,-0.025088112800420097,0.025088112800420097,58576.07700000005,Germany,USA
2504,360,156,2089678.0,3383202.0,1628350.0,3161891.0,1.2833100991801516,0.19377683644665272,0.19377683644665272,339201.75,Indonesia,China
2504,380,40,1445756.703,711128.0,1173225.11,750985.0,1.232292669733262,0.14631876254256926,0.14631876254256926,184539.70974999992,Italy,Austria
2504,380,276,2368675.696,987916.0,1927068.754,841635.0,1.2291599306373269,0.14340458663937392,0.14340458663937392,297076.7854500001,Italy,Germany
2504,392,156,73925611.246,46964000.0,74327493.0,78369985.0,0.9945930941865617,-0.07479712168691927,0.07479712168691927,5976443.728999987,Japan,China
2504,392,842,1618314.079,291548.515,1810422.0,321735.0,0.8938877670509969,-0.16847649576651447,0.16847649576651447,327889.571,Japan,USA
2504,410,156,106828338.0,51321534.575,105525069.0,52217872.0,1.0123503259685147,-0.058278766540916585,0.058278766540916585,6611111.174999997,Rep. of Korea,China
2504,484,842,5149400.0,0.0,7120044.0,3268116.0,0.7232258677053119,-0.32723175097180285,0.32723175097180285,2504647.3,Mexico,USA
2504,528,156,2314987.465,1348031.0,3904766.0,4983510.0,0.5928620216934894,-0.44850044493628893,0.44850044493628893,1882635.9850000003,Netherlands,China
2504,528,842,1209631.424,724616.0,1091903.0,178661.0,1.1078194894601445,0.030529757637343807,0.030529757637343807,35835.699000000255,Netherlands,USA
2504,616,76,1712909.0,1011148.0,1111092.0,694584.0,1.5416446162874002,0.43408801515107004,0.43408801515107004,518485.1000000001,Poland,Brazil
2504,616,156,22697278.0,5154304.0,1228652.0,1000590.0,18.473317098739106,16.184481022082892,16.184481022082892,21376477.1,Poland,China
2504,616,276,2713636.0,1068180.982,2913905.135,1292374.0,0.9312712234195641,-0.13370118751668453,0.13370118751668453,418812.0201249998,Poland,Germany
2504,699,156,15183430.687,24689968.0,11572753.0,22461136.0,1.3119981638768234,0.22046340825751026,0.22046340825751026,2742721.212000001,India,China
2504,704,156,1695591.22,1010602.121,1455390.0,1137909.0,1.1650425109420843,0.08376047529496208,0.08376047529496208,131046.96999999997,Viet Nam,China
2504,724,156,1313458.016,1296207.0,1303874.0,1765847.0,1.0073504157610322,-0.06292984580369103,0.06292984580369103,88206.53399999999,Spain,China
2504,724,276,1288866.302,551889.916,1188439.275,467892.0,1.0845032885672683,0.00884026843466814,0.00884026843466814,11294.081375000067,Spain,Germany
2504,752,276,3092318.549,1001007.085,2120654.634,569761.0,1.4581905508900512,0.35645632640935,0.35645632640935,812614.81745,Sweden,Germany
2504,792,276,1975811.0,1276353.0,3770917.779,2828010.0,0.5239602441090508,-0.5125951217590224,0.5125951217590224,2077925.612425,Türkiye,Germany
2504,826,276,1238643.631,838665.64,1234899.363,931457.192,1.0030320430248696,-0.0669469367210514,0.0669469367210514,88873.18422499974,United Kingdom,Germany
2504,842,76,5177901.0,2604766.0,4996650.0,2290771.0,1.0362745039176249,-0.03602371728593041,0.03602371728593041,193497.75,USA,Brazil
2504,842,124,11180467.0,7252159.764,11193647.844,7254732.819,0.998822471085057,-0.07086281759529584,0.07086281759529584,852704.4322999995,USA,Canada
2504,842,156,113270155.0,29148009.0,53748797.0,16719320.0,2.1073988874578906,0.9603710581003633,0.9603710581003633,55490198.225,USA,China
2504,842,484,4947809.0,7067808.0,2669638.0,0.0,1.8533632649819938,0.7240588511460407,0.7240588511460407,2077948.15,USA,Mexico
2805,56,528,1379256.063,799573.59,1156253.518,154529.0,1.1928664791314392,0.1096432364013388,0.1096432364013388,136283.53115000017,Belgium,Netherlands
2805,76,156,3462976.0,807186.91,2239822.0,566502.0,1.5460942878496595,0.4382272445113112,0.4382272445113112,1055167.35,Brazil,China
2805,124,156,11332162.402,954012.946,3586220.0,271184.0,3.1599183547021656,1.9394589346066657,1.9394589346066657,7476975.902000001,Canada,China
2805,124,842,2918702.694,1985046.0,8220419.0,1120594.0,0.3550552221243224,-0.6697160724424908,0.6697160724424908,5918247.730999999,Canada,USA
2805,156,392,2574961.0,32782.487,2439012.761,32413.324,1.0557390437532033,-0.017917168601671325,0.017917168601671325,46977.71807499975,China,Japan
2805,156,842,1972060.0,29239.09,12125577.0,313458.0,0.1626363842314473,-0.8487103402498165,0.8487103402498165,11062935.275,China,USA
2805,276,156,32975438.692,1040538.566,50549324.0,383056.426,0.6523418333349028,-0.3931703875954392,0.3931703875954392,21365084.607999995,Germany,China
2805,276,528,1303112.131,186708.066,1782522.14,169771.0,0.7310496188282969,-0.31995384295042145,0.31995384295042145,613099.1694999998,Germany,Netherlands
2805,380,156,2792242.134,498576.0,2402168.0,329250.0,1.1623842021040993,0.08128762986427841,0.08128762986427841,209911.53399999999,Italy,China
2805,380,276,1220417.079,1351650.0,1587498.633,137792.322,0.7687673259243682,-0.2848676037912854,0.2848676037912854,486143.951475,Italy,Germany
2805,392,156,217124259.946,6589384.0,218009468.0,6681431.268,0.9959395889448251,-0.07354456842341846,0.07354456842341846,17235918.153999984,Japan,China
2805,392,764,39177395.186,474800.0,97348628.983,930940.0,0.4024442418479417,-0.6256332633972636,0.6256332633972636,65472380.97072499,Japan,Thailand
2805,410,156,32821406.0,1287891.967,26990294.0,1187874.972,1.2160447752069687,0.1312044420529944,0.1312044420529944,3806839.950000003,Rep. of Korea,China
2805,484,156,3184436.0,0.0,2662692.0,823000.0,1.1959460575988512,0.11250796055707081,0.11250796055707081,322042.1000000001,Mexico,China
2805,528,156,10322797.989,756002.0,31127467.0,2726422.0,0.3316298749589872,-0.6915070930614072,0.6915070930614072,23139229.036,Netherlands,China
2805,616,156,1069213.0,210936.0,1782894.0,598620.0,0.5997064323509979,-0.44213355130139725,0.44213355130139725,847398.0499999998,Poland,China
2805,699,156,73828596.851,14844913.936,64071974.0,13687727.0,1.152275983427637,0.07188463574663922,0.07188463574663922,4951224.800999999,India,China
2805,699,276,3473890.197,17989.418,3676715.404,18692.775,0.944835217112714,-0.12108351896491713,0.12108351896491713,478578.8622999997,India,Germany
2805,699,764,1447918.893,32741.0,1581065.0,36191.0,0.9157870758001726,-0.14810504576728128,0.14810504576728128,251725.98200000008,India,Thailand
2805,704,156,3762275.56,0.0,1361669.0,884387.0,2.7629883327005316,1.5702217048377034,1.5702217048377034,2298481.385,Viet Nam,China
2805,724,156,3896482.781,936547.4,2929007.0,782924.0,1.3303084564154337,0.23749623852598478,0.23749623852598478,747800.256,Spain,China
2805,764,156,7205793.554,130645.0,6423142.0,108496.0,1.1218487079999164,0.043580193488294484,0.043580193488294484,300915.9040000001,Thailand,China
2805,792,156,8007505.0,2355557.0,2199596.0,675700.0,3.640443517809634,2.386459086334544,2.386459086334544,5642939.300000001,Türkiye,China
2805,826,156,5750691.394,188164.877,3623648.0,63246.0,1.586989518297583,0.47626931934658906,0.47626931934658906,1855269.7940000007,United Kingdom,China
2805,826,842,41807396.11,168460.609,17671278.0,292092.0,2.3658388550052805,1.2007803302374702,1.2007803302374702,22810772.26,United Kingdom,USA
2805,842,156,69495369.0,12126337.0,56567944.0,11441292.898,1.2285291648570433,0.14281782777399393,0.14281782777399393,8684829.200000003,USA,China
2805,842,276,5864485.0,169859.922,15366133.228,108591.822,0.3816500164995185,-0.6449767288376571,0.6449767288376571,10654108.220099999,USA,Germany
2825,36,156,5534863.545,854792.081,3523315.0,276969.812,1.5709249797420894,0.4613255625507809,0.4613255625507809,1747299.92,Australia,China
2825,36,276,1291178.671,145936.432,1699719.392,180009.137,0.7596422545257401,-0.29335604230163714,0.29335604230163714,536019.6753999998,Australia,Germany
2825,36,842,3417416.074,332014.315,3867279.0,410694.0,0.8836745613647218,-0.1779771522188634,0.1779771522188634,739908.8509999998,Australia,USA
2825,40,56,3498697.637,393296.0,1083958.789,104010.08,3.2277035552501987,2.002514935116464,2.002514935116464,2333441.938825,Austria,Belgium
2825,40,276,3476072.091,1481323.0,2714901.529,162996.699,1.280367650122606,0.19103967453265674,0.19103967453265674,557552.9473250001,Austria,Germany
2825,56,36,1760208.797,220068.86,1828894.724,230000.0,0.9624440236506473,-0.10470323381335134,0.10470323381335134,205853.03129999992,Belgium,Australia
2825,56,40,4355299.33,100176.48,4459967.065,118061.0,0.9765317246798996,-0.09159839564660506,0.09159839564660506,439165.26487500034,Belgium,Austria
2825,56,152,6454659.943,76178.8,55650490.34,1342016.0,0.11598567961512771,-0.8921063445440672,0.8921063445440672,53369617.1725,Belgium,Chile
2825,56,156,8113778.645,682305.222,11207430.0,979185.0,0.7239642491632783,-0.32654488449927604,0.32654488449927604,3934208.6050000004,Belgium,China
2825,56,276,21312404.446,44534192.18,24965056.443,45037111.967,0.8536894156302148,-0.20587031104166065,0.20587031104166065,5525031.2302250005,Belgium,Germany
2825,56,528,18135055.12,2130862.82,18052979.819,900346.0,1.0045463575444549,-0.06553827205166975,0.06553827205166975,1271898.1854249947,Belgium,Netherlands
2825,56,699,3490951.299,94267.37,5644862.603,234269.0,0.6184298085740316,-0.4247164571404356,0.4247164571404356,2577275.9992249995,Belgium,India
2825,56,826,2844350.071,159384.35,2806703.274,83386.0,1.0134131731518405,-0.05729007148665998,0.05729007148665998,172855.94855000032,Belgium,United Kingdom
2825,56,842,2272536.032,238671.69,30722851.0,2742300.0,0.0739689175330766,-0.9311917046203938,0.9311917046203938,30754528.792999998,Belgium,USA
2825,76,56,1787557.0,169092.0,1858329.271,159407.67,0.9619161834748929,-0.10519424793033214,0.10519424793033214,210146.96632499993,Brazil,Belgium
2825,76,152,3489990.0,324000.0,3190684.85,314000.0,1.0938059269626708,0.01749388554667041,0.01749388554667041,60003.78624999989,Brazil,Chile
2825,76,156,4311692.0,324539.19,3500889.0,311301.0,1.2315991738098524,0.14567365005567662,0.14567365005567662,548236.3250000002,Brazil,China
2825,76,842,3115141.0,327023.074,4879698.0,799670.0,0.6383880723766102,-0.40615063034733934,0.40615063034733934,2130534.3499999996,Brazil,USA
2825,124,76,18462044.14,1175167.0,21011733.0,1360000.0,0.8786540424818838,-0.18264740234243357,0.18264740234243357,4125568.834999997,Canada,Brazil
2825,124,156,22811819.97,2580309.67,20841218.0,1591445.984,1.0945531096119239,0.018188939173882684,0.018188939173882684,407510.62000000104,Canada,China
2825,124,276,9847736.766,696721.0,6815421.859,201755.0,1.444919620492123,0.3441112748763936,0.3441112748763936,2521158.2675750004,Canada,Germany
2825,124,704,16971748.477,590303.0,26723714.01,0.0,0.6350819527049714,-0.40922609050700337,0.40922609050700337,11756244.083749998,Canada,Viet Nam
2825,124,710,21467395.66,1275017.0,12855993.273,700001.0,1.6698356326216786,0.5533354722062127,0.5533354722062127,7647202.891525,Canada,South Africa
2825,124,842,24500566.1,35713906.0,35256711.0,5302253.0,0.6949192197763427,-0.3535635164871229,0.3535635164871229,13400398.224999994,Canada,USA
2825,152,842,1469420.489,139050.737,1508950.0,183143.0,0.9738032996454489,-0.09413646544609408,0.09413646544609408,152700.76099999994,Chile,USA
2825,156,36,14717924.0,585175.0,308354598.603,75441130.0,0.04773051566825833,-0.9555995203085969,0.9555995203085969,316763269.498225,China,Australia
2825,156,76,26084879.0,757398.0,23562594.0,991632.0,1.1070461512005003,0.029810373209767645,0.029810373209767645,755090.4499999993,China,Brazil
2825,156,152,86056578.0,1741076.0,29894652.7,642076.0,2.878661239640359,1.677824408967776,1.677824408967776,53919826.347500004,China,Chile
2825,156,276,39565871.0,2518897.157,24630113.576,1883210.375,1.6064022960313773,0.4943277172384906,0.4943277172384906,13088498.9058,China,Germany
2825,156,380,7688823.0,2219407.182,5339010.34,2154015.0,1.440121391486198,0.33964780603367284,0.33964780603367284,1949386.8845000006,China,Italy
2825,156,392,63151796.0,4061085.677,23435676.843,1336290.0,2.6946862436730865,1.5066848778354291,1.5066848778354291,37958443.393775,China,Japan
2825,156,410,14207253.0,296372.404,148631569.0,3581296.652,0.09558704853610205,-0.9110818153152539,0.9110818153152539,145571683.67499998,China,Rep. of Korea
2825,156,458,9564410.0,33109278.0,9154021.405,29283971.0,1.0448315092179972,-0.02806371235535143,0.02806371235535143,276163.0103749987,China,Malaysia
2825,156,704,35274720.0,1891042.789,22476670.267,1016963.216,1.5693926004595955,0.4599000934507864,0.4599000934507864,11112299.462975,China,Viet Nam
2825,156,826,6885156.0,546452.564,3420475.949,236457.0,2.0129233775237987,0.8724868628128359,0.8724868628128359,3208144.3548250003,China,United Kingdom
2825,156,842,26554712.0,2208829.997,32800630.0,2800756.0,0.8095793282019278,-0.24690295050983457,0.24690295050983457,8705965.25,China,USA
2825,203,276,7801090.0,1180026.313,4185595.759,208949.938,1.86379441522174,0.7337622467178976,0.7337622467178976,3301574.5590749998,Czechia,Germany
2825,203,528,1672135.0,1037822.0,1840353.792,121135.582,0.9085943188036749,-0.15479598250820936,0.15479598250820936,306245.3263999999,Czechia,Netherlands
2825,203,752,2791091.0,232792.062,3511633.551,362000.0,0.7948127159239572,-0.26063933402422584,0.26063933402422584,983915.0673249997,Czechia,Sweden
2825,208,528,32943921.068,686665.001,44438622.181,1195874.071,0.7413353396470823,-0.3103857305608537,0.3103857305608537,14827597.776575003,Denmark,Netherlands
2825,276,56,21976621.311,18718606.824,33289127.649,4019803.99,0.6601741428228798,-0.3858845183042979,0.3858845183042979,13809190.911674995,Germany,Belgium
2825,276,76,3178513.5,66514.0,3291787.0,72200.0,0.9655890554279484,-0.10177762285772239,0.10177762285772239,360157.5249999999,Germany,Brazil
2825,276,124,1093971.957,24170.993,1053402.395,23766.0,1.0385128818698004,-0.03394150523739478,0.03394150523739478,38435.617624999955,Germany,Canada
2825,276,152,57376865.102,1461760.0,1513037.34,122000.0,37.921645147237406,34.275948974174334,34.275948974174334,55750349.9615,Germany,Chile
2825,276,156,49227334.824,4007730.735,75550947.0,4417029.166,0.6515779984068234,-0.39388093171458277,0.39388093171458277,31989933.20099999,Germany,China
2825,276,203,3802132.128,157214.0,4489234.0,249771.0,0.8469445183744042,-0.21214463407032166,0.21214463407032166,1023794.4219999998,Germany,Czechia
2825,276,380,3284123.738,340190.908,3104808.779,547900.0,1.0577539461408485,-0.016042840799210645,0.016042840799210645,53545.69942500023,Germany,Italy
2825,276,392,14117869.994,324974.557,26964771.572,1033924.68,0.5235672016098175,-0.5129607426885419,0.5129607426885419,14869259.445899999,Germany,Japan
2825,276,410,5191109.069,500565.462,2151306.0,243484.1,2.413003575037675,1.2446544884071398,1.2446544884071398,2878455.1190000004,Germany,Rep. of Korea
2825,276,528,1601551.577,3928602.674,62038020.627,2082143.0,0.025815645966998788,-0.9759854456120941,0.9759854456120941,65089320.59702499,Germany,Netherlands
2825,276,724,1033307.372,138696.0,1017055.645,210761.598,1.0159791915810072,-0.05490307759906298,0.05490307759906298,60027.44637500006,Germany,Spain
2825,276,764,12358814.009,385127.539,8771031.872,373989.45,1.409049036573835,0.3107432898361256,0.3107432898361256,2929954.7466,Germany,Thailand
2825,276,826,8934837.906,350006.515,8625868.671,284886.61,1.0358189124810986,-0.03644752327339667,0.03644752327339667,337970.9153250009,Germany,United Kingdom
2825,276,842,9641821.275,741794.216,47295422.0,2605134.0,0.20386373283655235,-0.8103593182915793,0.8103593182915793,41200757.375,Germany,USA
2825,360,156,17021590.0,1421022.0,16934090.0,1311207.0,1.0051670919429387,-0.064960844704243,0.064960844704243,1182556.75,Indonesia,China
2825,360,392,7247343.0,602797.0,6557268.653,514391.0,1.1052380775468587,0.028128444229636083,0.028128444229636083,198279.19802500028,Indonesia,Japan
2825,360,410,1728443.0,326217.0,1684143.0,373120.9,1.0263041796332022,-0.04529843755050954,0.04529843755050954,82010.72499999986,Indonesia,Rep. of Korea
2825,360,458,1807510.0,7270811.0,1561945.171,3672020.0,1.1572173169451156,0.07648122506522397,0.07648122506522397,128418.94117500004,Indonesia,Malaysia
2825,360,842,4983173.0,540829.0,7281395.0,917938.0,0.6843706460094529,-0.3633761432470206,0.3633761432470206,2844326.625,Indonesia,USA
2825,380,36,1280348.555,160000.0,1462253.563,180000.0,0.8755995453847287,-0.1854887949909499,0.1854887949909499,291574.025225,Italy,Australia
2825,380,56,9152164.68,1947619.0,6705804.356,616608.26,1.364812361668608,0.26959289457544944,0.26959289457544944,1943424.9973,Italy,Belgium
2825,380,156,13917489.573,2409924.0,19809769.0,2559708.161,0.7025568835759771,-0.34645871295257946,0.34645871295257946,7378012.102,Italy,China
2825,380,276,9618682.351,1386484.0,8208756.75,740226.295,1.17175872594836,0.09000811716126511,0.09000811716126511,794268.8447500002,Italy,Germany
2825,380,410,5256135.426,512000.0,6860508.0,684060.0,0.7661437645725361,-0.2873081259790362,0.2873081259790362,2118910.6739999996,Italy,Rep. of Korea
2825,380,528,13871024.216,509308.0,9661414.087,317748.0,1.4357136637652534,0.33554759420023583,0.33554759420023583,3485004.072475001,Italy,Netherlands
2825,380,699,3436459.815,172000.0,3386373.83,170001.0,1.0147904476925396,-0.056008885867405066,0.056008885867405066,203892.05225000018,Italy,India
2825,380,724,8919874.661,1362276.0,8304639.823,1073928.0,1.0740832656337587,-0.0008527761546429704,0.0008527761546429704,7613.148724999279,Italy,Spain
2825,380,842,2754889.709,228981.0,3657746.0,424741.0,0.7531659412654678,-0.29938051975305313,0.29938051975305313,1177187.241,Italy,USA
2825,392,36,9577577.32,1349420.0,1784457.177,220000.0,5.367221720670073,3.992764391320998,3.992764391320998,7659285.854725,Japan,Australia
2825,392,56,4832236.2,631660.0,4515160.814,590472.61,1.070224605293538,-0.004442227633918031,0.004442227633918031,21561.67504999973,Japan,Belgium
2825,392,76,3764675.204,212010.0,2782170.0,187775.0,1.3531434829647362,0.25873812368812665,0.25873812368812665,773842.4539999999,Japan,Brazil
2825,392,124,3028088.51,3800.0,3058189.17,3810.0,0.9901573583821173,-0.0789233875515188,0.0789233875515188,259464.8477500002,Japan,Canada
2825,392,152,17801547.401,360350.0,14378800.64,316010.0,1.2380411862362395,0.1516662197546415,0.1516662197546415,2344336.7130000014,Japan,Chile
2825,392,156,1302061510.057,40017860.0,1656616315.0,40516894.0,0.7859765102319423,-0.2688590602493561,0.2688590602493561,478801028.5680001,Japan,China
2825,392,276,17788365.087,654123.0,19264975.433,696359.845,0.9233525964704511,-0.14106735212051055,0.14106735212051055,2921483.5034749955,Japan,Germany
2825,392,410,2866840.056,643129.0,9473376.0,2768269.273,0.30262074006141,-0.7184923348265954,0.7184923348265954,7317039.143999999,Japan,Rep. of Korea
2825,392,528,4890617.051,126000.0,7143371.944,187011.0,0.6846370438694322,-0.36312833128424904,0.36312833128424904,2788507.7888,Japan,Netherlands
2825,392,699,9032603.956,185726.0,9713630.95,238573.0,0.9298895544307251,-0.13498646099467426,0.13498646099467426,1409549.3152499981,Japan,India
2825,392,704,12279389.328,766470.0,26374418.875,1558901.078,0.46557952181609913,-0.5669027704036287,0.5669027704036287,16073110.962624999,Japan,Viet Nam
2825,392,710,12166079.797,900000.0,12195997.346,926224.0,0.9975469370686758,-0.07204936086634807,0.07204936086634807,944617.3499500006,Japan,South Africa
2825,392,764,3645941.847,350500.0,2845669.135,324508.0,1.28122479249507,0.19183701627448377,0.19183701627448377,586847.5268750004,Japan,Thailand
2825,392,826,1435000.197,21083.081,2554171.051,112538.353,0.5618261926655905,-0.47737098356689245,0.47737098356689245,1310733.6828249998,Japan,United Kingdom
2825,392,842,255738694.886,7103055.196,255839489.0,7936685.0,0.999606025972011,-0.07013392932836196,0.07013392932836196,19288755.789000005,Japan,USA
2825,410,76,8019224.0,511195.708,7098846.0,481100.0,1.1296517772043513,0.050838862515675674,0.050838862515675674,387964.55000000075,Rep. of Korea,Brazil
2825,410,124,1314177.0,1847.98,1735950.805,2200.0,0.7570358539048576,-0.29578060101873704,0.29578060101873704,551970.1153749998,Rep. of Korea,Canada
2825,410,152,1081904739.0,22669866.0,687457466.29,19610355.6,1.573776985562049,0.46397859122051055,0.46397859122051055,342887962.73825,Rep. of Korea,Chile
2825,410,156,9033981475.0,347226433.548,5742016700.0,164182068.023,1.5733115988673456,0.4635456733649727,0.4635456733649727,2861313522.5,Rep. of Korea,China
2825,410,276,10201646.0,745617.128,6755676.402,503693.099,1.5100850592813815,0.40473028770361086,0.40473028770361086,2939293.867850001,Rep. of Korea,Germany
2825,410,380,10852922.0,363002.3,9816178.227,344000.0,1.105615826141825,0.02847983827146521,0.02847983827146521,300530.40597500093,Rep. of Korea,Italy
2825,410,392,144188837.0,8235183.811,66257284.232,1763868.837,2.176196001259613,1.0243683732647562,1.0243683732647562,72962256.4506,Rep. of Korea,Japan
2825,410,704,68121526.0,2634203.23,37106200.919,2283539.117,1.835852884769963,0.7077701253674074,0.7077701253674074,28232360.012075,Rep. of Korea,Viet Nam
2825,410,710,8071563.0,520015.64,12332784.533,681652.0,0.6544801766707392,-0.3911812310039635,0.3911812310039635,5186180.372974999,Rep. of Korea,South Africa
2825,410,826,5874145.0,196670.667,3415987.664,100423.0,1.7196036923393294,0.599631341711004,0.599631341711004,2201958.2612,Rep. of Korea,United Kingdom
2825,410,842,101012698.0,4587287.468,109619195.0,5663246.0,0.92148731798295,-0.1428024948995814,0.1428024948995814,16827936.625,Rep. of Korea,USA
2825,458,156,6093536.646,1445899.52,8720528.0,805736.0,0.6987577639794287,-0.34999277769355464,0.34999277769355464,3281030.954,Malaysia,China
2825,458,392,3415490.597,417849.08,1780075.02,182951.0,1.918734075039152,0.7848689070131647,0.7848689070131647,1501909.9505,Malaysia,Japan
2825,458,702,1580641.299,225446.201,3248058.785,1487124.89,0.48664183859591076,-0.5473099175851992,0.5473099175851992,1911021.8948749998,Malaysia,Singapore
2825,458,842,10524508.767,1576423.54,9533205.0,1070090.0,1.1039843124111985,0.02696215108018478,0.02696215108018478,276313.3920000009,Malaysia,USA
2825,484,156,22993773.0,0.0,16635874.0,2056987.0,1.3821800405557292,0.28574887493556195,0.28574887493556195,5110208.449999999,Mexico,China
2825,484,276,2122679.0,0.0,1684245.779,333657.876,1.2603142762574202,0.1723853732627165,0.1723853732627165,312114.78757499997,Mexico,Germany
2825,484,392,1820796.0,0.0,1270384.987,138350.0,1.433263159304007,0.33326805516651825,0.33326805516651825,455132.138975,Mexico,Japan
2825,484,826,1871578.0,0.0,2528502.933,73800.0,0.7401921411969349,-0.31144917097959546,0.31144917097959546,846562.652975,Mexico,United Kingdom
2825,484,842,9932176.0,0.0,24316103.0,4535574.0,0.4084608458847209,-0.6200364224328178,0.6200364224328178,16207634.724999998,Mexico,USA
2825,528,56,9493964.503,48405564.0,1794121.543,920992.99,5.291706428721033,3.9225176081125896,3.9225176081125896,7565283.8442750005,Netherlands,Belgium
2825,528,76,23894666.535,1480360.0,63866690.0,3747300.0,0.37413347294184185,-0.6519688623796821,0.6519688623796821,44762025.215,Netherlands,Brazil
2825,528,152,49379155.841,1034882.0,219205427.23,5955880.018,0.22526429415996718,-0.790451819386077,0.790451819386077,186266678.43124998,Netherlands,Chile
2825,528,156,9650924.7,1045062.0,68455664.0,8080268.503,0.14098066012477797,-0.8688551998839275,0.8688551998839275,63938914.099999994,Netherlands,China
2825,528,276,9703218.094,15169874.0,3286645.614,551369.104,2.9523165055178353,1.7463409353654282,1.7463409353654282,6170074.05895,Netherlands,Germany
2825,528,392,16742940.71,1004336.0,14601305.845,385011.415,1.1466742007690613,0.06667367513401064,0.06667367513401064,1046536.9266250003,Netherlands,Japan
2825,528,704,2077837.144,74376.0,29205945.858,0.0,0.07114431951981605,-0.9338192376559851,0.9338192376559851,29318554.653349996,Netherlands,Viet Nam
2825,528,710,3629151.615,249511.0,25306039.289,1571427.0,0.14341049476586862,-0.8665948885898895,0.8665948885898895,23574840.620674998,Netherlands,South Africa
2825,528,752,6773152.056,504082.666,4283346.574,150000.0,1.5812757475925878,0.47095418380705856,0.47095418380705856,2168554.48895,Netherlands,Sweden
2825,528,826,2399702.699,111055.618,4026578.391,97579.946,0.5959657222528417,-0.44561328162526354,0.44561328162526354,1928869.0713249994,Netherlands,United Kingdom
2825,528,842,6909695.739,703348.0,12381942.0,1472705.0,0.5580462046260595,-0.4808872515106424,0.4808872515106424,6400891.911,Netherlands,USA
2825,616,56,9349105.0,5854322.393,9884517.741,726986.33,0.945833195404247,-0.12015516706581673,0.12015516706581673,1276751.5715750009,Poland,Belgium
2825,616,152,9503954.0,277606.0,4798155.89,252056.0,1.980751400721997,0.8425594425320906,0.8425594425320906,4345936.418250001,Poland,Chile
2825,616,156,7155780.0,699428.266,4072226.0,432853.0,1.757215832323648,0.6346193789057191,0.6346193789057191,2778137.05,Poland,China
2825,616,276,11683967.0,2929122.635,10177071.752,2281334.884,1.1480676647193595,0.06796992066917151,0.06796992066917151,743614.8665999994,Poland,Germany
2825,616,410,2678895.0,203953.278,2319350.0,225839.75,1.1550197253540864,0.07443695381775467,0.07443695381775467,185593.75,Poland,Rep. of Korea
2825,616,528,1674454.0,1119965.0,1067561.378,84509.0,1.5684849925322044,0.4590558070067019,0.4590558070067019,526825.51865,Poland,Netherlands
2825,616,826,3088644.0,298140.995,2516302.156,172315.0,1.2274535443349992,0.14181725054418526,0.14181725054418526,383619.1823,Poland,United Kingdom
2825,616,842,34382939.0,1023417.164,27906224.0,2775800.0,1.23208854770176,0.1461288815830327,0.1461288815830327,4383748.200000003,Poland,USA
2825,699,36,28811998.312,89217520.0,23583809.923,7454640.0,1.2216854870383447,0.1364516158496229,0.1364516158496229,3459402.6447749995,India,Australia
2825,699,56,2508967.851,429439.0,3094556.375,353100.94,0.8107681835332535,-0.2457970385737176,0.2457970385737176,817680.2521250001,India,Belgium
2825,699,156,97837083.324,18261278.0,77469348.0,16090230.223,1.2629134728744587,0.1748032305808919,0.1748032305808919,14557534.224000007,India,China
2825,699,276,7699042.074,1302501.227,4059770.171,1079650.61,1.896423134737102,0.76411454394149,0.76411454394149,3334789.140175,India,Germany
2825,699,360,4212136.019,1070548.0,3331766.63,1040000.0,1.264235010061314,0.17603256749889679,0.17603256749889679,630486.8917500004,India,Indonesia
2825,699,392,33410921.736,6848770.0,24068363.843,6244515.0,1.3881675528067594,0.29131865377372984,0.29131865377372984,7537430.604775004,India,Japan
2825,699,410,21413621.109,3753867.0,14349261.0,2343955.45,1.492315256444217,0.38820023855276004,0.38820023855276004,5988165.534000002,India,Rep. of Korea
2825,699,458,7129746.3,31297750.0,6769507.801,38925300.0,1.053214873162091,-0.02026523426782234,0.02026523426782234,147474.58607499953,India,Malaysia
2825,699,704,12172990.932,366502.0,9085289.466,0.0,1.3398572469875778,0.24637883440704902,0.24637883440704902,2406304.75605,India,Viet Nam
2825,699,710,7884824.992,1097020.0,7720429.315,1095750.0,1.0212935926607858,-0.04995944868764107,0.04995944868764107,414636.52162500005,India,South Africa
2825,699,752,6464529.128,517589.0,6960308.59,541000.0,0.9287704768273787,-0.13602746341639194,0.13602746341639194,1017802.6062500002,India,Sweden
2825,699,764,6313840.892,511900.0,4332271.442,377648.0,1.457397343755821,0.35571845930774054,0.35571845930774054,1656649.0918500004,India,Thailand
2825,699,842,26640377.548,9372633.322,19904681.0,1782315.0,1.3383976135060893,0.24502103581961807,0.24502103581961807,5242845.473000001,India,USA
2825,702,156,14715938.262,476310.19,15473122.0,493390.645,0.9510645790810671,-0.11528876364551884,0.11528876364551884,1917667.8879999984,Singapore,China
2825,702,392,5574093.868,442548.97,3297784.983,326383.993,1.690253881539978,0.572329192130212,0.572329192130212,2028975.011275,Singapore,Japan
2825,702,458,13376026.356,45114478.393,13140815.672,29452047.0,1.0178992453642874,-0.0531169810564769,0.0531169810564769,750350.4913999997,Singapore,Malaysia
2825,702,842,9854980.208,884888.18,6497598.0,435690.0,1.5167112843853991,0.41089421803292947,0.41089421803292947,2870062.358000001,Singapore,USA
2825,704,156,9076986.156,848727.751,4867886.0,589822.0,1.8646669531702262,0.7345739099257917,0.7345739099257917,3844008.7059999993,Viet Nam,China
2825,704,276,1190695.153,146945.841,1091451.171,115583.77,1.090928467197549,0.014817178788417542,0.014817178788417542,17385.14417499979,Viet Nam,Germany
2825,704,392,4740207.731,0.0,1798830.634,168565.0,2.6351606657150133,1.4513122471767568,1.4513122471767568,2806464.79945,Viet Nam,Japan
2825,704,410,5632324.414,596810.695,5543832.0,562169.273,1.0159623188437168,-0.0549187731686355,0.0549187731686355,327294.98599999957,Viet Nam,Rep. of Korea
2825,704,764,8492375.123,0.0,8219571.695,1184355.716,1.0331894943097761,-0.0388934936653246,0.0388934936653246,343664.4491250012,Viet Nam,Thailand
2825,704,842,2970014.428,303670.613,4279845.0,615823.0,0.693953736175025,-0.3544616407674186,0.3544616407674186,1630818.9470000002,Viet Nam,USA
2825,710,36,5965515.467,729960.0,6595348.075,802840.0,0.9045035074968352,-0.158601388375037,0.158601388375037,1124483.7136249999,South Africa,Australia
2825,710,56,1495772.996,318852.0,1925039.892,203001.85,0.7770088309421902,-0.27720108749563704,0.27720108749563704,573644.8879,South Africa,Belgium
2825,710,152,3507513.092,80000.0,4868606.18,130000.0,0.7204347532582724,-0.32982813650393256,0.32982813650393256,1726238.5514999991,South Africa,Chile
2825,710,156,7768514.424,1175706.64,5578767.0,586906.0,1.3925145868253683,0.29536240634918,0.29536240634918,1771339.8990000002,South Africa,China
2825,710,826,2141243.315,141931.49,2096907.898,56817.0,1.0211432352571548,-0.05009931603985605,0.05009931603985605,112932.67535000015,South Africa,United Kingdom
2825,710,842,1773123.038,53013.38,2130309.0,301651.0,0.8323313838508873,-0.22573824758056987,0.22573824758056987,516959.1369999999,South Africa,USA
2825,724,56,4682942.831,358120.28,5769471.471,313501.25,0.8116762262433589,-0.24495234768059634,0.24495234768059634,1519239.000324999,Spain,Belgium
2825,724,156,3815030.935,631498.235,7403552.0,1322134.582,0.5152973782044078,-0.5206536016703183,0.5206536016703183,4143787.4649999994,Spain,China
2825,724,276,8268616.71,1321498.739,7581500.863,1034620.205,1.0906305834974355,0.014540077672032999,0.014540077672032999,118503.28227500059,Spain,Germany
2825,724,380,7814033.444,940095.2,7500737.71,672351.0,1.0417686561126265,-0.030912878034765893,0.030912878034765893,249259.59424999915,Spain,Italy
2825,724,528,3527613.69,322555.73,2876708.676,153037.0,1.2262672683648554,0.14071373801381915,0.14071373801381915,435151.8633000003,Spain,Netherlands
2825,724,842,3422619.458,1081758.777,4230279.0,1288511.0,0.8090765308860244,-0.24737066894323315,0.24737066894323315,1124930.4669999997,Spain,USA
2825,752,56,8869233.304,279939.055,7634982.484,238646.62,1.1616573217537194,0.0806114620964832,0.0806114620964832,661627.1337000001,Sweden,Belgium
2825,752,152,5023109.094,147000.0,5712535.11,168000.0,0.8793134741888701,-0.18203397749872546,0.18203397749872546,1117866.1492500007,Sweden,Chile
2825,752,156,125840965.559,2290745.537,156250288.0,2880328.0,0.8053806950999028,-0.2508086557210206,0.2508086557210206,42128094.04099999,Sweden,China
2825,752,276,2146244.376,171932.428,1094730.809,92496.745,1.960522494073701,0.8237418549522803,0.8237418549522803,969408.7563250004,Sweden,Germany
2825,752,528,20405061.204,515198.728,20162677.624,599715.0,1.0120213983737698,-0.05858474569881884,0.05858474569881884,1269817.2418000028,Sweden,Netherlands
2825,752,842,31950691.029,2315827.447,18573507.0,2042571.0,1.72022930451422,0.600213306524856,0.600213306524856,11984171.004,Sweden,USA
2825,764,156,67261373.526,2330064.091,16410452.0,1455997.056,4.098691097966101,2.8127359050847454,2.8127359050847454,49620137.625999995,Thailand,China
2825,764,392,5873113.151,4939277.346,5940361.994,496617.0,0.9886793358606892,-0.08029829222261456,0.08029829222261456,512775.9925499996,Thailand,Japan
2825,764,410,3170632.218,1662998.0,1029363.0,433388.355,3.080188638993241,1.8652917572030157,1.8652917572030157,2064066.993,Thailand,Rep. of Korea
2825,764,842,8593372.674,639882.126,9223051.0,839321.0,0.9317277627544291,-0.13327649976332165,0.13327649976332165,1321407.1509999987,Thailand,USA
2825,792,56,7942716.0,692199.0,10685588.13,799936.27,0.7433110750077169,-0.30854783720212375,0.30854783720212375,3544291.2397499997,Türkiye,Belgium
2825,792,156,14078865.0,963308.0,8735956.0,648074.0,1.6115998065924324,0.49916261078365826,0.49916261078365826,4687712.300000001,Türkiye,China
2825,792,276,20413997.0,1177510.0,20389109.594,772739.359,1.0012206225036586,-0.06863197906636397,0.06863197906636397,1504295.8135499991,Türkiye,Germany
2825,792,528,1181359.0,65000.0,15829131.405,475598.0,0.07463195356549003,-0.9305749269158232,0.9305749269158232,15834957.260374997,Türkiye,Netherlands
2825,792,699,1080665.0,133729.0,1218352.417,158536.101,0.8869888424081487,-0.17489410008544298,0.17489410008544298,229063.84827499976,Türkiye,India
2825,792,842,7749426.0,496112.0,6541154.0,1029871.0,1.1847184762810965,0.10206369886613638,0.10206369886613638,717685.4500000002,Türkiye,USA
2825,826,36,10333053.966,1290912.0,10782655.017,1340657.0,0.9583033074608103,-0.1085550628271532,0.1085550628271532,1258300.1772750001,United Kingdom,Australia
2825,826,56,3217178.138,475313.0,8421196.679,378407.6,0.3820333689655653,-0.6446201218924973,0.6446201218924973,5835608.291924998,United Kingdom,Belgium
2825,826,156,5672727.483,1041212.0,4272185.0,487202.362,1.3278281448485962,0.23518897195218252,0.23518897195218252,1080128.608,United Kingdom,China
2825,826,276,9258496.866,1037363.006,9354483.317,1066823.353,0.9897389895574925,-0.07931256785349534,0.07931256785349534,797572.6997749992,United Kingdom,Germany
2825,826,392,5127912.319,176988.0,4388073.37,161972.608,1.1686022284992013,0.08707184046437325,0.08707184046437325,410733.44625000004,United Kingdom,Japan
2825,826,704,33793978.86,1080000.0,23419200.0,0.0,1.4430031282025004,0.3423284913511632,0.3423284913511632,8618338.86,United Kingdom,Viet Nam
2825,826,842,22318922.953,1661311.0,26681669.0,3465030.0,0.8364890124751941,-0.22187068606958674,0.22187068606958674,6363871.221999995,United Kingdom,USA
2825,842,36,13704462.0,1692352.0,13164967.19,1638300.16,1.0409795787725014,-0.03164690346744058,0.03164690346744058,447877.7292499989,USA,Australia
2825,842,56,29637978.0,1817141.0,27458146.215,1849458.36,1.0793874345315122,0.0040813344479182535,0.0040813344479182535,120470.81887499988,USA,Belgium
2825,842,76,77327115.0,2507615.0,73541903.0,3013475.0,1.0514701394115407,-0.021888242407869084,0.021888242407869084,1730430.724999994,USA,Brazil
2825,842,124,11066401.0,345916.0,10795114.208,441671.0,1.0251305161550728,-0.0463902175301649,0.0463902175301649,538346.7736000009,USA,Canada
2825,842,152,216996017.0,5267952.0,201748265.87,5199224.24,1.0755781025638413,0.0005377698268292662,0.0005377698268292662,116631.18975001574,USA,Chile
2825,842,156,177799174.0,16836012.0,181520395.0,14496093.506,0.9794997085589198,-0.08883748041030717,0.08883748041030717,17335250.625,USA,China
2825,842,276,49672169.0,4433074.0,35328134.272,3409596.35,1.4060229905593584,0.307928363311031,0.307928363311031,11694424.6576,USA,Germany
2825,842,380,1324503.0,56657.0,1123813.296,42128.0,1.1785792219350997,0.09635276459079055,0.09635276459079055,116403.70680000004,USA,Italy
2825,842,392,14568953.0,1283048.0,16346424.956,1030465.0,0.8912623426355024,-0.17091875103674192,0.17091875103674192,3003453.8277000003,USA,Japan
2825,842,410,52499573.0,3627579.0,30279547.0,3066500.52,1.7338295384670055,0.6128646869460517,0.6128646869460517,19949059.975,USA,Rep. of Korea
2825,842,484,3037528.0,280040.0,2703339.0,0.0,1.1236208259489469,0.045228675301345965,0.045228675301345965,131438.5750000002,USA,Mexico
2825,842,528,1928447.0,122602.399,7415555.368,309894.0,0.2600542918635248,-0.7580890308246281,0.7580890308246281,6043275.020599999,USA,Netherlands
2825,842,699,8639614.0,455602.0,7214651.754,189070.024,1.1975094979754168,0.11396232369806214,0.11396232369806214,883863.3644500002,USA,India
2825,842,704,12443422.0,331848.0,3095230.949,0.0,4.020191774064611,2.739713278199639,2.739713278199639,9116048.729825001,USA,Viet Nam
2825,842,710,33280929.0,899373.0,33951123.738,1892915.0,0.9802600130949457,-0.08813022037679469,0.08813022037679469,3216529.0183499977,USA,South Africa
2825,842,764,3393921.0,750299.0,14556822.217,1345185.0,0.23314985574505762,-0.7831164132604115,0.7831164132604115,12254662.883275,USA,Thailand
2825,842,826,11846171.0,495660.0,14201669.83,934869.919,0.8341393048707428,-0.22405646058535555,0.22405646058535555,3420624.0672500003,USA,United Kingdom
2836,36,156,31314431.867,66448720.27,29934360.0,68523415.0,1.0461032695203771,-0.02688067951592818,0.02688067951592818,865005.1330000013,Australia,China
2836,36,276,1263800.084,845004.5,2104665.307,544664.79,0.6004755624548336,-0.4414180814373641,0.4414180814373641,998715.121025,Australia,Germany
2836,36,410,5511797.045,4825985.2,5545356.0,5284453.545,0.9939482776218515,-0.0753969510494405,0.0753969510494405,449460.65500000026,Australia,Rep. of Korea
2836,36,699,1296164.211,1549859.4,1198267.565,531771.0,1.0816984860973016,0.006231149857955087,0.006231149857955087,8026.578625000082,Australia,India
2836,36,702,3443894.451,6172667.0,3139789.513,5947000.0,1.0968551989682374,0.02033041764487207,0.02033041764487207,68620.72452500043,Australia,Singapore
2836,36,792,1802105.442,5099350.0,1165947.0,5250305.0,1.5456152312240607,0.4377816104409869,0.4377816104409869,548712.4170000001,Australia,Türkiye
2836,36,826,1737096.561,929800.6,1626454.581,529585.0,1.0680264799844417,-0.006486995363309968,0.006486995363309968,11342.11357499985,Australia,United Kingdom
2836,36,842,87853429.621,205080469.265,81199306.0,222002935.0,1.0819480356272997,0.006463288955627554,0.006463288955627554,564175.6710000038,Australia,USA
2836,40,56,3866441.42,7874335.0,1567842.555,5006421.21,2.466090365814825,1.2940375495951864,1.2940375495951864,2181010.6733750002,Austria,Belgium
2836,40,276,23239255.561,28299565.0,18258822.114,20175522.95,1.2727686055488343,0.18397079585938095,0.18397079585938095,3611021.7884500027,Austria,Germany
2836,40,380,5664113.214,3015921.0,1771409.942,691243.0,3.197516893015157,1.9744343190838674,1.9744343190838674,3759847.52635,Austria,Italy
2836,40,826,2716579.281,217235.641,2609213.759,207745.0,1.0411486110057724,-0.03148966418067687,0.03148966418067687,88325.5099249999,Austria,United Kingdom
2836,56,152,13597327.81,288050.75,116489218.32,3836000.0,0.11672606277301699,-0.8914176160251005,0.8914176160251005,111628581.88399999,Belgium,Chile
2836,56,156,2227023.267,1419931.13,4200742.0,1978768.426,0.5301499751710531,-0.5068372323990203,0.5068372323990203,2288774.3829999994,Belgium,China
2836,56,276,42219043.71,93903986.12,41005691.756,61983011.919,1.029589842337496,-0.042242007127910645,0.042242007127910645,1862074.927699998,Belgium,Germany
2836,56,380,1290686.903,2224503.294,1051019.049,3514488.0,1.2280337870450908,0.14235701120473573,0.14235701120473573,160841.42532499996,Belgium,Italy
2836,56,410,1044275.33,537458.79,3076049.0,1603005.0,0.3394859217132107,-0.6841991425923621,0.6841991425923621,2262477.3449999997,Belgium,Rep. of Korea
2836,56,528,25136859.898,32914715.57,23916001.046,90028818.0,1.0510477838519827,-0.022281131300481215,0.022281131300481215,572841.22645,Belgium,Netherlands
2836,56,616,1759985.339,1848575.962,1143056.0,1520528.0,1.5397192604736776,0.43229698648714193,0.43229698648714193,531200.139,Belgium,Poland
2836,56,724,2859901.4,5173711.19,5188755.923,7777569.628,0.5511728519206356,-0.4872810679808042,0.4872810679808042,2718011.2172250007,Belgium,Spain
2836,56,792,21210827.334,56271706.24,65379343.0,202065152.0,0.32442704928986515,-0.6982073960094277,0.6982073960094277,49071966.390999995,Belgium,Türkiye
2836,56,826,1818800.646,1846515.35,3359918.281,3862404.0,0.5413228816561209,-0.49644383101756195,0.49644383101756195,1793111.5060749997,Belgium,United Kingdom
2836,76,156,43530800.0,79941987.701,36914453.0,86293913.0,1.1792345941032907,0.0969624131193401,0.0969624131193401,3847763.0249999985,Brazil,China
2836,76,276,4774098.0,4518198.301,3524792.269,3806377.617,1.3544338603972352,0.259938474788126,0.259938474788126,984946.3108250005,Brazil,Germany
2836,76,410,4388537.0,3304574.0,3506581.0,3343529.0,1.2515145094324072,0.16419954365805334,0.16419954365805334,618962.4250000003,Brazil,Rep. of Korea
2836,76,699,1395308.0,1856234.725,1254129.79,2107622.436,1.1125706534727957,0.0349494450909727,0.0349494450909727,47118.47574999998,Brazil,India
2836,76,724,54136370.0,122912010.883,40186463.342,109023984.0,1.3471294933142464,0.25314371471092706,0.25314371471092706,10935921.907350004,Brazil,Spain
2836,76,792,152671354.0,372609800.0,89257645.0,340202221.0,1.7104568913956895,0.5911226896704087,0.5911226896704087,56719385.625,Brazil,Türkiye
2836,76,842,256031417.0,676552545.997,221939443.0,686072847.0,1.153609351898752,0.07312497851046695,0.07312497851046695,17446515.775000006,Brazil,USA
2836,124,152,14853863.678,1727119.0,5711925.63,320000.0,2.600500188585263,1.4190699428700126,1.4190699428700126,8713543.62575,Canada,Chile
2836,124,156,5891255.698,2680330.0,5182662.0,2072635.496,1.1367238878398784,0.05741757008360792,0.05741757008360792,319894.0480000004,Canada,China
2836,124,792,11866745.244,39608605.0,12053189.0,40544585.0,0.984531582803522,-0.08415666715951431,0.08415666715951431,1090432.930999998,Canada,Türkiye
2836,124,842,120594488.027,285969482.0,132661454.0,306671507.0,0.90903939607808,-0.15438195713666963,0.15438195713666963,22016575.022999987,Canada,USA
2836,152,156,4160109.347,10591006.324,3119934.0,10547075.0,1.3333965869149795,0.24036891806044625,0.24036891806044625,806180.2970000003,Chile,China
2836,152,410,2309486.01,1604000.0,1427560.0,1316000.0,1.6177855992042365,0.5049168364690572,0.5049168364690572,774859.0099999998,Chile,Rep. of Korea
2836,152,792,5122113.249,15245328.375,4361841.0,18567850.0,1.1743007709359419,0.09237281017296918,0.09237281017296918,433134.17399999965,Chile,Türkiye
2836,152,842,301535576.553,775583625.956,266045434.0,785314467.0,1.133398803427688,0.054324468304826116,0.054324468304826116,15536735.002999961,Chile,USA
2836,156,152,5777418134.0,138644100.0,2549676639.09,129148456.0,2.265941510160287,1.1078525675909647,1.1078525675909647,3036515746.97825,China,Chile
2836,156,276,11606357.0,10222770.982,5022433.394,4465067.305,2.3109031199628087,1.1496773208956363,1.1496773208956363,6207241.10145,China,Germany
2836,156,392,13989058.0,6150994.872,8485623.349,7056319.0,1.6485598552578415,0.5335440514026434,0.5335440514026434,4867012.899825001,China,Japan
2836,156,410,44656979.0,11671360.0,310385059.0,14336269.049,0.14387605880217322,-0.8661618057654202,0.8661618057654202,289006959.425,China,Rep. of Korea
2836,156,458,2635992.0,6610979.0,3409445.371,9838910.1,0.7731439319782549,-0.2807963423458093,0.2807963423458093,1029161.7738249996,China,Malaysia
2836,156,484,15884652.0,16777317.943,2152267.0,0.0,7.380428171783519,5.865514578403274,5.865514578403274,13570964.975,China,Mexico
2836,156,699,4433581.0,181268.861,4865644.944,1399085.0,0.9112010948244809,-0.1523710745818782,0.1523710745818782,796987.3147999998,China,India
2836,156,702,1972321.0,4208684.0,2324552.606,6419592.0,0.8484733771604737,-0.2107224398507222,0.2107224398507222,526573.0514500001,China,Singapore
2836,156,704,6129583.0,80199920.0,1897287.0,1456671.835,3.2307094287790936,2.005311096538692,2.005311096538692,4089999.475,China,Viet Nam
2836,156,724,3370322.0,5630279.0,2570186.203,5424282.0,1.3113143304816035,0.21982728416893355,0.21982728416893355,607371.8317749999,China,Spain
2836,156,764,13885769.0,31390996.0,12978842.388,30425313.317,1.0698773114648905,-0.004765291660566893,0.004765291660566893,66486.56709999964,China,Thailand
2836,156,792,85866543.0,324493622.0,71557130.0,359774329.0,1.1999718686313998,0.11625290105246497,0.11625290105246497,8942628.25,China,Türkiye
2836,156,826,27805334.0,2906717.324,19098654.847,2981138.0,1.4558791822120205,0.3543062160111819,0.3543062160111819,7274280.039475001,China,United Kingdom
2836,156,842,83229507.0,300042353.711,90674176.0,375452454.0,0.9178964802503417,-0.14614280906944968,0.14614280906944968,14245232.200000003,China,USA
2836,203,276,24726884.0,43813818.911,23366612.236,37498494.744,1.0582143337793863,-0.015614573228477762,0.015614573228477762,392224.15370000154,Czechia,Germany
2836,203,380,1547634.0,1316832.603,1137292.391,697957.0,1.3608057279264782,0.26586579341997985,0.26586579341997985,325044.679675,Czechia,Italy
2836,203,616,66464647.0,136866963.292,28641936.0,55271860.0,2.320536118787501,1.1586382500348846,1.1586382500348846,35674565.8,Czechia,Poland
2836,203,792,2401309.0,3945808.374,2336623.0,9548321.0,1.0276835415897216,-0.044015310149096244,0.044015310149096244,110560.7250000001,Czechia,Türkiye
2836,208,276,29702904.528,43135241.0,36157731.19,44938631.043,0.8214814245926696,-0.2358312329370515,0.2358312329370515,9166656.501249995,Denmark,Germany
2836,208,616,12000168.714,18905796.0,9930579.0,19126585.0,1.2084057449218217,0.12409836736913663,0.12409836736913663,1324796.2890000008,Denmark,Poland
2836,208,792,2403088.243,5289614.0,1423200.0,4167301.0,1.688510569842608,0.5707075068303331,0.5707075068303331,873148.2429999998,Denmark,Türkiye
2836,246,276,2354240.76,2579309.425,1570172.592,1989974.0,1.4993515821093888,0.3947456577761757,0.3947456577761757,666305.2235999999,Finland,Germany
2836,246,616,5725156.234,12036474.0,5606371.0,11263979.0,1.0211875443134248,-0.050058098313093165,0.050058098313093165,301692.591,Finland,Poland
2836,246,752,2274648.577,16497166.767,3824352.629,26055491.233,0.5947800314624178,-0.4467162498024021,0.4467162498024021,1836530.499175,Finland,Sweden
2836,246,792,2071592.818,5024328.0,2120067.0,5784750.0,0.9771355424144614,-0.09103670473073353,0.09103670473073353,207479.20699999994,Finland,Türkiye
2836,276,40,4192428.702,9250242.228,3138974.705,7272984.0,1.335604487453173,0.2424227790262075,0.2424227790262075,818030.8941250001,Germany,Austria
2836,276,56,106578697.685,273513079.162,65386822.983,256778556.87,1.629972107877294,0.5162531236067851,0.5162531236067851,36287862.978275,Germany,Belgium
2836,276,152,48517647.498,2450643.965,68312415.47,3197600.0,0.7102317662783708,-0.33931928718291077,0.33931928718291077,24918199.13224999,Germany,Chile
2836,276,156,8391576.955,6089889.37,38767526.0,6489521.759,0.21645892376521525,-0.7986428616137533,0.7986428616137533,33283513.494999997,Germany,China
2836,276,380,13793276.305,22705169.894,7382093.348,9823447.0,1.8684776329382173,0.7381187283146207,0.7381187283146207,5857525.9558999995,Germany,Italy
2836,276,410,5090461.9,2118064.925,2976536.0,1488258.888,1.7101966514095581,0.5908806059623798,0.5908806059623798,1890685.7000000007,Germany,Rep. of Korea
2836,276,528,15237401.977,25852962.349,74836171.192,60697671.0,0.2036101224086793,-0.8105952349686705,0.8105952349686705,65211482.0544,Germany,Netherlands
2836,276,616,31064412.69,55701784.0,27587932.0,59546352.0,1.1260145446929477,0.0474553904120444,0.0474553904120444,1407385.7900000028,Germany,Poland
2836,276,699,1482450.992,851389.015,1283680.011,676765.0,1.1548446492090778,0.07427409228751425,0.07427409228751425,102494.98017500015,Germany,India
2836,276,724,6951764.532,12275633.0,6596153.93,9787929.175,1.0539118106966312,-0.01961692028220345,0.01961692028220345,139100.94274999946,Germany,Spain
2836,276,792,25590507.874,63114500.679,9052054.0,26384832.0,2.8270387995917834,1.629803534503985,1.629803534503985,15859549.824000003,Germany,Türkiye
2836,276,826,8527665.587,4900399.914,10631148.932,3234084.0,0.8021396033058602,-0.25382362483175797,0.25382362483175797,2900819.5149000008,Germany,United Kingdom
2836,276,842,2359567.774,1955345.743,42316144.0,17687406.181,0.05576046281532647,-0.9481298020322544,0.9481298020322544,43130287.02599999,Germany,USA
2836,360,156,82869075.0,230346858.0,65235995.0,206245499.0,1.2702967893721864,0.1816714319741268,0.1816714319741268,12740380.375,Indonesia,China
2836,360,276,3483008.0,1600740.0,2209091.474,1313214.287,1.5766698848795613,0.4666696603530802,0.4666696603530802,1108234.6654500002,Indonesia,Germany
2836,360,392,4152801.0,4159659.311,3382395.222,4001055.0,1.2277692958496025,0.14211097288335128,0.14211097288335128,516726.1363500003,Indonesia,Japan
2836,360,410,10220170.0,7842534.0,9051257.0,7946097.82,1.1291437200380015,0.050366251198140755,0.050366251198140755,490068.7249999996,Indonesia,Rep. of Korea
2836,360,458,10716482.0,28972649.0,8487309.51,25833596.87,1.2626477197954808,0.17455601841440083,0.17455601841440083,1592624.2767500002,Indonesia,Malaysia
2836,360,699,3072800.0,10088772.0,3851279.956,13440720.0,0.7978646151684747,-0.25780035798281425,0.25780035798281425,1067325.9526999998,Indonesia,India
2836,360,702,1477796.0,3311129.0,2057163.812,4452257.0,0.7183657380027838,-0.33175280185787553,0.33175280185787553,733655.0978999999,Indonesia,Singapore
2836,360,764,3675713.0,5952619.0,3511035.898,5776078.0,1.0469027109901683,-0.026137013032401516,0.026137013032401516,98650.59034999972,Indonesia,Thailand
2836,360,792,33513619.0,108711535.0,28242095.0,121222895.0,1.1866548497907115,0.10386497654949893,0.10386497654949893,3153366.875,Indonesia,Türkiye
2836,360,842,187351861.0,525452679.0,154643050.0,527498061.0,1.2115116780223878,0.12698760746268623,0.12698760746268623,21110582.25,Indonesia,USA
2836,372,276,3187171.172,517779.0,2529912.706,712977.476,1.2597949187895814,0.17190225003681994,0.17190225003681994,467515.0130500002,Ireland,Germany
2836,372,842,7857947.774,988083.0,1967355.0,2389533.0,3.994168705698768,2.71550577274304,2.71550577274304,5743041.149,Ireland,USA
2836,380,56,12908194.517,9408071.0,3598924.904,3305210.08,3.586680706411317,2.3364471687547135,2.3364471687547135,9039350.2452,Italy,Belgium
2836,380,156,9382124.565,14243099.0,9500871.0,13987417.742,0.9875015211763216,-0.08139393378946824,0.08139393378946824,831311.7599999998,Italy,China
2836,380,276,42185617.358,31741905.0,35400715.893,27557687.185,1.1916600072582606,0.10852093698442859,0.10852093698442859,4129847.773025006,Italy,Germany
2836,380,528,7560632.423,354057.0,6542722.9,3035816.0,1.1555788833728537,0.07495710081195715,0.07495710081195715,527205.3055000007,Italy,Netherlands
2836,380,616,5030117.846,6182188.0,4472295.0,7617583.0,1.1247285445168531,0.04625911117846808,0.04625911117846808,222400.7209999999,Italy,Poland
2836,380,699,1312882.846,1905875.0,1319881.301,2216450.0,0.9946976633469254,-0.07469984804937173,0.07469984804937173,105989.5525750001,Italy,India
2836,380,724,4766556.458,6478996.0,4580478.692,6125194.055,1.0406240872433252,-0.03197759326202312,0.03197759326202312,157458.1359000001,Italy,Spain
2836,380,792,149187796.722,423863655.0,133739020.0,423774355.0,1.1155143556607487,0.037687772707673345,0.037687772707673345,5418350.222000003,Italy,Türkiye
2836,380,826,1545877.852,1370523.0,2079732.843,1508932.0,0.7433059766321148,-0.3085525798771024,0.3085525798771024,689834.954225,Italy,United Kingdom
2836,392,152,648177243.203,11472872.0,339596421.17,9632740.0,1.9086692402995795,0.7755062700461206,0.7755062700461206,283111090.44525,Japan,Chile
2836,392,156,224128204.041,62538788.067,219468732.0,67810451.441,1.0212306873901291,-0.05001796521848452,0.05001796521848452,11800682.858999968,Japan,China
2836,392,276,11356015.227,4514676.862,6383589.016,1198753.443,1.7789389634165007,0.6548269427130241,0.6548269427130241,4493657.0348000005,Japan,Germany
2836,392,410,7657984.734,7659516.383,20899829.0,9759391.19,0.3664137507536545,-0.659149999298926,0.659149999298926,14809331.441,Japan,Rep. of Korea
2836,392,702,4316987.102,8348090.0,3989687.807,7820305.0,1.0820363173343401,0.006545411473804966,0.006545411473804966,28072.70947500039,Japan,Singapore
2836,392,764,3811574.915,7129200.0,4011778.97,7703533.0,0.95009594085389,-0.11618982246149753,0.11618982246149753,501087.4777499996,Japan,Thailand
2836,392,826,3228841.197,131105.0,3431876.268,200000.0,0.9408384641098022,-0.12480142873506771,0.12480142873506771,460425.79110000003,Japan,United Kingdom
2836,392,842,86217933.762,207616655.0,104456769.0,211669038.0,0.8253934578619792,-0.2321921322214147,0.2321921322214147,26073092.913000003,Japan,USA
2836,410,56,3306668.0,1099484.746,10159873.135,165290.717,0.3254635127882431,-0.6972432439179134,0.6972432439179134,7615195.620124999,Rep. of Korea,Belgium
2836,410,152,2086020649.0,42965450.0,1012858566.99,35197426.0,2.059537942399213,0.9158492487434539,0.9158492487434539,997197689.48575,Rep. of Korea,Chile
2836,410,156,357275987.0,432180393.4,415072888.0,437048882.0,0.8607548151880254,-0.19929784633672043,0.19929784633672043,88927367.59999996,Rep. of Korea,China
2836,410,276,11651513.0,7907614.297,1743723.022,1030694.297,6.681974633010264,5.215790356288619,5.215790356288619,9777010.75135,Rep. of Korea,Germany
2836,410,392,9262732.0,5956870.68,12252199.027,13163848.0,0.7560056753557338,-0.296738906645829,0.296738906645829,3908381.9540250003,Rep. of Korea,Japan
2836,410,724,3847522.0,2028102.539,3301759.879,1930760.0,1.1652943100045465,0.08399470698097343,0.08399470698097343,298130.13007499976,Rep. of Korea,Spain
2836,410,764,1923875.0,2678706.84,1847430.636,2719468.0,1.0413787465198234,-0.03127558463272245,0.03127558463272245,62112.933699999936,Rep. of Korea,Thailand
2836,410,792,25146895.0,49756502.908,15368092.0,64631421.0,1.636305599940448,0.5221447441306495,0.5221447441306495,8626196.100000001,Rep. of Korea,Türkiye
2836,410,826,44106894.0,2074903.963,40706079.585,1408802.0,1.083545614062357,0.00794940843009957,0.00794940843009957,347858.4461250007,Rep. of Korea,United Kingdom
2836,410,842,92749159.0,247719812.238,103042508.0,247548989.482,0.9001057990552792,-0.16269227994857743,0.16269227994857743,18021537.099999994,Rep. of Korea,USA
2836,458,156,67406579.31,196174565.14,56920999.0,182864143.0,1.1842128650974661,0.10159336288136386,0.10159336288136386,6216505.385000005,Malaysia,China
2836,458,392,2148466.936,2367666.196,1971339.573,2380264.0,1.0898512693733664,0.013815134300806118,0.013815134300806118,29276.895025000442,Malaysia,Japan
2836,458,410,13714955.797,7017746.7,13800455.0,7218278.025,0.9938046098480087,-0.0755305954902245,0.0755305954902245,1120533.3279999997,Malaysia,Rep. of Korea
2836,458,702,1210767.319,1805815.95,2035580.396,2678893.93,0.5948020139018867,-0.4466958010215008,0.4466958010215008,977481.6067000001,Malaysia,Singapore
2836,458,764,1500688.197,2361474.0,1483606.608,2489064.0,1.0115135568336588,-0.05905715643380568,0.05905715643380568,94188.9066000001,Malaysia,Thailand
2836,458,792,46928013.808,101516491.0,38440491.0,181761250.0,1.2207964203162753,0.13562457703839575,0.13562457703839575,5604485.983000003,Malaysia,Türkiye
2836,458,842,93833553.716,291721725.12,83715100.0,299770681.0,1.1208677253685417,0.04266765150562019,0.04266765150562019,3839821.2160000056,Malaysia,USA
2836,484,156,8737241.0,0.0,8308185.0,14392525.0,1.051642566938507,-0.021727844708365557,0.021727844708365557,194057.875,Mexico,China
2836,484,276,3334839.0,0.0,3149676.016,1716408.377,1.0587879461441092,-0.015080980331061289,0.015080980331061289,51062.71719999984,Mexico,Germany
2836,484,410,2067637.0,0.0,1732991.0,1322442.8,1.1931031378697292,0.10986338406486447,0.10986338406486447,204671.67500000005,Mexico,Rep. of Korea
2836,484,699,1114823.0,0.0,1263591.841,2050889.0,0.8822651142775145,-0.17928826578835852,0.17928826578835852,243538.22907499992,Mexico,India
2836,484,842,450678123.0,0.0,418430859.0,1445691430.0,1.0770671266384777,0.0019229085009095802,0.0019229085009095802,864949.5750000477,Mexico,USA
2836,528,56,54537825.713,121093895.0,28410742.235,96498841.13,1.9196198839822392,0.7856929153323156,0.7856929153323156,23996277.810375,Netherlands,Belgium
2836,528,156,5033635.213,5140533.0,6635971.0,8980131.0,0.7585378557260122,-0.29438339002231423,0.29438339002231423,2100033.611999999,Netherlands,China
2836,528,276,59090895.413,130694411.0,63622374.588,115705618.175,0.9287753843778304,-0.1360228982531811,0.1360228982531811,9303157.269099995,Netherlands,Germany
2836,528,380,4471518.258,3133935.0,3786857.887,5445708.0,1.1807990665164352,0.09841773629435831,0.09841773629435831,400646.0294750002,Netherlands,Italy
2836,528,410,3852797.972,2125050.0,2811028.0,1704157.5,1.3706010655176684,0.2749777353652728,0.2749777353652728,830942.872,Netherlands,Rep. of Korea
2836,528,616,5355612.139,8091517.0,4517619.0,8264373.0,1.18549442505001,0.1027855116744278,0.1027855116744278,499171.7140000006,Netherlands,Poland
2836,528,724,8702656.445,12905050.0,8604662.995,12326445.7,1.011388412312829,-0.05917356994155441,0.05917356994155441,547356.2746249977,Netherlands,Spain
2836,528,792,67368408.931,188161718.0,84128954.0,260488689.0,0.8007755443030944,-0.25509251692735396,0.25509251692735396,23070216.619000003,Netherlands,Türkiye
2836,528,826,18064489.924,11867506.0,12688256.393,0.0,1.4237172834847522,0.32438817068349046,0.32438817068349046,4424614.3015250005,Netherlands,United Kingdom
2836,528,842,3151504.446,4061963.0,2897670.0,2532503.0,1.0875995009783723,0.011720466026392816,0.011720466026392816,36509.195999999996,Netherlands,USA
2836,616,40,2271295.0,6420730.0,1320249.529,3302478.0,1.7203528197585138,0.6003282044265246,0.6003282044265246,852026.756325,Poland,Austria
2836,616,56,4900421.0,5317668.299,3441056.902,1803406.75,1.4241034483189725,0.32474739378509065,0.32474739378509065,1201284.8303500004,Poland,Belgium
2836,616,76,1344345.0,1192660.0,1072571.0,1194500.0,1.253385556760345,0.16594005280032098,0.16594005280032098,191331.17500000005,Poland,Brazil
2836,616,156,9096205.0,11049874.713,11681696.0,16654007.0,0.7786716072734644,-0.2756543188153819,0.2756543188153819,3461618.1999999993,Poland,China
2836,616,203,2755539.0,7789249.0,2052490.0,7422445.522,1.342534677391851,0.24886946734125662,0.24886946734125662,549112.25,Poland,Czechia
2836,616,276,47255566.0,61756147.0,60752917.928,82394065.834,0.77783203855334,-0.2764353129736372,0.2764353129736372,18053820.772600003,Poland,Germany
2836,616,380,4603909.0,2882883.006,2638586.294,2002414.0,1.7448392764220124,0.6231063036483837,0.6231063036483837,1767428.7339499998,Poland,Italy
2836,616,392,1357122.0,298002.0,1221456.68,286400.0,1.1110684662185482,0.03355206159864956,0.03355206159864956,44056.069000000134,Poland,Japan
2836,616,410,4715095.0,3106089.0,7246447.0,5142087.5,0.6506768075444421,-0.3947192487958677,0.3947192487958677,3074835.5249999994,Poland,Rep. of Korea
2836,616,528,1440657.0,1837898.0,2713657.693,2124779.0,0.5308912040439877,-0.5061477171683835,0.5061477171683835,1476525.019975,Poland,Netherlands
2836,616,792,43876501.0,121421093.0,31660824.0,103892219.0,1.3858294086092011,0.289143635915536,0.289143635915536,9841115.200000003,Poland,Türkiye
2836,616,826,3036002.0,2941277.282,1797013.143,931067.001,1.6894712272007018,0.5716011415820483,0.5716011415820483,1104212.8712750003,Poland,United Kingdom
2836,699,36,6065961.212,942120.0,7184491.221,1120010.0,0.8443132610795628,-0.2145923152748252,0.2145923152748252,1657366.850574999,India,Australia
2836,699,56,1611216.649,431169.0,1179136.911,107058.86,1.3664372932177677,0.2711044588072257,0.2711044588072257,343644.4696749998,India,Belgium
2836,699,156,66920084.248,138531270.845,54877018.0,119094874.925,1.2194555514660073,0.13437725717768123,0.13437725717768123,7927289.898000009,India,China
2836,699,276,8969696.299,3403738.515,7466056.071,2595311.579,1.2013968571493199,0.11757847176680927,0.11757847176680927,943686.0226750001,India,Germany
2836,699,410,32040445.107,23976266.0,28446202.0,23677386.0,1.126352302040181,0.04776958329319168,0.04776958329319168,1460777.9570000023,India,Rep. of Korea
2836,699,458,13443302.655,97002365.0,12366597.426,102230074.81,1.087065600335327,0.011223814265420436,0.011223814265420436,149210.42204999924,India,Malaysia
2836,699,702,1208157.299,3090076.0,1381861.334,3335170.24,0.874297058086727,-0.1867004110821144,0.1867004110821144,277343.6350499999,India,Singapore
2836,699,764,5886875.296,5984928.0,5452429.407,5797425.0,1.0796793239436067,0.004352859482424906,0.004352859482424906,25513.683475000784,India,Thailand
2836,699,792,80011525.319,275609975.0,76871459.0,353614371.0,1.0408482726859654,-0.03176904866421824,0.03176904866421824,2625293.1059999913,India,Türkiye
2836,699,826,4249775.403,2450294.547,2751116.156,894725.0,1.544745900216363,0.43697293043382607,0.43697293043382607,1292325.5353,India,United Kingdom
2836,699,842,86642465.288,235020805.0,63253559.0,226747187.0,1.3697642734695767,0.2741993241577458,0.2741993241577458,18644889.363000005,India,USA
2836,702,276,1424217.308,270588.85,1449440.91,307112.944,0.9825977024479046,-0.08595562562985622,0.08595562562985622,133931.67024999997,Singapore,Germany
2836,702,410,1417702.895,1177567.434,1359068.0,1170969.145,1.0431434593412545,-0.029633991310460874,0.029633991310460874,43295.20499999984,Singapore,Rep. of Korea
2836,702,458,3463271.214,23232922.0,3188324.952,20478336.5,1.0862353323890432,0.01045147198980758,0.01045147198980758,35821.89060000004,Singapore,Malaysia
2836,702,842,1763555.787,658559.103,1523149.0,1287396.0,1.1578353706695799,0.0770561587623999,0.0770561587623999,126170.61199999996,Singapore,USA
2836,704,152,5475120.0,124513.219,2889938.11,60000.0,1.8945457624350301,0.7623681511023537,0.7623681511023537,2368436.53175,Viet Nam,Chile
2836,704,156,76574309.105,164209082.31,70109407.0,216358162.0,1.0922116215445954,0.01601081073915859,0.01601081073915859,1206696.580000013,Viet Nam,China
2836,704,410,5146096.291,4165978.713,5802879.0,4630043.41,0.8868177832072667,-0.17505322492347286,0.17505322492347286,1091998.6339999996,Viet Nam,Rep. of Korea
2836,704,458,1986165.437,4595104.069,2218511.305,5937500.2,0.8952694685502176,-0.16719119204630917,0.16719119204630917,398734.2158750002,Viet Nam,Malaysia
2836,704,699,3515529.847,8012036.869,4656210.172,14728415.0,0.755019579687478,-0.29765620494188083,0.29765620494188083,1489896.0878999997,Viet Nam,India
2836,704,702,1604664.8,2968586.403,2170908.05,2577900.051,0.7391675570966721,-0.3124022724682119,0.3124022724682119,729061.3537499995,Viet Nam,Singapore
2836,704,764,3290286.455,6179645.935,3654946.976,8263758.0,0.9002282322029507,-0.16257838864841795,0.16257838864841795,638781.5441999994,Viet Nam,Thailand
2836,704,792,18758839.746,43396648.815,17269587.0,78619025.0,1.0862355739022596,0.010451696653264701,0.010451696653264701,194033.72100000083,Viet Nam,Türkiye
2836,704,842,101781624.935,236094779.965,94474325.0,349174329.0,1.0773469398696418,0.0021831998787366106,0.0021831998787366106,221725.56000000238,Viet Nam,USA
2836,710,156,48926644.894,98842750.24,37442785.0,74216278.019,1.3067042126807609,0.215538802493731,0.215538802493731,8675651.019000001,South Africa,China
2836,710,276,12182468.582,19711386.32,2927730.206,2889246.908,4.1610625723072525,2.870755881216049,2.870755881216049,9035158.610550001,South Africa,Germany
2836,710,410,2922508.748,2857313.74,3025220.0,3026650.0,0.9660483363193421,-0.10135038481921664,0.10135038481921664,329602.75199999986,South Africa,Rep. of Korea
2836,710,699,6442582.487,13798642.71,8870781.802,23291906.13,0.7262699760631538,-0.32440002226683373,0.32440002226683373,3093507.95015,South Africa,India
2836,710,724,23028028.19,64357844.41,17437451.2,43410089.0,1.3206074629760112,0.22847205858233602,0.22847205858233602,4282768.150000002,South Africa,Spain
2836,710,792,7472975.3,27417850.66,6611553.0,27536284.0,1.1302904627702448,0.05143298862348352,0.05143298862348352,365555.8250000002,South Africa,Türkiye
2836,724,56,2747419.927,3144797.44,2062767.187,321745.57,1.331909846304919,0.2389859035394597,0.2389859035394597,529945.2009750004,Spain,Belgium
2836,724,152,5526664.261,122170.1,2725632.43,72000.0,2.0276630847835926,0.8861982184033419,0.8861982184033419,2596609.3987499997,Spain,Chile
2836,724,156,11292345.275,14350729.725,11891492.0,16435001.0,0.9496155129230209,-0.11663673216463169,0.11663673216463169,1491008.625,Spain,China
2836,724,276,31850902.47,0.0,25533011.717,20382707.569,1.2474400914011063,0.16040938734986632,0.16040938734986632,4402914.874224998,Spain,Germany
2836,724,380,11283756.055,11457223.05,8025456.827,5119221.0,1.4059954839004456,0.3079027757213447,0.3079027757213447,2656389.9659749996,Spain,Italy
2836,724,392,1471406.611,248360.9,1091014.411,184000.0,1.3486591892506175,0.2545666876749929,0.2545666876749929,298566.1191749999,Spain,Japan
2836,724,410,4862556.881,3681007.4,4421157.0,3885000.0,1.0998380923817002,0.023105202215535095,0.023105202215535095,109813.10600000061,Spain,Rep. of Korea
2836,724,528,1496152.665,169890.55,11211499.155,23801374.0,0.1334480468950274,-0.875862281958114,0.875862281958114,10556208.926624998,Spain,Netherlands
2836,724,699,5404667.274,9285322.976,5046979.901,9611635.196,1.0708715667619617,-0.0038404030121286124,0.0038404030121286124,20836.119574999437,Spain,India
2836,724,792,148118430.058,407465116.8,132189290.0,420691937.0,1.1205025010573852,0.04232790796035832,0.04232790796035832,6014943.307999998,Spain,Türkiye
2836,724,826,2633040.629,2829397.569,1040244.278,363483.0,2.531175306306275,1.3545816802849073,1.3545816802849073,1514778.0301500002,Spain,United Kingdom
2836,724,842,2871146.219,5526596.419,5032929.0,16497483.0,0.5704722278021407,-0.46932816018405515,0.46932816018405515,2539252.456,Spain,USA
2836,752,56,6097173.775,10099680.806,2372539.964,4320365.94,2.569892970199089,1.3905981118131063,1.3905981118131063,3546693.3137000003,Sweden,Belgium
2836,752,156,2319474.535,664645.984,2149292.0,649872.0,1.0791807418442911,0.0038890621807359657,0.0038890621807359657,8985.635000000242,Sweden,China
2836,752,208,1636261.576,833139.392,1720113.654,1949848.0,0.9512520130254136,-0.11511440648798729,0.11511440648798729,212860.6020500001,Sweden,Denmark
2836,752,276,3469975.374,2213660.789,3237996.193,3291931.569,1.071642820798091,-0.003122957397124601,0.003122957397124601,10870.533474999946,Sweden,Germany
2836,752,410,2401659.898,456000.0,2625018.0,492000.0,0.9149117827001567,-0.14891927190683096,0.14891927190683096,420234.45200000005,Sweden,Rep. of Korea
2836,752,528,2360849.964,3266089.333,6287449.436,9201075.0,0.37548611532086446,-0.6507105903991959,0.6507105903991959,4398158.1797,Sweden,Netherlands
2836,752,616,1489798.211,2437032.741,1962195.0,3293260.0,0.7592508445898598,-0.2937201445675723,0.2937201445675723,619561.4140000001,Sweden,Poland
2836,752,792,6467007.91,14571014.234,1875496.0,4901445.0,3.4481587324099867,2.207589518520918,2.207589518520918,4450849.71,Sweden,Türkiye
2836,752,826,1667740.833,905256.965,1112389.949,166267.0,1.49924119190329,0.3946429692123629,0.3946429692123629,471921.6378250001,Sweden,United Kingdom
2836,764,156,56478568.84,158316908.074,49574621.0,150110198.0,1.139263754331072,0.059780236587043824,0.059780236587043824,3185851.265000008,Thailand,China
2836,764,392,6543369.128,6949125.743,4583551.708,6384733.0,1.4275761559707925,0.32797781950771404,0.32797781950771404,1616051.0419000005,Thailand,Japan
2836,764,410,3032907.353,2368571.913,2919248.0,2328081.549,1.0389344629164772,-0.03354933682188174,0.03354933682188174,105284.24699999997,Thailand,Rep. of Korea
2836,764,458,3439583.856,15179469.0,3685415.745,15405811.0,0.9332960224817187,-0.13181765350537789,0.13181765350537789,522238.0698749996,Thailand,Malaysia
2836,764,699,5933418.139,15703765.854,7543531.475,21878355.237,0.7865570865136479,-0.2683189892896299,0.2683189892896299,2175878.196624999,Thailand,India
2836,764,702,1059786.632,1932504.0,1117504.508,1970175.0,0.948351102311616,-0.11781292808221774,0.11781292808221774,141530.71409999998,Thailand,Singapore
2836,764,704,5945332.525,3091753.0,5670829.078,4353186.583,1.0484062283000095,-0.02473839227906091,0.02473839227906091,150808.7338499995,Thailand,Viet Nam
2836,764,724,9545207.669,27913526.565,7485839.84,26134008.52,1.275101775220454,0.1861411862515852,0.1861411862515852,1497929.841,Thailand,Spain
2836,764,792,58616814.81,174893440.0,52389941.0,216091000.0,1.1188562859805473,0.04079654509818366,0.04079654509818366,2297628.235000007,Thailand,Türkiye
2836,764,842,97775475.697,277993720.882,67431602.0,224687440.0,1.4499948510343859,0.3488324195668708,0.3488324195668708,25286503.547000006,Thailand,USA
2836,792,56,5050109.0,11136977.0,5139506.622,11574548.23,0.982605796903281,-0.0859480959039247,0.0859480959039247,474860.61865000054,Türkiye,Belgium
2836,792,156,10977940.0,14294343.0,10310449.0,12963063.0,1.0647392756610308,-0.009544859850203749,0.009544859850203749,105792.67499999888,Türkiye,China
2836,792,276,7789448.0,7092622.892,14430106.163,8001164.36,0.5398053148058464,-0.4978555211108405,0.4978555211108405,7722916.125225,Türkiye,Germany
2836,792,410,9863212.0,6468650.0,8725590.0,6739000.0,1.1303776592757624,0.051514101651872035,0.051514101651872035,483202.75,Türkiye,Rep. of Korea
2836,792,699,1567801.0,2935004.0,1443323.61,1012591.0,1.0862435763799358,0.010459140818545135,0.010459140818545135,16228.119249999989,Türkiye,India
2836,792,702,1970548.0,2888000.0,1960781.912,2984000.0,1.0049807109807734,-0.0651342223434667,0.0651342223434667,137292.55539999995,Türkiye,Singapore
2836,792,826,1478235.0,1644176.52,1150110.934,832811.0,1.2852977537208599,0.1956258174147534,0.1956258174147534,241865.74595000013,Türkiye,United Kingdom
2836,826,36,7144001.254,1131526.0,5750149.729,893520.0,1.2424026487467488,0.15572339418302214,0.15572339418302214,962590.2953249998,United Kingdom,Australia
2836,826,56,1584789.723,2420908.0,34607793.944,3100874.53,0.045792855955060295,-0.9574019944604091,0.9574019944604091,35618588.7668,United Kingdom,Belgium
2836,826,156,17541674.842,12291044.0,21525426.0,12332447.056,0.8149281153367185,-0.24192733457049434,0.24192733457049434,5598158.107999999,United Kingdom,China
2836,826,276,17697018.478,12193788.123,18586796.839,11829811.446,0.9521284722318043,-0.11429909559832158,0.11429909559832158,2283788.1239250004,United Kingdom,Germany
2836,826,372,3268427.368,0.0,3509446.528,1163914.387,0.9313227433223339,-0.1336532620257359,0.1336532620257359,504227.6496000001,United Kingdom,Ireland
2836,826,380,5471173.528,1884695.121,4482763.452,1828802.0,1.220491240857025,0.13534068916932554,0.13534068916932554,652202.8171000006,United Kingdom,Italy
2836,826,410,2697619.676,0.0,2820304.0,989200.0,0.9564996099711237,-0.11023292095709421,0.11023292095709421,334207.12399999984,United Kingdom,Rep. of Korea
2836,826,528,1507329.206,2930422.0,56135705.017,2322510.793,0.026851523563185396,-0.9750218385458741,0.9750218385458741,58838553.68727499,United Kingdom,Netherlands
2836,826,699,2101889.634,2115718.331,1230070.773,1675010.0,1.7087550408776357,0.5895395729094286,0.5895395729094286,779563.553025,United Kingdom,India
2836,826,724,14509060.804,0.0,13470061.18,35959105.39,1.0771339944277818,0.0019851110956110615,0.0019851110956110615,28745.035500001162,United Kingdom,Spain
2836,826,792,90533710.515,237061158.0,66738202.0,197637239.0,1.356550038836827,0.26190701287146706,0.26190701287146706,18790143.36500001,United Kingdom,Türkiye
2836,826,842,16001835.089,0.0,16439255.0,56402804.605,0.9733917436647829,-0.09451930821880666,0.09451930821880666,1670364.0360000003,United Kingdom,USA
2836,842,36,30643677.0,4536118.0,28904862.632,4322320.0,1.0601564653718505,-0.013807939188976368,0.013807939188976368,429050.32939999923,USA,Australia
2836,842,124,8780111.0,34014662.0,11232136.374,39114086.0,0.781695548170523,-0.27284135053904834,0.27284135053904834,3294435.602049999,USA,Canada
2836,842,152,161914434.0,8250265.0,139868183.14,6983430.0,1.1576216289156553,0.07685732922386569,0.07685732922386569,11556137.124500036,USA,Chile
2836,842,156,22683703.0,7495573.0,25645248.0,8296457.093,0.8845187615265019,-0.17719184974278884,0.17719184974278884,4884938.599999998,USA,China
2836,842,276,54367197.0,23604058.722,32348375.789,13146255.444,1.6806777983112047,0.5634212077313534,0.5634212077313534,19592693.026825003,USA,Germany
2836,842,392,8178234.0,4537493.0,3789288.833,2525793.0,2.1582503631757333,1.0076747564425426,1.0076747564425426,4104748.504525,USA,Japan
2836,842,410,11708383.0,7971392.0,9966557.0,8653507.718,1.1747670735239863,0.09280658002231276,0.09280658002231276,994334.2249999996,USA,Rep. of Korea
2836,842,484,8901149.0,16283373.0,8887053.0,0.0,1.0015861275948281,-0.06829197433039241,0.06829197433039241,652432.9749999996,USA,Mexico
2836,842,528,1913011.0,108336.0,3689967.568,960262.0,0.5184357219261067,-0.5177342121617612,0.5177342121617612,2053704.1355999997,USA,Netherlands
2836,842,699,7960518.0,4762164.0,4887182.926,3871172.0,1.6288561571226934,0.5152150298815752,0.5152150298815752,2706796.3545500003,USA,India
2836,842,724,6034812.0,6498056.0,4835212.495,6754963.0,1.2480965430662008,0.16102004006158213,0.16102004006158213,836958.5678749997,USA,Spain
2836,842,752,1436704.0,102050.0,1255306.027,91576.555,1.1445049805373078,0.06465579584865828,0.06465579584865828,87250.02097499999,USA,Sweden
2836,842,792,11824424.0,38840122.529,8252592.0,37201845.0,1.432813351247705,0.3328496290676325,0.3328496290676325,2952887.5999999996,USA,Türkiye
2836,842,826,14534527.0,5958367.0,14390570.575,4250429.656,1.0100035244780419,-0.06046183769484482,0.06046183769484482,935336.3681249991,USA,United Kingdom
2846,76,156,3117533.0,1470490.372,1063372.0,1211749.136,2.93174260747885,1.7272024255617213,1.7272024255617213,1974408.1,Brazil,China
2846,124,156,2131941.305,189813.729,1619262.0,135312.0,1.3166129415746186,0.22475622472057558,0.22475622472057558,391234.65500000026,Canada,China
2846,124,842,1867690.09,524792.0,2263189.0,427863.0,0.8252470695112074,-0.23232830743143487,0.23232830743143487,565238.0849999997,Canada,USA
2846,156,392,33039038.0,435865.992,30469622.802,384024.0,1.084327108828907,0.008676380305959968,0.008676380305959968,284193.4878499992,China,Japan
2846,156,410,4593861.0,32654.0,6232900.0,40949.2,0.7370342858059651,-0.314386710878172,0.314386710878172,2106506.5,China,Rep. of Korea
2846,156,458,214676059.0,19084528.174,157669177.506,12443701.0,1.361560086731794,0.26656752254120386,0.26656752254120386,45181693.18105,China,Malaysia
2846,156,699,4336897.0,805860.172,4529621.46,922002.0,0.9574524136946313,-0.10934659191197088,0.10934659191197088,532446.0695000002,China,India
2846,156,764,1420459.0,38800.0,1645926.003,23301.0,0.8630151036018355,-0.19719525246340888,0.19719525246340888,348911.45322500006,China,Thailand
2846,156,842,8718934.0,503646.443,318534259.0,32247094.0,0.027372044775880764,-0.9745376327666225,0.9745376327666225,333705394.425,China,USA
2846,276,156,21205134.392,3894300.48,14608947.0,637893.654,1.4515169636798602,0.3502483383068467,0.3502483383068467,5500516.367000002,Germany,China
2846,276,380,18516139.606,27724.0,2333313.887,30514.0,7.9355545386166035,6.381911198713119,6.381911198713119,16007827.177474998,Germany,Italy
2846,276,392,1857772.223,18367.364,8513212.252,427662.0,0.21822223715420175,-0.7970025700891147,0.7970025700891147,7293930.9479,Germany,Japan
2846,276,842,3702274.34,110216.943,2251198.0,99093.0,1.6445796149427994,0.5298415022723714,0.5298415022723714,1282236.4899999998,Germany,USA
2846,380,156,1077223.594,194142.0,10611332.0,1172198.652,0.10151634064413403,-0.9055661947496427,0.9055661947496427,10329958.306,Italy,China
2846,392,156,218567082.694,7357770.0,222527937.0,7456287.982,0.982200642492812,-0.0863249837276166,0.0863249837276166,20650449.58099997,Japan,China
2846,392,380,10193188.526,28446.0,2246732.384,22878.0,4.5368948249423555,3.220367279016145,3.220367279016145,7777951.213200001,Japan,Italy
2846,392,699,1425768.307,14129.0,16189752.467,3932338.0,0.08806609674275016,-0.9180780495416277,0.9180780495416277,15978215.595025,Japan,India
2846,392,842,1541163.378,33845.501,1493750.0,40806.0,1.0317411735564854,-0.04024076878466477,0.04024076878466477,64617.871999999974,Japan,USA
2846,410,156,41386757.0,1840753.55,42885765.0,1896147.916,0.9650464903680743,-0.10228233454132618,0.10228233454132618,4715440.375,Rep. of Korea,China
2846,410,392,19596722.0,300174.97,27461806.015,446141.0,0.7135991707645161,-0.33618681789347343,0.33618681789347343,9924719.466125,Rep. of Korea,Japan
2846,410,842,3515999.0,2598.557,6252965.0,57269.0,0.5622930881589774,-0.4769366621776955,0.4769366621776955,3205938.375,Rep. of Korea,USA
2846,458,392,6239429.853,125017.23,9035465.344,134913.0,0.6905488113175369,-0.35762901272787256,0.35762901272787256,3473695.3917999994,Malaysia,Japan
2846,484,842,4660047.0,0.0,5500729.0,87126.0,0.847168984329168,-0.21193582853100648,0.21193582853100648,1253236.6749999998,Mexico,USA
2846,528,156,3893745.615,978056.0,24727503.0,4741639.0,0.15746618714392635,-0.8535198259126268,0.8535198259126268,22688320.11,Netherlands,China
2846,616,156,2901945.0,368447.619,5965357.0,186011.0,0.4864662751952649,-0.5474732323764977,0.5474732323764977,3510813.7749999994,Poland,China
2846,699,156,5202388.237,831908.946,6383880.0,864596.0,0.81492575627988,-0.24192952904197218,0.24192952904197218,1660282.7630000003,India,China
2846,699,392,2791014.16,136932.0,2289935.882,48395.0,1.2188176018109138,0.1337838156380595,0.1337838156380595,329333.0868500001,India,Japan
2846,724,458,5638106.238,73001.4,5191617.662,85129.0,1.086001821603326,0.010234252654256759,0.010234252654256759,57117.2513500005,Spain,Malaysia
2846,724,699,1516022.75,15003.803,1447790.105,15001.0,1.0471288239672008,-0.02592667537934812,0.02592667537934812,40351.612874999875,Spain,India
2846,764,156,16408556.523,250456.51,17036331.0,249491.0,0.9631508405771172,-0.10404572969570487,0.10404572969570487,1905499.3019999992,Thailand,China
2846,764,458,76982064.385,1060015.0,59410557.878,854000.0,1.29576403815435,0.2053618959575349,0.2053618959575349,13115714.666150011,Thailand,Malaysia
2846,826,380,3058375.377,51256.0,3118019.719,50830.0,0.9808710824897768,-0.08756178373044013,0.08756178373044013,293495.8209250001,United Kingdom,Italy
2846,842,156,111168490.0,10997647.0,105794190.0,12336719.09,1.0507995760447715,-0.02251202228393353,0.02251202228393353,2560264.25,USA,China
2846,842,392,22472681.0,389434.0,25613349.522,380530.0,0.8773815771614566,-0.18383109101259854,0.18383109101259854,5061669.73615,USA,Japan
2846,842,410,2405056.0,23737.0,2056992.0,7021.916,1.1692101865247897,0.08763738281375781,0.08763738281375781,193789.6000000001,USA,Rep. of Korea
2846,842,458,5532521.0,2102358.0,3612265.88,961026.5,1.5315929623652178,0.424737639409505,0.424737639409505,1649335.1790000005,USA,Malaysia
2846,842,710,5235876.0,212421.0,5112090.393,216480.0,1.0242142836851047,-0.04724252680455382,0.04724252680455382,259621.1724749999,USA,South Africa
7403,36,392,1604921.637,192556.0,1197796.846,141138.0,1.3398946927933388,0.24641366771473386,0.24641366771473386,317290.02755000023,Australia,Japan
7403,36,699,2508232.34,302660.0,2680471.912,329052.0,0.9357428178117018,-0.12954156482632392,0.12954156482632392,373274.9654000001,Australia,India
7403,36,842,1010936.574,107690.0,1112267.0,132684.609,0.9088973906445126,-0.1545140552144069,0.1545140552144069,184750.45099999988,Australia,USA
7403,40,276,275379966.084,29295484.0,298732903.914,32193046.966,0.9218266969455668,-0.14248679353900764,0.14248679353900764,45757905.62355,Austria,Germany
7403,40,380,1936411.533,158033.0,7992094.284,883210.0,0.24229087698285218,-0.7746131376903701,0.7746131376903701,6655089.8223,Austria,Italy
7403,40,528,4909787.787,570081.0,4904299.267,636934.0,1.001119124201276,-0.0687263960918363,0.0687263960918363,362333.92502500024,Austria,Netherlands
7403,40,616,3131080.363,366296.0,12333488.0,1513852.338,0.2538681971393656,-0.7638435375447762,0.7638435375447762,10127419.237,Austria,Poland
7403,40,724,1087644.861,116579.0,1876687.294,146859.9,0.5795557227234044,-0.4608783974666006,0.4608783974666006,929793.9800499999,Austria,Spain
7403,56,276,267762222.75,28901866.97,49410709.994,5586358.245,5.419113038094669,4.041035384274111,4.041035384274111,214645709.50645,Belgium,Germany
7403,56,380,2862517.62,297690.42,1414599.948,142406.0,2.023552753587405,0.8823746544999118,0.8823746544999118,1341822.6759000001,Belgium,Italy
7403,56,528,30281705.833,2469761.91,10616347.281,1198579.0,2.852365793194704,1.653363528553213,1.653363528553213,18869132.505925,Belgium,Netherlands
7403,56,710,3700223.88,478725.0,10874335.867,1077200.0,0.34027125198780656,-0.6834686028020405,0.6834686028020405,7989687.177025001,Belgium,South Africa
7403,56,842,7027586.638,1029822.561,3779138.0,863257.0,1.8595739658091344,0.7298362472643112,0.7298362472643112,2965013.2880000006,Belgium,USA
7403,76,152,1635969863.0,193925061.0,1634333464.362,193926031.0,1.0010012636182781,-0.06883603384346221,0.06883603384346221,120938611.18914986,Brazil,Chile
7403,124,40,1593201.886,168397.0,1743889.493,189276.704,0.9135910803953676,-0.15014783219035563,0.15014783219035563,281479.31897499994,Canada,Austria
7403,124,276,6844058.692,848698.0,2408936.796,257377.208,2.8411117731957294,1.6428946727402136,1.6428946727402136,4254451.636299999,Canada,Germany
7403,124,842,81600765.621,10732870.0,87889776.0,13773888.0,0.9284443462570664,-0.13633084069110102,0.13633084069110102,12880743.578999996,Canada,USA
7403,152,724,1718133.067,128703.5,1509701.534,113265.0,1.1380614169793908,0.058661783236642735,0.058661783236642735,95203.91795000015,Chile,Spain
7403,156,36,1678884071.0,194698277.0,1598326491.054,194614550.0,1.050401204257634,-0.02288260069057291,0.02288260069057291,39316906.88304973,China,Australia
7403,156,56,52754596.0,6284562.0,42614653.298,4124771.82,1.2379449770737871,0.15157672285933693,0.15157672285933693,6943843.70465,China,Belgium
7403,156,76,24983978.0,3619066.0,21260181.0,3166308.0,1.1751535887676592,0.09316612908619458,0.09316612908619458,2129283.4250000007,China,Brazil
7403,156,124,2006291.0,278321.546,2379672.143,528406.0,0.8430955524279548,-0.21572506750887926,0.21572506750887926,551856.553725,China,Canada
7403,156,152,6510101073.0,756719270.0,6059154642.997,727846838.5,1.074423984296917,-0.0005358285610073745,0.0005358285610073745,3490168.2217741013,China,Chile
7403,156,276,10258181.0,1099705.973,130052897.973,17325426.685,0.07887698897820546,-0.9266260567644601,0.9266260567644601,129548684.320975,China,Germany
7403,156,360,275417804.0,39687044.0,290751059.475,41053960.26,0.9472632859784353,-0.1188248502526183,0.1188248502526183,37139584.93562502,China,Indonesia
7403,156,380,16721107.0,2718771.0,17525089.341,2868248.0,0.9541239234016868,-0.11244286195191916,0.11244286195191916,2118364.041574996,China,Italy
7403,156,392,1747757580.0,203312427.0,1658223768.718,195377853.0,1.0539938052819133,-0.019540646249382926,0.019540646249382926,34832971.371849775,China,Japan
7403,156,410,1550313702.0,187001558.0,1495021333.0,180035308.0,1.0369843344569853,-0.035363409807455476,0.035363409807455476,56834230.974999905,China,Rep. of Korea
7403,156,458,839769670.0,131346431.0,60653272.582,8296716.07,13.845414010673142,11.879454893649434,11.879454893649434,774567401.97435,China,Malaysia
7403,156,484,190119462.0,22542143.0,149950952.0,0.0,1.267877659089487,0.1794210782227784,0.1794210782227784,28922188.599999994,China,Mexico
7403,156,616,795339681.0,97418861.0,676805849.0,81422229.0,1.175137127102458,0.09315081590926333,0.09315081590926333,67773393.32500005,China,Poland
7403,156,699,284178498.0,39183790.0,285446144.985,39495865.0,0.9955590677706766,-0.07389854160867283,0.07389854160867283,22676107.858874977,China,India
7403,156,702,1874066.0,142429.0,251465344.108,29809940.0,0.007452581613771483,-0.9930673659406777,0.9930673659406777,268451178.9161,China,Singapore
7403,156,704,73893355.0,12461632.0,65362715.9,8081034.495,1.1305123109182187,0.05163935899369184,0.05163935899369184,3628435.407499999,China,Viet Nam
7403,156,710,302701087.0,39181649.0,416690880.551,54116490.0,0.726440392935241,-0.32424149494396187,0.32424149494396187,145241609.59232497,China,South Africa
7403,156,724,1171324.0,169498.0,2214234.607,302933.1,0.5289972418898248,-0.50790954242807,0.50790954242807,1208978.2025249996,China,Spain
7403,156,764,397772110.0,57680566.0,245200559.653,46195193.0,1.6222316562528014,0.509052703490978,0.509052703490978,134181508.373025,China,Thailand
7403,156,792,170611209.0,24505432.0,83228850.0,10684943.0,2.0499046784858854,0.9068880730101262,0.9068880730101262,81140195.25,China,Türkiye
7403,156,842,21816043.0,2859470.74,18725240.0,2695449.0,1.1650607949484226,0.08377748367295122,0.08377748367295122,1686410.0,China,USA
7403,203,276,7921540.0,3034081.0,55548761.175,6044607.936,0.14260516044712676,-0.8673440367933705,0.8673440367933705,51793378.263124995,Czechia,Germany
7403,203,380,1345635.0,128550.8,1632291.759,148289.0,0.8243838716825869,-0.23313128215573314,0.23313128215573314,409078.64092499996,Czechia,Italy
7403,203,528,1188075.0,73685.0,1089487.343,61168.0,1.090489951657933,0.014409257356216778,0.014409257356216778,16876.10627499991,Czechia,Netherlands
7403,203,616,17318085.0,2010197.323,16875600.0,1940131.338,1.026220401052407,-0.04537637111403998,0.04537637111403998,823185.0,Czechia,Poland
7403,208,276,6332073.056,620406.0,8183193.453,890863.0,0.7737899748268361,-0.2801953722541059,0.2801953722541059,2464859.905974999,Denmark,Germany
7403,208,724,4401685.459,472563.0,5609527.487,0.0,0.784680255012716,-0.2700648790579385,0.2700648790579385,1628556.5895249993,Denmark,Spain
7403,208,826,2723221.351,314280.0,2660235.53,314171.0,1.0236767836117127,-0.04774252687282535,0.04774252687282535,136531.84375,Denmark,United Kingdom
7403,246,56,174581611.922,11530367.0,136064648.705,6950532.25,1.2830784012128535,0.19356130345381728,0.19356130345381728,28312114.56412497,Finland,Belgium
7403,246,276,67658166.215,8041402.911,34752713.678,3775710.493,1.9468455569220944,0.8110191227182274,0.8110191227182274,30298999.011150002,Finland,Germany
7403,246,360,19482708.877,2250157.0,6206244.67,750166.0,3.139210571438847,1.92019588040823,1.92019588040823,12810995.85675,Finland,Indonesia
7403,246,752,1472835.994,121882.0,2420698.251,473329.937,0.6084343611978756,-0.4340145477229063,0.4340145477229063,1129414.625825,Finland,Sweden
7403,276,40,302659310.126,33664347.0,368774409.059,41890549.0,0.8207166839431574,-0.2365426195877605,0.2365426195877605,93773179.61242503,Germany,Austria
7403,276,56,777688016.395,90288219.0,680944036.115,77936254.053,1.142073320491879,0.06239378650407348,0.06239378650407348,45673177.57137501,Germany,Belgium
7403,276,152,328108531.883,38465582.0,127856753.69,15264091.0,2.566219792178739,1.387181202026734,1.387181202026734,190662521.66625002,Germany,Chile
7403,276,203,6552613.589,716675.469,7067152.0,1270550.0,0.9271929610400342,-0.13749491996275884,0.13749491996275884,1044574.8109999998,Germany,Czechia
7403,276,246,307804348.346,38093084.0,382107607.02,45611338.0,0.8055436287869798,-0.2506570895004839,0.2506570895004839,102961329.20049995,Germany,Finland
7403,276,380,72703265.426,8018698.0,62391018.068,6468828.0,1.165284165531017,0.08398527026141135,0.08398527026141135,5632921.002899997,Germany,Italy
7403,276,392,6181689.559,589240.0,4158649.862,469665.0,1.486465503019547,0.382758607460044,0.382758607460044,1711140.9573500007,Germany,Japan
7403,276,528,38166570.658,4298697.0,567212746.882,66103512.0,0.06728792832637094,-0.9374065783010503,0.9374065783010503,571587132.24015,Germany,Netherlands
7403,276,616,956779296.02,110218315.903,970344630.0,112686667.44,0.9860200865129742,-0.08277201254607047,0.08277201254607047,86341181.23000002,Germany,Poland
7403,276,699,1657545.294,166601.239,12984579.141,1621952.0,0.12765491095249662,-0.8812512456255845,0.8812512456255845,12300877.282575,Germany,India
7403,276,704,64640164.736,7211081.916,78561011.744,8639334.338,0.8228020910249646,-0.2346027060232887,0.2346027060232887,19812922.888799995,Germany,Viet Nam
7403,276,724,87817092.204,9864853.452,58138330.045,7136754.1,1.5104852880367936,0.40510259352259864,0.40510259352259864,25318387.405624993,Germany,Spain
7403,276,752,633157261.251,69184688.434,296380966.905,34687896.47,2.136295281923242,0.9872514250448767,0.9872514250448767,314547721.8281251,Germany,Sweden
7403,276,792,3171000.206,283763.746,4487173.0,357518.0,0.7066810675674862,-0.34262226272791974,0.34262226272791974,1652710.7689999999,Germany,Türkiye
7403,276,826,8405603.733,1027964.647,14914248.166,1857357.665,0.5635955389398876,-0.47572508005591857,0.47572508005591857,7627213.04545,Germany,United Kingdom
7403,276,842,9894991.246,600638.492,77525590.0,9073914.0,0.12763516209292958,-0.8812696166577401,0.8812696166577401,73445018.00400001,Germany,USA
7403,360,36,80864677.0,9413075.0,87528766.261,10274730.0,0.9238640101343538,-0.14059161847967086,0.14059161847967086,13228746.73057501,Indonesia,Australia
7403,360,152,78472494.0,9024059.0,67159339.6,8026886.0,1.1684524366585642,0.0869324992172691,0.0869324992172691,6276203.930000007,Indonesia,Chile
7403,360,156,127149137.0,14972207.0,130407356.0,15286649.0,0.975015067401566,-0.09300923962645025,0.09300923962645025,13038770.699999988,Indonesia,China
7403,360,392,331752172.0,38247696.0,312527511.78,37561960.0,1.061513497197434,-0.012545584002386987,0.012545584002386987,4214903.163499951,Indonesia,Japan
7403,360,410,15185961.0,1847362.0,8842023.0,1151616.5,1.7174758536592813,0.5976519568923548,0.5976519568923548,5680786.275,Indonesia,Rep. of Korea
7403,380,40,388079989.918,45355422.0,274696837.87,32025789.0,1.4127573980362251,0.3141929284057907,0.3141929284057907,92780889.20774996,Italy,Austria
7403,380,56,54336240.479,5908173.0,55510192.314,6147980.236,0.9788515984891675,-0.08944037349844876,0.08944037349844876,5337216.258549996,Italy,Belgium
7403,380,152,290238615.652,33448830.0,339788246.01,40415833.0,0.8541749723840014,-0.20541863034046381,0.20541863034046381,75033748.80874997,Italy,Chile
7403,380,156,5215960.89,554955.0,2074626.0,250889.0,2.514169247854794,1.3387620910277156,1.3387620910277156,2985737.94,Italy,China
7403,380,246,96928290.492,11173709.0,95507462.437,11051330.0,1.014876618211244,-0.05592872724535418,0.05592872724535418,5742231.627774999,Italy,Finland
7403,380,276,344413946.06,38923089.0,309377375.357,34901165.945,1.1132486519499696,0.035580141348808964,0.035580141348808964,11833267.551225007,Italy,Germany
7403,380,392,1272047.655,117326.0,1111727.441,117326.0,1.144208200758085,0.0643797216354277,0.0643797216354277,76940.65592499985,Italy,Japan
7403,380,528,59886073.331,6978717.0,12803024.925,1435395.0,4.677494082985236,3.351157286497894,3.351157286497894,46122821.536625,Italy,Netherlands
7403,380,616,519556401.203,60123540.0,501629930.0,58664487.0,1.0357364465932086,-0.036524235727247736,0.036524235727247736,19695773.54699999,Italy,Poland
7403,380,710,43265969.062,5438216.0,32537748.513,0.0,1.3297161309336967,0.23694523807785736,0.23694523807785736,8287889.410525002,Italy,South Africa
7403,380,724,531218538.518,61211940.0,436718763.322,50656563.201,1.2163858829356589,0.13152175156805476,0.13152175156805476,61745867.94685,Italy,Spain
7403,380,752,134427030.077,15116003.863,111581145.257,12882000.0,1.2047468214041006,0.12069471758520997,0.12069471758520997,14477298.925724998,Italy,Sweden
7403,380,792,13773695.984,1819122.0,115700304.0,13988371.0,0.11904632492581868,-0.8892592326271455,0.8892592326271455,110604130.816,Italy,Türkiye
7403,392,40,16394655.711,1814349.494,18724673.617,2087790.0,0.8755642980134728,-0.18552158324328102,0.18552158324328102,3734368.4272749983,Japan,Austria
7403,392,276,5204366.084,565212.0,8665093.114,961705.977,0.600612828452059,-0.44129039213761945,0.44129039213761945,4110609.0135499993,Japan,Germany
7403,392,360,13510127.723,1540001.0,12640129.602,1574490.8,1.0688282595506253,-0.005741153906394939,0.005741153906394939,78011.59915000014,Japan,Indonesia
7403,392,410,3220669.871,367308.0,4592421.0,581926.6,0.7013010939110329,-0.3476268893850857,0.3476268893850857,1716182.7040000004,Japan,Rep. of Korea
7403,392,699,1310828.781,177090.0,1202257.322,159869.0,1.0903063404258477,0.014238456210091023,0.014238456210091023,18402.15985000017,Japan,India
7403,392,842,1816817.516,82865.09,2330860.0,172616.277,0.7794623083325468,-0.2749187829464681,0.2749187829464681,688856.9839999999,Japan,USA
7403,410,36,71068994.0,8086584.1,175837677.997,21898620.0,0.40417386540564143,-0.6240243112505661,0.6240243112505661,117956509.846775,Rep. of Korea,Australia
7403,410,56,16714210.0,2006064.743,16303148.503,1911335.04,1.0252136264921072,-0.0463129055887373,0.0463129055887373,811674.640724998,Rep. of Korea,Belgium
7403,410,152,1190154338.0,136092000.0,1221571691.976,146745240.0,0.9742812033199789,-0.09369190388839171,0.09369190388839171,123035230.8742001,Rep. of Korea,Chile
7403,410,156,13966542.0,1503112.782,293953414.0,33358270.0,0.04751277357166534,-0.9558020710961252,0.9558020710961252,302033378.05,Rep. of Korea,China
7403,410,276,40941038.0,4501090.829,31011831.628,3225173.0,1.3201747801002217,0.22806956288392724,0.22806956288392724,7603318.999900002,Rep. of Korea,Germany
7403,410,392,114480536.0,13359179.889,115955888.325,14112241.0,0.9872766071105858,-0.08160315617619919,0.08160315617619919,10172043.949375004,Rep. of Korea,Japan
7403,410,699,6174455.0,757004.95,14905693.974,1836121.0,0.4142346549426079,-0.6146654372626903,0.6146654372626903,9849166.022049999,Rep. of Korea,India
7403,410,842,9592880.0,975974.091,3256621.0,382306.0,2.945654406822286,1.7401436342532897,1.7401436342532897,6092012.425000001,Rep. of Korea,USA
7403,458,36,792799452.832,91795086.8,756818786.45,90545810.0,1.0475419836639812,-0.025542340777691897,0.025542340777691897,20780742.601750016,Malaysia,Australia
7403,458,124,1188501.065,1389168.0,1769125.643,616056.0,0.6718013894053312,-0.37506847497178486,0.37506847497178486,713309.0012249998,Malaysia,Canada
7403,458,152,214257216.109,24452192.0,210211241.8,25120946.0,1.0192471833302303,-0.05186308527420427,0.05186308527420427,11719868.826000005,Malaysia,Chile
7403,458,156,58080621.988,7429180.21,47095868.0,5507200.0,1.2332424149821382,0.14720224649501215,0.14720224649501215,7452563.887999997,Malaysia,China
7403,458,360,465250691.316,52748662.5,445973198.742,52190553.0,1.0432256750593487,-0.029557511572698866,0.029557511572698866,14170497.33164996,Malaysia,Indonesia
7403,458,392,209227140.391,32465349.69,184375854.98,22263879.0,1.1347860077106937,0.05561489089366856,0.05561489089366856,11023096.287500024,Malaysia,Japan
7403,458,410,121753630.515,16880842.5,108595557.0,12608162.25,1.1211658550174386,0.042944981411570965,0.042944981411570965,5013406.74000001,Malaysia,Rep. of Korea
7403,458,616,15596185.814,2034297.0,11564573.0,1288900.0,1.3486175247456174,0.2545279299959232,0.2545279299959232,3164269.8389999997,Malaysia,Poland
7403,458,699,6868920.303,1712707.8,9041025.503,1103811.0,0.7597501301949374,-0.2932556928419186,0.2932556928419186,2850182.112725,Malaysia,India
7403,458,702,27435206.922,2723235.38,60708271.774,8183680.0,0.4519187603319304,-0.579610455505181,0.579610455505181,37826185.23504999,Malaysia,Singapore
7403,458,842,15417672.287,20890399.54,17745706.0,2630809.0,0.8688114345521109,-0.19180331669571082,0.19180331669571082,3658961.662999999,Malaysia,USA
7403,484,152,285199000.0,0.0,126009158.198,14801673.0,2.2633196196094154,1.1054135996366654,1.1054135996366654,149739154.93715,Mexico,Chile
7403,484,842,655114643.0,0.0,1339894629.0,144763769.0,0.4889299716716754,-0.5451814217007671,0.5451814217007671,785272083.175,Mexico,USA
7403,528,152,289365087.928,33346405.0,286770790.75,33950049.0,1.0090465879429875,-0.061352011215825404,0.061352011215825404,18913512.128250003,Netherlands,Chile
7403,528,276,34618055.084,7434210.0,37385070.376,4402503.993,0.9259860884526692,-0.13861759213705196,0.13861759213705196,5570895.570200004,Netherlands,Germany
7403,528,380,3092405.547,299536.0,7578142.487,642959.0,0.4080690686807351,-0.6204008663435022,0.6204008663435022,5054097.626525,Netherlands,Italy
7403,528,710,6013246.201,686010.0,2827900.189,280000.0,2.1263997309347755,0.9780462613346751,0.9780462613346751,2973253.497825001,Netherlands,South Africa
7403,528,724,3026865.53,290785.0,3436222.855,322823.5,0.8808699719797423,-0.18058607257698397,0.18058607257698397,667074.0391250001,Netherlands,Spain
7403,528,826,1617969.275,166193.232,1755286.137,194892.314,0.9217695285654728,-0.1425399734274672,0.1425399734274672,268963.32227500016,Netherlands,United Kingdom
7403,528,842,12208212.569,1324191.0,40639157.0,2923365.0,0.3004051626612235,-0.720553337059327,0.720553337059327,31478881.206,Netherlands,USA
7403,616,40,1448442.0,167731.0,2292768.476,256394.0,0.6317436824353826,-0.4123314581996441,0.4123314581996441,1016284.1116999998,Poland,Austria
7403,616,56,6433500.0,747855.0,7208055.11,834087.638,0.8925431204146274,-0.16972732984685832,0.16972732984685832,1315159.2432500003,Poland,Belgium
7403,616,246,16690638.0,1975201.0,16716918.899,1970528.819,0.9984278861936949,-0.07122987330819072,0.07122987330819072,1280049.8164249994,Poland,Finland
7403,616,276,32340140.0,4832327.104,195726983.923,22805134.165,0.16523087083752733,-0.8462968643371839,0.8462968643371839,178066367.717225,Poland,Germany
7403,616,380,3091115.0,351374.953,11269869.279,1155766.0,0.2742813535344113,-0.7448545548517104,0.7448545548517104,9023994.474924998,Poland,Italy
7403,616,724,4011783.0,448491.0,4352645.565,505965.35,0.9216884168697526,-0.1426154261676721,0.1426154261676721,667310.9823750006,Poland,Spain
7403,699,40,8543180.08,904634.0,7394233.832,790385.0,1.1553840836122478,0.07477589173232359,0.07477589173232359,594378.7105999999,India,Austria
7403,699,156,1381880.291,127406.0,49273022.0,6002050.0,0.028045373206457683,-0.9739112807381789,0.9739112807381789,51586618.359,India,China
7403,699,276,2191854.743,223858.308,32727176.185,4313964.241,0.06697353693486709,-0.9376990354094259,0.9376990354094259,32989859.655874997,India,Germany
7403,699,360,15720040.782,1839755.0,15225419.14,1839741.0,1.0324865698245729,-0.039547376907374004,0.039547376907374004,647284.7935000006,India,Indonesia
7403,699,380,2474946.329,98174.322,5003434.299,346675.0,0.4946495109358485,-0.5398609200596758,0.5398609200596758,2903745.542424999,India,Italy
7403,699,392,1907753615.148,249485853.0,1667160829.371,205689484.0,1.1443128830394682,0.064477100501831,0.064477100501831,115555723.57417512,India,Japan
7403,699,458,27906043.843,3196473.0,21977497.799,2848717.0,1.2697552787046464,0.1811677011206014,0.1811677011206014,4280233.709075,India,Malaysia
7403,699,704,4544411.582,504561.0,4418352.35,0.0,1.0285308237130524,-0.0432271407320442,0.0432271407320442,205317.19424999878,India,Viet Nam
7403,699,724,3410799.138,326650.0,3062447.507,307922.7,1.1137494210770156,0.03604597309489819,0.03604597309489819,118668.06797499955,India,Spain
7403,699,764,19279636.424,2255582.0,19738491.788,2336490.0,0.9767532712768379,-0.09139230578898797,0.09139230578898797,1939242.2480999976,India,Thailand
7403,702,156,232388898.316,27218680.0,245044455.0,27126788.0,0.9483540377030772,-0.11781019748550954,0.11781019748550954,31033890.808999985,Singapore,China
7403,702,360,3162478.645,391610.0,2747060.661,562881.4,1.1512227195772144,0.07090485542066452,0.07090485542066452,209388.4344250001,Singapore,Indonesia
7403,702,392,16515130.103,1877940.0,14441459.614,1689012.0,1.1435914751296827,0.06380602337644917,0.06380602337644917,990561.0179500002,Singapore,Japan
7403,702,410,28436952.297,3341930.0,32866463.0,3830603.0,0.8652270339220864,-0.19513764286317545,0.19513764286317545,6894495.428000003,Singapore,Rep. of Korea
7403,702,458,1641583.835,244010.0,9366607.684,994675.53,0.17525916429745922,-0.8369682192581773,0.8369682192581773,8427519.425299998,Singapore,Malaysia
7403,704,36,136146870.36,15541058.487,132499077.689,15641120.0,1.0275307023612803,-0.04415748617555306,0.04415748617555306,6289638.155674964,Viet Nam,Australia
7403,704,152,63482041.173,7110873.095,46930147.89,5459185.0,1.3526921185459746,0.258318249810209,0.258318249810209,13032132.191250004,Viet Nam,Chile
7403,704,156,464657555.949,52687222.84,465815610.0,54030499.0,0.9975139217618748,-0.07208007277965131,0.07208007277965131,36094224.801,Viet Nam,China
7403,704,360,257193743.199,29291501.402,274896101.62,32193812.1,0.9356034577548478,-0.1296712020885138,0.1296712020885138,38319566.04250002,Viet Nam,Indonesia
7403,704,392,130113478.723,14927950.332,127949587.304,15168783.0,1.0169120625130172,-0.05403529068556532,0.05403529068556532,7432327.62879999,Viet Nam,Japan
7403,704,410,164356441.412,18869051.287,152699266.0,18006974.8,1.0763407429345468,0.0012472027298111596,0.0012472027298111596,204730.4620000124,Viet Nam,Rep. of Korea
7403,704,699,1166778.82,187384.251,1147303.501,190059.0,1.0169748623472563,-0.053976872235110544,0.053976872235110544,66572.44357499992,Viet Nam,India
7403,704,764,47408790.109,5554945.869,49837733.827,6052031.521,0.9512629581747936,-0.11510422495368032,0.11510422495368032,6166773.755024999,Viet Nam,Thailand
7403,724,56,45080982.091,5202673.725,1789603.34,193285.297,25.190488352016597,22.43301242048056,22.43301242048056,43157158.5005,Spain,Belgium
7403,724,152,223750049.442,25599357.0,199966237.87,23675412.0,1.1189391360528675,0.04087361493290008,0.04087361493290008,8786343.731750011,Spain,Chile
7403,724,276,7064435.701,622918.93,20965698.996,2294990.433,0.3369520712067749,-0.6865562128309071,0.6865562128309071,15473690.719699997,Spain,Germany
7403,724,380,8505266.685,1306715.601,31184683.372,3913198.0,0.27273859360831865,-0.7462896803643546,0.7462896803643546,25018267.939899996,Spain,Italy
7403,724,792,5695251.642,856041.0,5648330.0,856481.0,1.0083071707920748,-0.062039841123651324,0.062039841123651324,376703.108,Spain,Türkiye
7403,752,40,5725454.654,652718.364,6987114.572,802326.0,0.8194304809232775,-0.23773908751323017,0.23773908751323017,1785693.5108999992,Sweden,Austria
7403,752,56,14346152.633,1584080.073,25321933.797,2910734.91,0.5665504359978878,-0.47297633860661603,0.47297633860661603,12874926.198774999,Sweden,Belgium
7403,752,152,82476970.681,9501000.0,85709334.66,10251254.0,0.9622869085167625,-0.10484938742626748,0.10484938742626748,9660564.078500003,Sweden,Chile
7403,752,246,87276897.504,8382000.0,86543968.319,10449828.0,1.008468865008575,-0.06188942789900016,0.06188942789900016,5757868.438925013,Sweden,Finland
7403,752,276,219252830.795,25622824.355,276098443.654,32203397.523,0.7941110710126364,-0.2612920269649893,0.2612920269649893,77552996.13305,Sweden,Germany
7403,752,616,33585633.115,4024416.3,31692922.0,4023738.0,1.059720309632542,-0.014213665458100428,0.014213665458100428,484258.0349999964,Sweden,Poland
7403,752,724,4538479.348,521000.0,6646326.394,735279.0,0.6828553217153361,-0.3647857472415477,0.3647857472415477,2606321.5255499994,Sweden,Spain
7403,752,826,1490834.953,175655.573,1509431.031,173906.0,0.9876800744001665,-0.08122783776728697,0.08122783776728697,131803.40532499994,Sweden,United Kingdom
7403,764,36,258908314.698,28569325.0,224243787.123,26175120.0,1.1545841158844956,0.07403173570650769,0.07403173570650769,17846243.54077503,Thailand,Australia
7403,764,152,376918921.301,41306953.0,347752216.073,41375386.0,1.0838720901835384,0.008253107147477647,0.008253107147477647,3085289.0225250125,Thailand,Chile
7403,764,156,504639123.68,56179770.789,476429676.0,55283861.0,1.0592100977353895,-0.014688281176381733,0.014688281176381733,7522778.019999981,Thailand,China
7403,764,360,71578233.701,8329392.663,74756397.216,8841238.94,0.9574864007180942,-0.10931497607619138,0.10931497607619138,8784893.306199998,Thailand,Indonesia
7403,764,380,3700990.894,221289.0,3668509.792,248760.0,1.0088540317026908,-0.06153113329982242,0.06153113329982242,242657.1324,Thailand,Italy
7403,764,392,776207447.027,89089814.621,726368934.473,87885980.0,1.0686132214480772,-0.005941189350625723,0.005941189350625723,4639157.531475067,Thailand,Japan
7403,764,410,59758908.94,6634388.0,41626229.0,4902677.0,1.4356070769706282,0.33544844369360777,0.33544844369360777,15010712.765,Thailand,Rep. of Korea
7403,764,616,66642568.952,7576683.0,64000259.0,7579827.0,1.0412859259210185,-0.031361929375796675,0.031361929375796675,2157709.4729999974,Thailand,Poland
7403,764,699,3015119.863,373835.408,4063562.527,521118.0,0.7419892872242742,-0.3097774072332334,0.3097774072332334,1353209.8535249997,Thailand,India
7403,764,710,34453503.241,3956829.0,7400116.101,1000469.0,4.655805769904636,3.330982111539196,3.330982111539196,26498378.432424996,Thailand,South Africa
7403,792,40,1603303.0,159614.0,1500575.941,159614.0,1.0684584206591647,-0.006085190084497976,0.006085190084497976,9816.136575000128,Türkiye,Austria
7403,792,276,4121433.0,343379.0,36953429.427,4007828.587,0.11153046047165185,-0.896250734444975,0.896250734444975,35603503.634025,Türkiye,Germany
7403,792,380,3099384.0,207771.0,3290645.335,162907.0,0.9418772564257522,-0.12383511030162585,0.12383511030162585,438059.73512499966,Türkiye,Italy
7403,792,392,2626564.0,218425.0,2793575.717,280244.0,0.9402157901131268,-0.125380660359882,0.125380660359882,376529.8957750001,Türkiye,Japan
7403,792,616,53597548.0,6120790.0,51505828.0,6121588.0,1.0406113265473569,-0.03198946367687717,0.03198946367687717,1771217.099999994,Türkiye,Poland
7403,826,56,116946866.76,13502652.0,106041675.418,12372136.09,1.1028387310839198,0.02589649403155326,0.02589649403155326,2952065.685650006,United Kingdom,Belgium
7403,826,276,6009809.998,479431.0,7173250.232,663218.303,0.8378084973517483,-0.22064325827744338,0.22064325827744338,1701434.0013999995,United Kingdom,Germany
7403,826,380,1541729.034,85964.0,1873974.758,102909.0,0.8227053365678259,-0.23469271016946425,0.23469271016946425,472793.8308499998,United Kingdom,Italy
7403,826,528,5836633.788,1072835.0,7612823.097,783312.272,0.7666845418094705,-0.286805077386539,0.286805077386539,2347151.041275,United Kingdom,Netherlands
7403,826,724,14288484.773,1445483.0,14098419.051,1419790.7,1.0134813500231798,-0.05722665114122799,0.05722665114122799,867315.7068250012,United Kingdom,Spain
7403,826,842,1934643.528,0.0,2159231.0,204307.0,0.895987288066909,-0.1665234529610148,0.1665234529610148,386529.7969999998,United Kingdom,USA
7403,842,124,1222850924.0,142802159.078,1222717219.696,142853048.023,1.000109350143963,-0.06966572079631343,0.06966572079631343,91570087.17320013,USA,Canada
7403,842,152,4628819330.0,528737575.0,4643313969.168,550420889.0,0.996878384863861,-0.07267126989408276,0.07267126989408276,362743186.85560036,USA,Chile
7403,842,276,24088722.0,2246126.0,26746922.703,2684895.925,0.9006165781194017,-0.1622171366331147,0.1622171366331147,4664219.905725002,USA,Germany
7403,842,380,2630526.0,240818.81,2617953.526,104156.0,1.0048024053426226,-0.06530008805337427,0.06530008805337427,183774.04044999974,USA,Italy
7403,842,392,20688556.0,1895772.725,20187816.671,2030806.0,1.0248040358777042,-0.04669392011376341,0.04669392011376341,1013346.9213249981,USA,Japan
7403,842,410,1113121.0,57852.0,1160384.0,64003.41,0.9592695176769069,-0.10765626262613309,0.10765626262613309,134291.80000000005,USA,Rep. of Korea
7403,842,484,121035940.0,13969634.0,108660253.0,0.0,1.1138934123409412,0.0361799184566896,0.0361799184566896,4226168.025000006,USA,Mexico
7403,842,699,3182844.0,130668.0,2764699.868,112668.0,1.1512439512295012,0.07092460579488476,0.07092460579488476,210791.64190000016,USA,India
7403,842,724,5193455.0,404740.0,6685571.417,567187.45,0.776815424751,-0.2773810002316279,0.2773810002316279,1993534.273275,USA,Spain
7502,36,56,1155229.312,34750.0,1026409.905,30050.01,1.1255048361989453,0.04698124297576297,0.04698124297576297,51838.664124999894,Australia,Belgium
7502,36,124,34421282.014,1784481.0,29496413.057,1152000.0,1.1669650118976498,0.08554884827688358,0.08554884827688358,2712637.977724999,Australia,Canada
7502,36,702,1800570.573,123233.0,1537840.923,123150.0,1.1708431906516512,0.0891564564201406,0.0891564564201406,147391.58077500015,Australia,Singapore
7502,36,826,13719043.951,798710.2,3336310.971,160194.243,4.112039935800097,2.825153428651254,2.825153428651254,10132509.657175,Australia,United Kingdom
7502,36,842,15252188.614,741353.936,8619356.0,385551.0,1.769527632226816,0.6460722160249452,0.6460722160249452,5986380.914000001,Australia,USA
7502,40,276,213770380.848,7893340.0,181410700.178,7672100.912,1.1783780153995806,0.09616559572054022,0.09616559572054022,18753878.156650007,Austria,Germany
7502,40,380,3607020.208,174716.0,5058688.207,243253.0,0.7130346960322158,-0.33671191066770617,0.33671191066770617,1831069.614525,Austria,Italy
7502,40,528,6940972.515,301600.0,40942892.626,1703530.0,0.16952814200021293,-0.8422994027904995,0.8422994027904995,37072637.05795,Austria,Netherlands
7502,56,124,18689184.386,692516.23,153353125.542,5720000.0,0.12187025415977876,-0.8866323217118337,0.8866323217118337,146165425.57164997,Belgium,Canada
7502,56,246,60307708.489,2716470.65,53191763.058,2448037.0,1.1337790857437986,0.05467821929655684,0.05467821929655684,3126563.201650001,Belgium,Finland
7502,56,276,26549569.187,7212958.81,8494694.756,304937.743,3.125429453276991,1.9073762356065032,1.9073762356065032,17417772.3243,Belgium,Germany
7502,56,392,2014170.537,59849.35,1731602.257,65629.0,1.163183132187382,0.08203082063942513,0.08203082063942513,152698.11072500004,Belgium,Japan
7502,56,528,237812958.634,11679372.04,165727085.893,7716513.0,1.4349673582478937,0.33485335650966863,0.33485335650966863,59656341.299025,Belgium,Netherlands
7502,56,616,2316389.221,385448.09,1973975.0,80637.0,1.173464314897605,0.09159471153265585,0.09159471153265585,194366.0959999999,Belgium,Poland
7502,56,710,5143075.213,220504.02,19971058.892,750164.0,0.2575264156403951,-0.7604405435903302,0.7604405435903302,16325813.0959,Belgium,South Africa
7502,56,826,17246717.188,681974.17,181856362.361,8046318.0,0.09483702942305551,-0.9117795075134367,0.9117795075134367,178248872.350075,Belgium,United Kingdom
7502,56,842,22567620.437,1016680.61,4357953.0,130617.0,5.178491011032014,3.8172009404948968,3.8172009404948968,17882820.961999997,Belgium,USA
7502,76,56,1529628.0,49072.0,1936700.26,65600.0,0.7898114290540758,-0.26529169390318535,0.26529169390318535,552324.7795,Brazil,Belgium
7502,76,124,8384413.0,330000.0,10744015.936,392442.0,0.7803797993175277,-0.27406530296043935,0.27406530296043935,3165404.1312000006,Brazil,Canada
7502,76,246,14760224.0,610945.0,15933876.058,688566.0,0.9263423379391269,-0.13828619726592845,0.13828619726592845,2368692.7623500004,Brazil,Finland
7502,76,699,1474756.0,77586.0,1483743.832,77587.0,0.9939424637823869,-0.07540235927219818,0.07540235927219818,120268.61939999997,Brazil,India
7502,76,710,12649876.0,530149.0,8973129.105,357345.0,1.4097508073244198,0.31139609983666966,0.31139609983666966,3003762.2121249996,Brazil,South Africa
7502,76,842,1542862.0,34612.338,2305998.0,62039.0,0.669064760680625,-0.3776141761110465,0.3776141761110465,936085.8500000001,Brazil,USA
7502,124,826,3547442.277,330948.0,6449325.097,247783.0,0.5500486056517985,-0.48832687846344325,0.48832687846344325,3385582.2022749996,Canada,United Kingdom
7502,124,842,2726295.599,176459.0,11661293.0,962940.0,0.2337901636636692,-0.7825207779872845,0.7825207779872845,9809594.376,Canada,USA
7502,156,56,5521551.0,152344.0,3093575.623,92394.56,1.7848443590480154,0.6603203339981539,0.6603203339981539,2195957.205275,China,Belgium
7502,156,124,190187725.0,8211252.0,164634560.067,6819600.0,1.155211426583828,0.07461528054309585,0.07461528054309585,13205572.927974999,China,Canada
7502,156,246,81950584.0,3424478.0,68268610.47,2914669.0,1.2004138276113356,0.11666402568496347,0.11666402568496347,8561827.744750008,China,Finland
7502,156,360,17642032.0,945077.0,27952497.91,1445131.7,0.631143308079403,-0.41288994597264833,0.41288994597264833,12406903.25325,China,Indonesia
7502,156,392,153346267.0,7756265.0,131504612.47,6928171.0,1.1660904064105182,0.08473526177722636,0.08473526177722636,11978808.594750017,China,Japan
7502,156,710,31317073.0,1200470.0,11287121.299,500338.0,2.774584605799761,1.5810089356276844,1.5810089356276844,19183417.603575,China,South Africa
7502,156,826,100541107.0,3847468.0,99389937.218,3860233.0,1.0115823574722163,-0.05899315583979878,0.05899315583979878,6303075.509349987,China,United Kingdom
7502,156,842,4276313.0,43587.0,20282117.0,393776.0,0.21084155071189067,-0.8038683249191715,0.8038683249191715,17526962.775,China,USA
7502,203,276,6860297.0,245792.399,8972148.152,313732.0,0.764621457846832,-0.28872422525876085,0.28872422525876085,2784762.2633999996,Czechia,Germany
7502,203,380,10966748.0,505006.0,3081762.62,119825.0,3.558595957011121,2.310321820475461,2.310321820475461,7653853.183499999,Czechia,Italy
7502,203,528,2283963.0,105005.0,4519737.432,198759.0,0.5053309034789081,-0.5299247409498529,0.5299247409498529,2574754.7393999994,Czechia,Netherlands
7502,203,616,1019710.0,39871.0,2079112.0,84513.096,0.49045457868551573,-0.5437631826181248,0.5437631826181248,1215335.4,Czechia,Poland
7502,203,826,11312302.0,319707.602,10582262.546,293489.0,1.0689870857793022,-0.0055934085773931075,0.0055934085773931075,63630.236949998885,Czechia,United Kingdom
7502,276,40,5028592.528,155823.0,4529665.641,175931.0,1.110146515558233,0.032694433077426116,0.032694433077426116,159201.96392500028,Germany,Austria
7502,276,56,13170949.688,532026.0,22620325.336,984487.04,0.5822617266710385,-0.45836118449205715,0.45836118449205715,11145900.048199998,Germany,Belgium
7502,276,246,48125247.725,2094888.0,29864752.818,1362718.0,1.6114396800228692,0.4990136558352273,0.4990136558352273,16020638.445650004,Germany,Finland
7502,276,380,7015076.377,257192.0,5214466.577,203492.0,1.3453104499589932,0.25145158135720297,0.25145158135720297,1409524.806725001,Germany,Italy
7502,276,528,78891213.337,3402431.0,344735398.57,13913033.0,0.22884569923555675,-0.7871202797808774,0.7871202797808774,291699340.12574995,Germany,Netherlands
7502,276,826,120590539.854,4952360.803,57847659.421,2200948.0,2.08462262883229,0.9391838407742233,0.9391838407742233,58404305.97642501,Germany,United Kingdom
7502,276,842,18061772.334,1535591.549,28535268.0,1242174.0,0.6329631224770694,-0.41119709537016796,0.41119709537016796,12613640.765999999,Germany,USA
7502,360,124,2676258.0,109000.0,1788563.995,65000.0,1.496316602303067,0.39192242074703915,0.39192242074703915,753551.7053749999,Indonesia,Canada
7502,360,392,2213792.0,88442.0,2451340.929,105852.0,0.9030942917038857,-0.1599122867870831,0.1599122867870831,421399.4986749999,Indonesia,Japan
7502,372,826,33466948.406,883945.0,35541561.206,986393.0,0.9416285405141468,-0.12406647394032846,0.12406647394032846,4740229.890449997,Ireland,United Kingdom
7502,380,40,3325879.555,147000.0,1993549.011,80138.0,1.6683209375081676,0.5519264534959699,0.5519264534959699,1182814.3681750004,Italy,Austria
7502,380,56,92881590.781,4055229.0,6594523.8,259168.51,14.084654722301556,12.102004392838658,12.102004392838658,85792477.69600001,Italy,Belgium
7502,380,124,37185010.576,1520000.0,26799193.499,1208000.0,1.387542150378053,0.29073688407260745,0.29073688407260745,8375877.564574998,Italy,Canada
7502,380,246,17192464.082,666385.0,5153767.401,241253.0,3.335902213721189,2.1031648499731994,2.1031648499731994,11652164.125924999,Italy,Finland
7502,380,276,21206002.366,741939.0,5608243.507,199627.416,3.7812199736925582,2.517413929016333,2.517413929016333,15177140.595975,Italy,Germany
7502,380,392,6984990.96,297903.0,6298718.78,287897.0,1.1089542498990563,0.0315853487433083,0.0315853487433083,213868.2714999998,Italy,Japan
7502,380,528,434813273.876,20445270.0,124194950.526,4871970.0,3.5010543668196283,2.2567947598322124,2.2567947598322124,301303702.06055,Italy,Netherlands
7502,380,616,2641747.924,113006.0,2912249.0,122021.0,0.9071160893179121,-0.1561710797042678,0.1561710797042678,488919.7509999997,Italy,Poland
7502,380,710,80336451.666,3660000.0,88193922.503,2280000.0,0.9109068900214441,-0.152644753468424,0.152644753468424,14472015.024725005,Italy,South Africa
7502,380,826,28223197.83,796655.0,29317708.111,798174.0,0.9626672631825084,-0.10449556913255029,0.10449556913255029,3293338.3893250003,Italy,United Kingdom
7502,380,842,30738879.564,562686.0,20392216.0,298090.0,1.507382991823939,0.40221673658040846,0.40221673658040846,8817247.364,Italy,USA
7502,392,56,2442578.819,80200.0,2204191.38,79700.0,1.1081518788082731,0.03083895703095184,0.03083895703095184,73073.08550000051,Japan,Belgium
7502,392,124,148113181.829,6258000.0,148613940.397,6055210.0,0.9966304737855526,-0.07290188485064872,0.07290188485064872,11646804.097775012,Japan,Canada
7502,392,246,19753924.942,797895.0,13155517.414,539578.0,1.5015695939848042,0.3968089246370272,0.3968089246370272,5611743.721950002,Japan,Finland
7502,392,710,36847214.811,1540000.0,26019167.032,1172264.0,1.416156588167599,0.31735496573730154,0.31735496573730154,8876610.251599997,Japan,South Africa
7502,392,826,86936234.622,2869316.0,71799986.432,2464841.0,1.2108112959650092,0.12633608926977602,0.12633608926977602,9751249.207599998,Japan,United Kingdom
7502,392,842,2417253.402,60701.0,2786436.0,93338.0,0.8675072393552192,-0.19301652153002852,0.19301652153002852,578165.298,Japan,USA
7502,410,56,5580008.0,117000.0,1227209.614,45750.0,4.546907012741182,3.229680942084821,3.229680942084821,4260757.66495,Rep. of Korea,Belgium
7502,410,124,107814577.0,4382009.0,101371156.815,4114000.0,1.0635626581312383,-0.0106393877848945,0.0106393877848945,1159416.576124996,Rep. of Korea,Canada
7502,410,246,165322845.0,6993821.0,176332460.46,7438659.0,0.937563308359226,-0.1278480852472317,0.1278480852472317,24234549.99450001,Rep. of Korea,Finland
7502,410,392,40224705.0,1708253.4,39750704.831,1701742.0,1.0119243211161968,-0.05867505012446804,0.05867505012446804,2507302.693324998,Rep. of Korea,Japan
7502,410,699,2258977.0,94880.0,1733590.46,75000.0,1.3030626622160808,0.21215131368937754,0.21215131368937754,395367.2555000002,Rep. of Korea,India
7502,410,710,14251498.0,638246.0,13788917.403,581945.0,1.0335472744872167,-0.038560674895612435,0.038560674895612435,571588.2082250006,Rep. of Korea,South Africa
7502,410,826,5363170.0,150653.6,6554127.983,191353.0,0.8182888728921545,-0.23880104847241435,0.23880104847241435,1682517.5817249995,Rep. of Korea,United Kingdom
7502,458,124,10161218.974,689723.0,8829603.424,340000.0,1.1508126114000201,0.0705233594418792,0.0705233594418792,669395.2931999993,Malaysia,Canada
7502,458,156,3343077.911,178929.54,13025387.0,564864.0,0.25665862449998605,-0.7612477911628036,0.7612477911628036,10659213.113999998,Malaysia,China
7502,458,246,17630008.34,16022800.0,1097442.236,50000.0,16.06463443967542,13.94384599039574,13.94384599039574,16450257.9363,Malaysia,Finland
7502,458,699,3359331.39,192867.0,1755151.929,95989.0,1.9139832481134458,0.780449533128787,0.780449533128787,1472543.0663250003,Malaysia,India
7502,458,702,2027393.362,192489.25,3949173.202,523485.0,0.5133715991421335,-0.5224450240538293,0.5224450240538293,2217967.83015,Malaysia,Singapore
7502,458,710,18146380.488,864013.0,49894072.47,2233705.0,0.36369812263592927,-0.6616761649898332,0.6616761649898332,35489747.41724999,Malaysia,South Africa
7502,458,826,6531770.795,394627.2,3672232.572,140002.0,1.7786920264264787,0.6545972338850966,0.6545972338850966,2584120.7801,Malaysia,United Kingdom
7502,484,842,16642752.0,0.0,71183631.0,2841796.0,0.23380026792957498,-0.7825113786701628,0.7825113786701628,59879651.325,Mexico,USA
7502,528,156,26342687.885,1174934.0,92444261.0,3637125.0,0.28495752575706135,-0.7349232318538964,0.7349232318538964,73034892.69,Netherlands,China
7502,528,276,3042990.489,121127.0,2693127.043,113185.968,1.129909744476915,0.05107883207154894,0.05107883207154894,147878.91777499998,Netherlands,Germany
7502,528,392,46284842.936,2180020.0,87874727.1,3942965.0,0.5267139308817268,-0.5100335526681612,0.5100335526681612,48180488.696499996,Netherlands,Japan
7502,528,410,3961333.554,170944.0,20739653.0,849993.0,0.19100288486022404,-0.8223228978044427,0.8223228978044427,18333793.420999996,Netherlands,Rep. of Korea
7502,528,702,11986597.915,698444.0,10241696.173,437954.0,1.1703723399450232,0.08871845576281233,0.08871845576281233,976774.5290249996,Netherlands,Singapore
7502,528,710,107191883.618,4813132.0,225426023.221,9835667.0,0.4755080273625407,-0.5576669512906598,0.5576669512906598,135141091.344575,Netherlands,South Africa
7502,528,826,11506859.573,423166.045,55218232.843,2647000.0,0.2083887690813474,-0.8061499822499094,0.8061499822499094,47852740.733225,Netherlands,United Kingdom
7502,616,56,1331022.0,58218.0,3325755.703,133915.34,0.4002164075970315,-0.6277056673515986,0.6277056673515986,2244165.380725,Poland,Belgium
7502,616,246,5505978.0,262219.0,5099168.742,240382.0,1.0797795245819697,0.004446069378576426,0.004446069378576426,24371.602350000292,Poland,Finland
7502,616,276,2514104.0,101253.162,3309578.005,135359.0,0.7596448840914992,-0.29335359619395424,0.29335359619395424,1043692.3553749998,Poland,Germany
7502,616,392,4638813.0,205048.0,4070843.694,174751.0,1.13952127585668,0.06001979149458604,0.06001979149458604,262656.0289500002,Poland,Japan
7502,616,528,14982767.0,757354.0,8511934.717,376776.0,1.7602069914935414,0.6374018525521316,0.6374018525521316,5832437.179225,Poland,Netherlands
7502,616,826,3433737.0,105890.0,3219646.632,95202.0,1.066494989192963,-0.00791163796003433,0.00791163796003433,27383.129399999976,Poland,United Kingdom
7502,616,842,28849795.0,445617.928,5470997.0,102527.0,5.2732244232632555,3.905325044896052,3.905325044896052,22968473.225,Poland,USA
7502,699,124,103864837.605,4406014.0,68866189.058,3148116.0,1.508212361185308,0.4029882429630772,0.4029882429630772,29833684.367650002,India,Canada
7502,699,156,53778696.763,2486720.0,127439371.0,5718311.0,0.42199436752555847,-0.6074470999762247,0.6074470999762247,83218627.06199999,India,China
7502,699,392,95608594.282,3981285.0,80389749.557,3711939.0,1.189313249622816,0.10633790662587542,0.10633790662587542,9189613.508225009,India,Japan
7502,699,410,13713524.604,604170.0,26442458.0,1077000.0,0.5186176188310482,-0.5175650057385598,0.5175650057385598,14712117.745999997,India,Rep. of Korea
7502,699,528,6214963.888,259558.0,24113826.709,1259160.0,0.2577344509853507,-0.7602470223392086,0.7602470223392086,19707399.824174996,India,Netherlands
7502,699,702,8454213.065,330765.0,62513438.946,2795690.0,0.13523832967024688,-0.8741969026323285,0.8741969026323285,58747733.80195001,India,Singapore
7502,699,710,45689268.006,1970514.0,14319860.62,639225.0,3.1906223962953626,1.9680208337631284,1.9680208337631284,30295417.8395,India,South Africa
7502,699,826,30059846.362,1168545.0,28326654.742,1034808.0,1.0611858913728416,-0.012850333606658965,0.012850333606658965,391307.48564999923,India,United Kingdom
7502,699,842,2885237.043,62235.0,1790695.0,29106.0,1.6112386771616607,0.49882667642945183,0.49882667642945183,960239.9180000001,India,USA
7502,702,124,25817917.518,1068020.05,32302855.561,1488134.0,0.7992456725457603,-0.2565156534458043,0.2565156534458043,8907652.210074998,Singapore,Canada
7502,702,156,62115658.381,3757597.4,200166848.0,9076697.0,0.31031941103953437,-0.7113307804283401,0.7113307804283401,153063703.21899998,Singapore,China
7502,702,458,1252208.941,87418.0,1462017.608,57742.0,0.8564937481929424,-0.20326162958796046,0.20326162958796046,319459.9875999999,Singapore,Malaysia
7502,702,710,50259843.302,2232970.0,61058292.306,2690395.0,0.8231452502817725,-0.23428348810997898,0.23428348810997898,15377820.92695,Singapore,South Africa
7502,704,392,1856751.274,77602.964,2781290.256,118469.0,0.6675863009962668,-0.37898948744533323,0.37898948744533323,1133135.7512,Viet Nam,Japan
7502,704,410,4136707.203,170465.385,3795525.0,150454.335,1.0898906483292825,0.013851765887704712,0.013851765887704712,56517.82800000021,Viet Nam,Rep. of Korea
7502,724,124,26080330.24,1142501.9,26187689.156,1180000.0,0.995900405134624,-0.07358101847941949,0.07358101847941949,2071435.6026999988,Spain,Canada
7502,724,246,8684130.865,304302.0,4050697.161,143991.0,2.1438608021874783,0.9942891183139335,0.9942891183139335,4329631.416925001,Spain,Finland
7502,724,276,9666810.288,457564.79,6461224.202,246341.432,1.4961267378723289,0.391745802671934,0.391745802671934,2720994.270850002,Spain,Germany
7502,724,392,3312139.917,149105.0,4317399.939,205436.0,0.7671607828315207,-0.2863620624823063,0.2863620624823063,1329065.0174250002,Spain,Japan
7502,724,528,90267430.843,3663935.0,32434297.948,1620381.0,2.7830857010600463,1.588916931218648,1.588916931218648,55400560.5489,Spain,Netherlands
7502,724,710,12941204.902,497072.0,4244004.7,173950.0,3.049290897816395,1.8365496723873442,1.8365496723873442,8378899.8495000005,Spain,South Africa
7502,724,826,10409941.968,438088.0,9870319.355,412180.0,1.054671241485884,-0.01891047303638686,0.01891047303638686,200651.33862499893,Spain,United Kingdom
7502,724,842,21490479.998,418766.1,18080694.0,336418.0,1.188587119388227,0.10566243664021112,0.10566243664021112,2053733.947999999,Spain,USA
7502,752,124,65161400.548,2401000.0,64178737.785,2160000.0,1.0153113444875146,-0.05552433070928876,0.05552433070928876,3830742.5708749965,Sweden,Canada
7502,752,246,7052578.625,288000.0,17391641.33,697689.0,0.40551541347822867,-0.6227763595551361,0.6227763595551361,11643435.804749995,Sweden,Finland
7502,752,528,58570737.595,2305000.0,86479988.573,3277233.0,0.677275038554832,-0.3699767083210866,0.3699767083210866,34395250.120975,Sweden,Netherlands
7502,752,826,40710972.176,1735014.345,47848515.968,2089958.0,0.8508304040866507,-0.20852985666358076,0.20852985666358076,10726182.489600003,Sweden,United Kingdom
7502,764,124,15691903.496,625000.0,15949042.233,580000.0,0.9838774809644709,-0.08476513398653869,0.08476513398653869,1453316.9044749998,Thailand,Canada
7502,764,156,2479273.506,107725.0,5625196.0,231360.0,0.44074437690704465,-0.5900052307841445,0.5900052307841445,3567812.194,Thailand,China
7502,764,392,11497950.797,460998.0,11027503.712,469860.0,1.0426612492987026,-0.030082558791904527,0.030082558791904527,356615.6933999993,Thailand,Japan
7502,792,56,2538585.0,91915.0,2755788.456,113284.98,0.921182826814193,-0.1430857424984251,0.1430857424984251,423887.5901999995,Türkiye,Belgium
7502,792,156,1592241.0,100625.0,13951876.0,599280.0,0.11412379238462268,-0.8938383326654673,0.8938383326654673,13406025.7,Türkiye,China
7502,792,392,45623738.0,1942166.0,44080667.828,2084942.0,1.035005598781329,-0.037204094156903386,0.037204094156903386,1762979.9151000008,Türkiye,Japan
7502,792,699,1515681.0,101045.0,2228740.988,104861.0,0.6800615271854102,-0.367384625874037,0.367384625874037,880215.5620999997,Türkiye,India
7502,792,826,2663328.0,165036.0,1080441.215,60000.0,2.4650373967823875,1.2930580435185,1.2930580435185,1501853.6938749999,Türkiye,United Kingdom
7502,826,56,13755057.497,445700.0,11800309.217,367406.34,1.1656522930080435,0.084327714426087,0.084327714426087,1069725.0887250006,United Kingdom,Belgium
7502,826,124,13442341.734,495510.0,6901260.341,280000.0,1.9478096854482945,0.8119159864635297,0.8119159864635297,6023486.867424999,United Kingdom,Canada
7502,826,246,46241430.244,1992817.0,8870419.597,381533.0,5.2129924338234215,3.8492952872776027,3.8492952872776027,36705729.17722501,United Kingdom,Finland
7502,826,276,6711391.974,321201.0,6589409.211,284406.014,1.0185119422840472,-0.0525470304334445,0.0525470304334445,372222.9278249992,United Kingdom,Germany
7502,826,380,7008829.421,330878.0,5863229.912,240563.0,1.1953871033873933,0.11198800315106348,0.11198800315106348,705857.2656000005,United Kingdom,Italy
7502,826,699,1394204.783,57366.0,1379597.244,57000.0,1.010588263396096,-0.05991789451525956,0.05991789451525956,88862.25429999991,United Kingdom,India
7502,826,710,17665058.557,666034.0,7934124.427,332003.0,2.2264660353555104,1.0711311956795444,1.0711311956795444,9135874.797975,United Kingdom,South Africa
7502,826,842,36820508.667,674100.0,52797415.0,1007405.0,0.6973922618560019,-0.351263012226975,0.351263012226975,19936712.457999997,United Kingdom,USA
7502,842,56,18686091.0,637286.0,19172993.989,714682.5,0.9746047493010561,-0.09339093088273845,0.09339093088273845,1924877.538174998,USA,Belgium
7502,842,124,1151632946.0,48724336.0,1156082892.037,48877650.0,0.9961508417193518,-0.07334805421455651,0.07334805421455651,91156162.93977499,USA,Canada
7502,842,246,75778745.0,3163297.0,74280944.081,3026258.0,1.0201639994958427,-0.05101023302712302,0.05101023302712302,4073269.887074992,USA,Finland
7502,842,380,4083651.0,128938.0,8307876.622,285536.0,0.4915396780431388,-0.5427537878668476,0.5427537878668476,4847316.368650001,USA,Italy
7502,842,392,76213269.0,3208030.0,74400103.362,3337020.0,1.0243704720298288,-0.04709723532108943,0.04709723532108943,3766842.1141500026,USA,Japan
7502,842,458,14677078.0,623988.0,37660724.779,1464450.0,0.3897184158331463,-0.6374712410854453,0.6374712410854453,25808201.137424998,USA,Malaysia
7502,842,710,188601623.0,8265030.0,151387247.854,6524777.0,1.2458223904161998,0.15890454922437197,0.15890454922437197,25860331.556950003,USA,South Africa
7502,842,826,80407766.0,2516251.0,71123664.888,2430477.057,1.130534627632306,0.05166011872772671,0.05166011872772671,3949826.2454000115,USA,United Kingdom
8105,36,156,5705432.223,125497.95,8226773.0,222750.0,0.6935200743961211,-0.3548650470733757,0.3548650470733757,3138348.7519999994,Australia,China
8105,36,826,1963737.599,59071.44,2415394.669,79799.718,0.8130089977440452,-0.24371256023809745,0.24371256023809745,632811.6701750001,Australia,United Kingdom
8105,40,56,1974473.27,38157.0,1790910.201,39883.76,1.1024970815943218,0.025578680552857426,0.025578680552857426,49244.80392500013,Austria,Belgium
8105,40,124,2057764.473,45714.0,4020806.162,62000.0,0.5117790786453734,-0.52392643846942,0.52392643846942,2264602.1511499994,Austria,Canada
8105,40,276,2310196.364,33307.0,3132501.527,51053.0,0.7374924941257659,-0.3139604705806828,0.3139604705806828,1057242.7775249993,Austria,Germany
8105,40,826,2415997.417,20017.0,2421055.054,19942.0,0.9979109781119417,-0.07171071803540308,0.07171071803540308,186636.7660500002,Austria,United Kingdom
8105,56,124,20879207.108,324062.78,24485054.679,404169.0,0.8527327131479672,-0.2067602668391003,0.2067602668391003,5442226.671925001,Belgium,Canada
8105,56,276,3611983.152,156164.61,1009526.724,4124.071,3.577897509922679,2.3282767534164455,2.3282767534164455,2526741.9236999997,Belgium,Germany
8105,56,392,5146318.392,161691.71,17348074.384,625332.0,0.29665069898169283,-0.7240458614123787,0.7240458614123787,13502861.570799999,Belgium,Japan
8105,56,528,11031701.185,696854.2,13929102.398,395202.0,0.7919893809226343,-0.26326569216499135,0.26326569216499135,3942083.8928499985,Belgium,Netherlands
8105,56,842,26135336.204,2798617.05,7265393.0,106134.0,3.5972364060691553,2.3462664242503775,2.3462664242503775,18325038.729000002,Belgium,USA
8105,76,56,1321098.0,25587.0,7787051.905,430865.3,0.16965316478136405,-0.8421831025289637,0.8421831025289637,7049982.797875,Brazil,Belgium
8105,76,276,5948480.0,559512.017,2989053.335,18458.0,1.9900882765613148,0.85124490842913,0.85124490842913,2735247.6648750002,Brazil,Germany
8105,76,380,1170010.0,2448.257,1351050.547,2981.0,0.8660001674978042,-0.19441844883925186,0.19441844883925186,282369.33802499995,Brazil,Italy
8105,76,842,9055168.0,246279.781,11027020.0,83869.0,0.8211799742813561,-0.2361116518312966,0.2361116518312966,2798878.5,Brazil,USA
8105,124,276,2220282.839,5462.424,2265655.421,5612.0,0.9799737499447406,-0.08839651167931101,0.08839651167931101,215296.73857499985,Canada,Germany
8105,124,842,27158393.362,1544866.096,34901763.0,1722049.0,0.7781381519896287,-0.2761505562887175,0.2761505562887175,10361001.863000002,Canada,USA
8105,156,36,9895147.0,249375.011,8149850.392,173755.874,1.2141507541921512,0.1294425620392106,0.1294425620392106,1134057.8286000006,China,Australia
8105,156,56,2216295.0,40811.0,2130890.976,41962.44,1.0400790209174926,-0.03248463170465805,0.03248463170465805,74412.79919999978,China,Belgium
8105,156,124,65754482.0,2036498.0,61858265.944,1284553.0,1.0629861829545502,-0.011175643763209163,0.011175643763209163,743153.8897999972,China,Canada
8105,156,276,9536309.0,54265.927,8546753.561,44684.796,1.1157814405127433,0.03793622373278452,0.03793622373278452,348548.921924999,China,Germany
8105,156,392,28611114.0,858430.0,27611765.511,932496.852,1.036192850058859,-0.036099674363852016,0.036099674363852016,1071533.9243250005,China,Japan
8105,156,826,12723851.0,207874.0,11430299.837,185890.0,1.1131686116240593,0.03550568523168303,0.03550568523168303,436278.6752250008,China,United Kingdom
8105,156,842,46821618.0,532842.442,43040271.0,428230.0,1.0878560220961433,0.011959090321993958,0.011959090321993958,553326.6750000045,China,USA
8105,203,826,1468097.0,31498.944,1489369.851,32174.136,0.9857168781913257,-0.08305406679876669,0.08305406679876669,132975.58982499992,Czechia,United Kingdom
8105,203,842,3669822.0,21299.27,3398991.0,23643.0,1.0796798226297157,0.004353323376479799,0.004353323376479799,15906.67500000028,Czechia,USA
8105,246,458,1133384.686,330825.0,7602625.449,170580.0,0.14907806436118434,-0.8613227308268053,0.8613227308268053,7039437.671675,Finland,Malaysia
8105,276,40,13730957.727,228541.0,11023877.424,231651.0,1.2455651672166126,0.15866527182940693,0.15866527182940693,1880289.496199999,Germany,Austria
8105,276,56,16127619.867,314147.0,16640604.567,342902.95,0.9691727125697525,-0.09844398830720702,0.09844398830720702,1761030.042524999,Germany,Belgium
8105,276,124,19846055.802,510028.046,2940485.649,50962.0,6.749244230710408,5.27836672624224,5.27836672624224,16685033.729325,Germany,Canada
8105,276,156,6117213.267,127147.021,3069471.0,71663.549,1.9929210170091198,0.8538800158224372,0.8538800158224372,2817531.9420000003,Germany,China
8105,276,528,3765884.93,118056.137,20070312.415,467330.0,0.18763459442641667,-0.8254561912312404,0.8254561912312404,17809700.916125,Germany,Netherlands
8105,276,826,16768590.704,266556.806,32780635.705,640632.0,0.5115395215304597,-0.5241492822972468,0.5241492822972468,18470592.678874996,Germany,United Kingdom
8105,276,842,27368626.756,287616.928,31139455.0,450599.0,0.8789051303563277,-0.1824138322266719,0.1824138322266719,6106287.368999999,Germany,USA
8105,372,710,2913579.936,14158.0,2957805.354,5984.09,0.9850478943990716,-0.08367637730318929,0.08367637730318929,266060.81954999967,Ireland,South Africa
8105,372,826,1594201.909,37065.0,2418990.517,43839.0,0.65903603085518,-0.38694322711146034,0.38694322711146034,1006212.8967749998,Ireland,United Kingdom
8105,372,842,49216469.245,1221515.0,53578137.0,1227725.0,0.9185923960924584,-0.14549544549538757,0.14549544549538757,8380028.030000001,Ireland,USA
8105,380,56,5027503.339,118446.0,5122435.048,95455.13,0.9814674645729152,-0.08700700969961365,0.08700700969961365,479114.3376000002,Italy,Belgium
8105,380,276,12315924.224,157246.0,12802020.917,132297.0,0.9620296907690172,-0.10508865974975144,0.10508865974975144,1446248.261775,Italy,Germany
8105,380,528,7013668.366,194950.0,1097765.535,23474.0,6.389040411985608,4.94329340649824,4.94329340649824,5833570.415875001,Italy,Netherlands
8105,380,826,4204952.024,67252.0,8042473.645,108359.0,0.5228431213590878,-0.5136343057124764,0.5136343057124764,4440707.144374998,Italy,United Kingdom
8105,380,842,10243312.851,70239.0,6430798.0,52021.0,1.5928525279444323,0.4817232818087744,0.4817232818087744,3330205.001,Italy,USA
8105,392,36,9976982.921,245000.0,9630016.632,305000.0,1.0360296666411823,-0.03625147289192337,0.03625147289192337,375284.958399998,Japan,Australia
8105,392,56,8005109.506,133467.0,10931342.729,187512.19,0.7323079793997372,-0.3187832749769886,0.3187832749769886,3746083.9276750004,Japan,Belgium
8105,392,124,18897672.449,544980.0,15145063.384,314145.0,1.2477777061642703,0.1607234475946701,0.1607234475946701,2616729.311200002,Japan,Canada
8105,392,156,18383491.034,480905.0,18125949.0,502749.595,1.0142084717329836,-0.056550258853038576,0.056550258853038576,1101904.140999999,Japan,China
8105,392,276,4158592.918,31750.0,4819002.058,36719.676,0.862957282015753,-0.19724903998534601,0.19724903998534601,1021834.2943499996,Japan,Germany
8105,392,826,9121420.862,191754.0,8241874.814,187770.0,1.1067167444118375,0.02950394829008154,0.02950394829008154,261405.43695,Japan,United Kingdom
8105,392,842,17493862.802,185490.0,16382117.0,179177.0,1.0678633782190665,-0.006638717935751893,0.006638717935751893,116912.97299999744,Japan,USA
8105,410,36,2099244.0,115822.0,1362740.616,138548.1,1.5404574981861405,0.4329837192429215,0.4329837192429215,634297.8378000001,Rep. of Korea,Australia
8105,410,56,6085511.0,94321.505,5559030.104,93286.0,1.0947073295431824,0.018332399575053462,0.018332399575053462,109553.63819999993,Rep. of Korea,Belgium
8105,410,124,9134430.0,258153.47,63877358.872,913255.0,0.142999494050841,-0.866977214836427,0.866977214836427,59533730.78739999,Rep. of Korea,Canada
8105,410,156,14903804.0,362219.171,14498424.0,384835.0,1.0279602803725425,-0.043757878723216154,0.043757878723216154,682001.7999999989,Rep. of Korea,China
8105,410,392,20729736.0,1462318.01,8611830.48,454267.0,2.407123090513969,1.2391842702455527,1.2391842702455527,11472018.234,Rep. of Korea,Japan
8105,410,699,5863127.0,898408.985,5951176.146,875878.0,0.9852047488026076,-0.08353046623013238,0.08353046623013238,534387.356949999,Rep. of Korea,India
8105,410,826,1302668.0,24925.75,7164579.501,38647.0,0.1818205799542289,-0.8308645767867638,0.8308645767867638,6399254.963575,Rep. of Korea,United Kingdom
8105,410,842,13746176.0,124490.84,15750903.0,131299.0,0.8727230432439333,-0.18816461093587583,0.18816461093587583,3186044.7249999978,Rep. of Korea,USA
8105,458,842,2043681.485,51528.65,3634958.0,25901.0,0.5622297382803323,-0.47699559229736527,0.47699559229736527,1863898.3649999995,Malaysia,USA
8105,484,842,5512997.0,0.0,9703536.0,63913.0,0.5681430975265099,-0.47149479299859537,0.47149479299859537,4918304.199999999,Mexico,USA
8105,528,56,1046505.834,712291.0,3424157.279,107440.12,0.3056243474615232,-0.7156982814311412,0.7156982814311412,2634463.240925,Netherlands,Belgium
8105,528,124,4247491.294,123255.0,61245970.436,988096.0,0.06935135917943348,-0.9354871077400618,0.9354871077400618,61591926.92469999,Netherlands,Canada
8105,528,156,12175558.257,331992.0,79686699.0,2131621.0,0.152792855141358,-0.8578671114964111,0.8578671114964111,73487643.168,Netherlands,China
8105,528,276,3819570.587,34741.0,7602978.786,748917.336,0.502378172359667,-0.5326714675724028,0.5326714675724028,4353631.60795,Netherlands,Germany
8105,528,702,3543272.936,100092.0,5513245.269,167050.22,0.6426837122453439,-0.40215468628340095,0.40215468628340095,2383465.728175,Netherlands,Singapore
8105,528,710,6923063.462,163460.0,3017779.628,199307.0,2.294091787804991,1.1340388723767358,1.1340388723767358,3678950.3619000004,Netherlands,South Africa
8105,528,792,1856302.504,51048.0,4767226.0,135577.0,0.3893883998786716,-0.6377782326710032,0.6377782326710032,3268465.4460000005,Netherlands,Türkiye
8105,528,826,4743465.966,121255.0,21620604.958,609327.72,0.2193956170613457,-0.7959110538964226,0.7959110538964226,18498684.363849998,Netherlands,United Kingdom
8105,528,842,4862439.034,96813.0,3242709.0,33912.0,1.4994990404627735,0.39488282833746385,0.39488282833746385,1376526.8590000002,Netherlands,USA
8105,616,276,1298313.0,8415.0,1785370.502,13424.819,0.7271952788206197,-0.32353927551570244,0.32353927551570244,620960.2896499999,Poland,Germany
8105,616,842,1691480.0,13792.0,4007187.0,26398.0,0.42211157103474334,-0.6073380734560526,0.6073380734560526,2616246.0249999994,Poland,USA
8105,699,56,4464674.092,321251.0,10549896.882,746118.31,0.4231959934715123,-0.6063293083985931,0.6063293083985931,6876465.056149999,India,Belgium
8105,699,156,24667358.347,346679.455,11791871.0,245312.0,2.0918952002612645,0.9459490234988509,0.9459490234988509,11991097.022,India,China
8105,699,276,5172368.276,10211.378,5759419.783,13509.0,0.8980710680730736,-0.1645850529552804,0.1645850529552804,1019007.9907250004,India,Germany
8105,699,392,9150572.606,206874.0,4790845.727,98165.0,1.910011953511606,0.7767553055921917,0.7767553055921917,4000413.4494750006,India,Japan
8105,699,826,23492806.667,104360.0,23131708.997,113697.0,1.0156105054774305,-0.0552460414163437,0.0552460414163437,1373780.5047750026,India,United Kingdom
8105,699,842,22038291.656,302692.0,16852405.0,292894.0,1.3077238326517788,0.21648728618770116,0.21648728618770116,3921956.2809999995,India,USA
8105,702,124,10458093.989,521034.15,2756220.587,46336.0,3.7943603056760713,2.5296374936521597,2.5296374936521597,7495156.8579750005,Singapore,Canada
8105,702,842,12562257.035,54707.89,20783018.0,131566.0,0.604448162196655,-0.43772263981706505,0.43772263981706505,9779487.314999998,Singapore,USA
8105,704,392,1556350.646,10484.187,1630108.406,35354.0,0.9547528497316392,-0.11185781420312618,0.11185781420312618,196015.89044999983,Viet Nam,Japan
8105,724,276,3116922.599,34499.563,4930317.864,36453.0,0.6321950602331388,-0.41191157187615,0.41191157187615,2183169.1048000003,Spain,Germany
8105,752,56,4244421.625,82001.974,4099206.512,79023.92,1.0354251762078581,-0.036813789574085404,0.036813789574085404,162225.37540000025,Sweden,Belgium
8105,752,826,3281571.083,27665.342,3547032.91,24603.0,0.9251594688474429,-0.1393865406070298,0.1393865406070298,531489.29525,Sweden,United Kingdom
8105,764,156,1238043.506,82283.0,1255933.0,29715.0,0.9857560124624483,-0.08301766282562942,0.08301766282562942,112084.46899999981,Thailand,China
8105,764,392,5609776.45,75466.0,2588039.814,138733.0,2.1675773377418377,1.0163510118528722,1.0163510118528722,2827633.6499500005,Thailand,Japan
8105,764,842,1474898.586,16235.0,1676036.0,27777.0,0.8799921875186452,-0.18140261626172544,0.18140261626172544,326840.11400000006,Thailand,USA
8105,792,36,2715698.0,73586.0,1117061.507,36000.0,2.4311087464586674,1.2614965083336445,1.2614965083336445,1514856.8799750002,Türkiye,Australia
8105,792,56,1468660.0,25951.0,1594660.335,35011.79,0.9209860982715169,-0.14326874579393775,0.14326874579393775,245599.8601249999,Türkiye,Belgium
8105,792,156,2099145.0,31396.0,1205941.0,19380.0,1.7406697342573143,0.619227659774246,0.619227659774246,802758.425,Türkiye,China
8105,792,276,2625962.0,38603.0,3344402.355,43739.226,0.7851812435408957,-0.26959884321777144,0.26959884321777144,969270.5316249998,Türkiye,Germany
8105,792,826,2371390.0,166365.0,2288976.918,160073.447,1.0360043307348021,-0.03627504117692834,0.03627504117692834,89260.18685000017,Türkiye,United Kingdom
8105,792,842,7036415.0,102925.0,5694783.0,104427.0,1.2355896616253859,0.14938573174454509,0.14938573174454509,914523.2750000004,Türkiye,USA
8105,826,36,2205781.439,48789.0,4161442.452,52871.119,0.5300521308278324,-0.506928250392714,0.506928250392714,2267769.1969000003,United Kingdom,Australia
8105,826,124,39389598.823,1038640.0,32339690.647,646474.0,1.2179955353609415,0.13301910266134104,0.13301910266134104,4624431.377475001,United Kingdom,Canada
8105,826,156,16386542.398,390058.0,6665454.0,238149.403,2.4584285478528543,1.286910277072423,1.286910277072423,9221179.348000001,United Kingdom,China
8105,826,276,11873811.014,596597.0,13798388.746,551094.331,0.8605215603482752,-0.1995148275829997,0.1995148275829997,2959456.8879499976,United Kingdom,Germany
8105,826,372,1078220.067,106332.0,1418400.607,121711.0,0.7601661065843015,-0.29286873806111485,0.29286873806111485,446560.585525,United Kingdom,Ireland
8105,826,528,5082452.74,209823.0,10630650.303,315082.087,0.47809424589629457,-0.555261166608098,0.555261166608098,6345496.335724998,United Kingdom,Netherlands
8105,826,842,37898463.986,695684.244,29662530.0,525479.0,1.2776544679769393,0.1885157841645947,0.1885157841645947,6011244.236000001,United Kingdom,USA
8105,842,56,4324532.0,108182.0,13251473.3,451249.03,0.3263434866521596,-0.6964246635793864,0.6964246635793864,9920801.7975,USA,Belgium
8105,842,124,84029652.0,1851979.0,55220176.745,1096299.0,1.5217200840924257,0.41555356659760523,0.41555356659760523,24667961.999125004,USA,Canada
8105,842,156,6998425.0,113785.0,16451045.0,452344.0,0.4254091457411976,-0.6042705621012116,0.6042705621012116,10686448.375,USA,China
8105,842,276,16230497.0,221765.0,19487557.981,161868.21,0.8328645906185079,-0.22524224128510895,0.22524224128510895,4718627.8295749985,USA,Germany
8105,842,372,2487507.0,530016.0,4100411.73,494904.0,0.6066481036039764,-0.43567618269397546,0.43567618269397546,1920435.6097499998,USA,Ireland
8105,842,392,62397764.0,1738713.0,42207818.36,1254938.0,1.478346108007654,0.3752056818675852,0.3752056818675852,17024359.263000004,USA,Japan
8105,842,699,1410295.0,9698.0,3437242.92,82184.0,0.4102983213068921,-0.618327142970333,0.618327142970333,2284741.139,USA,India
8105,842,826,47975941.0,860429.0,46780107.732,851866.783,1.0255628583596013,-0.045988038735254665,0.045988038735254665,2312674.8118999973,USA,United Kingdom
